date, pm25, o3, so2, co
2025/6/2, 36, 23, 2, 6
2025/6/3, 36, 16, 3, 10
2025/6/4, 59, 13, 2, 9
2025/6/5, 69, 19, 3, 9
2025/6/6, 62, 14, 4, 11
2025/6/7, 59, 21, 3, 8
2025/6/8, 31, 19, 2, 9
2025/6/9, 40, 21, 2, 8
2025/6/10, 56, 21, 3, 9
2025/6/11, 56, 31, 4, 8
2025/6/12, 64, 22, 5, 7
2025/6/13, 43, 21, 2, 7
2025/6/14, 50, 16, 3, 7
2025/6/15, 48, 26, 7, 6
2025/6/16, 50, 21, 3, 7
2025/6/17, 46, 23, 7, 8
2025/6/18, 52, 27, 3, 6
2025/6/19, 34, 28, 8, 6
2025/6/20, 39, 25, 3, 8
2025/6/21, 45, , , 
2025/5/2, 55, 27, 2, 13
2025/5/3, 63, 19, 2, 10
2025/5/4, 54, 28, 2, 9
2025/5/5, 42, 12, 3, 12
2025/5/6, 52, 15, 4, 14
2025/5/7, 72, 23, 5, 12
2025/5/8, 66, 13, 4, 15
2025/5/9, 70, 27, 4, 13
2025/5/10, 71, 22, 2, 9
2025/5/11, 33, 19, 2, 6
2025/5/12, 24, 19, 3, 8
2025/5/13, 42, 20, 3, 8
2025/5/14, 58, 25, 2, 8
2025/5/15, 64, 12, 2, 9
2025/5/16, 65, 9, 1, 9
2025/5/17, 43, 12, 1, 10
2025/5/18, 37, 16, 1, 9
2025/5/19, 40, 15, 4, 14
2025/5/20, 74, 21, 6, 16
2025/5/21, 74, 20, 4, 10
2025/5/22, 51, 20, 3, 10
2025/5/23, 48, 21, 2, 7
2025/5/24, 34, 19, 2, 8
2025/5/25, 35, 22, 2, 8
2025/5/26, 46, 17, 2, 9
2025/5/27, 51, 21, 2, 7
2025/5/28, 54, 16, 5, 7
2025/5/29, 50, 21, 4, 7
2025/5/30, 45, 18, 3, 8
2025/5/31, 50, 13, 2, 9
2025/6/1, 49, 20, 2, 7
2025/4/2, 82, 28, 2, 9
2025/4/3, 64, 22, 4, 11
2025/4/4, 68, 19, 3, 12
2025/4/5, 72, 23, 4, 13
2025/4/6, 73, 14, 2, 7
2025/4/7, 38, 16, 5, 11
2025/4/8, 53, 15, 3, 13
2025/4/9, 57, 21, 5, 11
2025/4/10, 65, 12, 2, 10
2025/4/11, 52, 6, 5, 17
2025/4/12, 72, 17, 6, 15
2025/4/13, 70, 24, 3, 10
2025/4/14, 54, 29, 4, 11
2025/4/15, 58, 30, 5, 10
2025/4/16, 58, 32, 6, 10
2025/4/17, 63, 24, 2, 8
2025/4/18, 51, 30, 2, 7
2025/4/19, 37, 42, 3, 7
2025/4/20, 40, , , 
2025/4/22, 51, 28, 3, 9
2025/4/23, 54, 28, 3, 8
2025/4/24, 50, 19, 4, 12
2025/4/25, 80, 22, 3, 12
2025/4/26, 66, 18, 2, 
2025/4/27, 63, 25, 2, 
2025/4/28, 35, 7, 5, 
2025/4/29, 61, 17, 5, 11
2025/4/30, 75, 20, 2, 10
2025/5/1, 52, 19, 2, 10
2025/1/17, 42, 9, , 6
2025/1/18, 46, 11, , 8
2025/1/19, 47, 17, , 6
2025/1/20, 35, 10, , 9
2025/1/21, 56, 16, , 10
2025/1/22, 76, 20, , 8
2025/1/23, 64, 40, 1, 16
2025/1/24, 84, , , 
2025/1/28, 49, 12, , 8
2025/1/29, 54, 10, , 9
2025/1/30, 52, 10, , 11
2025/1/31, 57, 27, 2, 17
2025/2/1, 73, , , 
2025/2/4, 49, 9, , 11
2025/2/5, 59, 11, , 11
2025/2/6, 60, 9, , 11
2025/2/7, 63, 8, , 11
2025/2/8, 76, 5, , 11
2025/2/9, 57, 10, , 10
2025/2/10, 39, 7, , 11
2025/2/11, 42, 5, 9, 13
2025/2/12, 45, 6, , 9
2025/2/13, 52, 6, 12, 14
2025/2/14, 40, , , 
2025/2/16, 37, 7, , 6
2025/2/17, 29, 1, 6, 13
2025/2/18, 43, 7, 1, 8
2025/2/19, 43, 18, 2, 8
2025/2/20, 48, 13, 3, 11
2025/2/21, 64, 14, 3, 12
2025/2/22, 71, , , 
2025/2/25, 54, 22, 3, 10
2025/2/26, 60, 6, 2, 8
2025/2/27, 50, 20, 4, 10
2025/2/28, 70, 14, 4, 12
2025/3/1, 63, 12, 2, 9
2025/3/2, 39, 23, 1, 7
2025/3/3, 31, 19, 2, 10
2025/3/4, 45, 21, 1, 7
2025/3/5, 44, 20, 2, 9
2025/3/6, 40, 21, 2, 9
2025/3/7, 42, 19, 3, 11
2025/3/8, 51, 25, 2, 9
2025/3/9, 47, 16, 1, 10
2025/3/10, 41, 25, 2, 10
2025/3/11, 55, 9, 4, 13
2025/3/12, 62, 16, 4, 16
2025/3/13, 79, 10, 4, 13
2025/3/14, 65, 13, 6, 11
2025/3/15, 65, 27, 3, 10
2025/3/16, 44, 29, 2, 9
2025/3/17, 51, 14, 2, 9
2025/3/18, 42, 16, 2, 11
2025/3/19, 56, 19, 3, 14
2025/3/20, 71, 20, 4, 12
2025/3/21, 61, 20, 4, 13
2025/3/22, 64, 15, 2, 10
2025/3/23, 45, 29, 3, 9
2025/3/24, 40, 24, 3, 9
2025/3/25, 58, 21, 4, 10
2025/3/26, 65, 18, 2, 9
2025/3/27, 56, 13, 3, 11
2025/3/28, 51, 11, 5, 11
2025/3/29, 69, 24, 3, 12
2025/3/30, 63, 13, 1, 9
2025/3/31, 42, 16, 2, 12
2025/4/1, 49, 19, 5, 12
2022/4/2, 57, 30, 5, 8
2022/4/3, 59, 31, 7, 8
2022/4/4, 54, 25, 8, 7
2022/4/5, 70, 22, 6, 8
2022/4/6, 63, 29, 7, 10
2022/4/7, 67, 29, 5, 8
2022/4/8, 78, 23, 8, 11
2022/4/9, 78, 22, 4, 8
2022/4/10, 60, 23, 3, 7
2022/4/11, 41, 17, 4, 8
2022/4/12, 51, 21, 7, 9
2022/4/13, 67, , 8, 12
2022/4/14, 62, , , 
2022/4/29, 89, 21, 7, 8
2022/4/30, 59, 20, 5, 6
2022/5/1, 44, 30, 4, 5
2022/5/2, 40, 28, 6, 6
2022/5/3, 49, 32, 6, 8
2022/5/4, 54, 24, 9, 9
2022/5/5, 72, 4, 3, 6
2022/5/6, 62, , , 
2022/1/4, 72, 46, 4, 7
2022/1/5, 77, 13, 1, 6
2022/1/6, 43, , , 
2022/2/12, 50, 29, 5, 8
2022/2/13, 52, 32, 2, 6
2022/2/14, 46, 31, 5, 8
2022/2/15, 54, 30, 8, 8
2022/2/16, 71, 61, 10, 7
2022/2/17, 87, 56, 4, 7
2022/2/18, 71, 23, 6, 7
2022/2/19, 67, 23, 3, 6
2022/2/20, 46, 21, 4, 6
2022/2/21, 46, 28, 4, 6
2022/2/22, 56, 32, 15, 7
2022/2/23, 74, 30, 9, 9
2022/2/24, 91, 37, 5, 7
2022/2/25, 54, 13, 7, 8
2022/2/26, 66, 5, 8, 8
2022/2/27, 62, 5, 6, 7
2022/2/28, 62, , 5, 8
2022/3/1, 62, , 3, 7
2022/3/2, 47, , 7, 8
2022/3/3, 61, 28, 5, 8
2022/3/4, 57, 42, 13, 8
2022/3/5, 55, 25, 6, 10
2022/3/6, 60, 28, 4, 7
2022/3/7, 46, 18, 5, 8
2022/3/8, 50, 17, 7, 8
2022/3/9, 61, 25, 14, 9
2022/3/10, 76, 30, 13, 8
2022/3/11, 67, 22, 8, 8
2022/3/12, 67, 17, 4, 9
2022/3/13, 49, 37, 11, 8
2022/3/14, 60, 33, 9, 9
2022/3/15, 65, 34, 2, 7
2022/3/16, 60, 25, 3, 7
2022/3/17, 52, 30, 4, 10
2022/3/18, 66, 31, 8, 10
2022/3/19, 76, 29, 4, 9
2022/3/20, 62, 27, 3, 8
2022/3/21, 57, 22, 5, 10
2022/3/22, 58, 39, 11, 12
2022/3/23, 79, 31, 6, 9
2022/3/24, 67, 25, 4, 9
2022/3/25, 61, 26, 9, 11
2022/3/26, 80, 19, 5, 11
2022/3/27, 63, 24, 6, 12
2022/3/28, 77, 29, 8, 12
2022/3/29, 71, 8, 2, 7
2022/3/30, 51, 22, 9, 11
2022/3/31, 73, 39, 17, 12
2022/4/1, 85, 20, 6, 8
2021/10/2, 78, 47, 8, 11
2021/10/3, 81, 46, 6, 9
2021/10/4, 111, 33, 7, 9
2021/10/5, 89, 28, 7, 8
2021/10/6, 75, 27, 11, 8
2021/10/7, 73, 33, 6, 8
2021/10/8, 58, 42, 8, 9
2021/10/9, 69, 40, 4, 7
2021/10/10, 59, 32, 5, 9
2021/10/11, 60, 46, 7, 12
2021/10/12, 71, 46, 9, 10
2021/10/13, 64, 47, 6, 9
2021/10/14, 65, 37, 7, 10
2021/10/15, 73, 38, 11, 10
2021/10/16, 79, 38, 6, 10
2021/10/17, 65, 35, 5, 9
2021/10/18, 64, 41, 11, 11
2021/10/19, 75, 40, 7, 9
2021/10/20, 81, 39, 8, 8
2021/10/21, 70, 32, 7, 11
2021/10/22, 63, 33, 12, 13
2021/10/23, 80, 32, 5, 10
2021/10/24, 54, 72, 11, 13
2021/10/25, 81, 50, 8, 9
2021/10/26, 62, 36, 8, 11
2021/10/27, 76, 32, 8, 10
2021/10/28, 72, 34, 10, 10
2021/10/29, 75, 35, 7, 10
2021/10/30, 68, 38, 6, 7
2021/10/31, 83, 34, 4, 4
2021/11/1, 59, 31, 4, 5
2021/11/2, 52, 35, 4, 2
2021/11/3, 49, 44, 7, 2
2021/11/4, 63, 35, 12, 4
2021/11/5, 73, 13, 19, 7
2021/11/6, 61, 34, 5, 7
2021/11/7, 61, 36, 3, 6
2021/11/8, 68, 34, 3, 5
2021/11/9, 64, 18, 4, 7
2021/11/10, 57, 20, 4, 7
2021/11/11, 60, 41, 17, 9
2021/11/12, 83, 25, 5, 8
2021/11/13, 72, 17, 4, 8
2021/11/14, 68, 38, 2, 6
2021/11/15, 57, 27, 5, 6
2021/11/16, 68, 25, 4, 6
2021/11/17, 60, 24, 7, 9
2021/11/18, 56, 33, 3, 6
2021/11/19, 48, 21, 4, 6
2021/11/20, 46, 26, 4, 7
2021/11/21, 55, 34, 3, 6
2021/11/22, 56, 17, 6, 7
2021/11/23, 74, 23, 5, 9
2021/11/24, 73, 24, 5, 8
2021/11/25, 57, 22, 10, 12
2021/11/26, 73, 41, 7, 11
2021/11/27, 82, 39, 7, 14
2021/11/28, 65, 54, 11, 11
2021/11/29, 73, 25, 4, 7
2021/11/30, 56, 20, 8, 13
2021/12/1, 83, 25, 10, 11
2021/12/2, 87, 39, 9, 7
2021/12/3, 77, 35, 11, 10
2021/12/4, 84, 35, 8, 9
2021/12/5, 67, 32, 5, 8
2021/12/6, 54, 33, 5, 7
2021/12/7, 54, 32, 10, 8
2021/12/8, 54, 23, 6, 8
2021/12/9, 75, 28, 5, 7
2021/12/10, 62, 27, 4, 8
2021/12/11, 67, 23, 5, 9
2021/12/12, 46, 15, 3, 7
2021/12/13, 40, 15, 4, 7
2021/12/14, 51, 12, 5, 7
2021/12/15, 52, 21, 6, 9
2021/12/16, 64, 18, 5, 8
2021/12/17, 63, 10, 4, 10
2021/12/18, 54, 14, 3, 9
2021/12/19, 65, 21, 4, 6
2021/12/20, 53, 13, 2, 7
2021/12/21, 55, 12, 1, 7
2021/12/22, 50, 22, 2, 7
2021/12/23, 53, 43, 1, 6
2021/12/24, 60, 37, 1, 7
2021/12/25, 63, 35, 1, 6
2021/12/26, 49, 33, 4, 7
2021/12/27, 70, 37, 3, 7
2021/12/28, 76, 40, 4, 9
2021/12/29, 79, 22, 2, 7
2021/12/30, 66, 29, 6, 8
2021/12/31, 74, 40, 3, 7
2022/1/1, 67, 44, 4, 6
2022/1/2, 90, 31, 3, 6
2022/1/3, 56, 38, 8, 7
2021/7/2, 44, 30, 7, 9
2021/7/3, 56, 30, 10, 8
2021/7/4, 52, 41, 4, 5
2021/7/5, 38, 52, 6, 6
2021/7/6, 57, 20, 7, 4
2021/7/7, 36, , , 
2021/8/6, 59, 33, 6, 7
2021/8/7, 57, 31, 6, 8
2021/8/8, 58, 44, 8, 7
2021/8/9, 64, 36, 7, 9
2021/8/10, 74, 32, 6, 7
2021/8/11, 45, 36, 5, 6
2021/8/12, 51, 29, 8, 7
2021/8/13, 65, 35, 6, 6
2021/8/14, 63, 39, 7, 11
2021/8/15, 80, 38, 4, 7
2021/8/16, 67, 33, 6, 8
2021/8/17, 69, 31, 7, 9
2021/8/18, 64, 36, 6, 7
2021/8/19, 63, 42, 6, 7
2021/8/20, 57, 46, 10, 8
2021/8/21, 71, 41, 10, 11
2021/8/22, 58, 37, 6, 7
2021/8/23, 46, 31, 6, 7
2021/8/24, 62, 33, 12, 9
2021/8/25, 71, 29, 7, 8
2021/8/26, 64, 36, 6, 8
2021/8/27, 64, 41, 9, 8
2021/8/28, 78, 34, 9, 9
2021/8/29, 64, 35, 9, 10
2021/8/30, 59, 29, 8, 9
2021/8/31, 60, 47, 11, 13
2021/9/1, 74, 45, 9, 6
2021/9/2, 46, 38, 7, 5
2021/9/3, 51, 39, 12, 9
2021/9/4, 63, 43, 9, 7
2021/9/5, 51, 45, 5, 6
2021/9/6, 47, 26, 9, 9
2021/9/7, 50, 45, 11, 9
2021/9/8, 61, 36, 18, 11
2021/9/9, 88, 42, 12, 12
2021/9/10, 65, 50, 9, 7
2021/9/11, 70, 36, 7, 8
2021/9/12, 67, 34, 6, 8
2021/9/13, 59, 45, 9, 8
2021/9/14, 62, 50, 19, 10
2021/9/15, 67, 57, 9, 6
2021/9/16, 59, 59, 7, 6
2021/9/17, 49, 71, 6, 6
2021/9/18, 47, 61, 7, 8
2021/9/19, 53, 61, 8, 9
2021/9/20, 59, 46, 7, 9
2021/9/21, 64, 39, 8, 10
2021/9/22, 67, 36, 12, 10
2021/9/23, 66, 50, 6, 6
2021/9/24, 68, 50, 6, 7
2021/9/25, 51, 74, 4, 6
2021/9/26, 29, 68, 4, 6
2021/9/27, 32, 68, 7, 7
2021/9/28, 48, 51, 7, 7
2021/9/29, 55, 39, 4, 6
2021/9/30, 66, 34, 2, 8
2021/10/1, 59, 38, 12, 12
2021/4/2, 57, 29, 3, 6
2021/4/3, 52, 22, 2, 9
2021/4/4, 55, 21, 4, 9
2021/4/5, 51, 31, 5, 9
2021/4/6, 65, 27, 4, 8
2021/4/7, 56, 31, 7, 9
2021/4/8, 71, 30, 2, 6
2021/4/9, 51, 25, 3, 8
2021/4/10, 65, 28, 5, 9
2021/4/11, 72, 35, 5, 8
2021/4/12, 58, 11, 3, 6
2021/4/13, 36, 25, 4, 5
2021/4/14, 53, 27, 4, 5
2021/4/15, 42, 23, 4, 7
2021/4/16, 62, 39, 8, 8
2021/4/17, 68, 12, 7, 13
2021/4/18, 72, 38, 13, 9
2021/4/19, 62, 13, 6, 12
2021/4/20, 65, 25, 11, 10
2021/4/21, 66, 28, 7, 10
2021/4/22, 62, 30, 12, 9
2021/4/23, 75, 30, 5, 8
2021/4/24, 58, 50, 3, 4
2021/4/25, 118, 45, 2, 3
2021/4/26, 60, 26, 3, 8
2021/4/27, 54, 16, 8, 13
2021/4/28, 65, 17, 4, 11
2021/4/29, 59, 25, 6, 9
2021/4/30, 64, 14, 3, 10
2021/5/1, 51, 28, 2, 6
2021/5/2, 54, 29, 1, 5
2021/5/3, 50, 16, 6, 12
2021/5/4, 61, 32, 10, 12
2021/5/5, 70, 26, 3, 8
2021/5/6, 54, 24, 3, 7
2021/5/7, 52, 26, 12, 10
2021/5/8, 74, 29, 2, 5
2021/5/9, 45, 22, 2, 4
2021/5/10, 52, 17, 2, 4
2021/5/11, 39, 18, 4, 6
2021/5/12, 42, 13, 10, 10
2021/5/13, 60, 18, 7, 8
2021/5/14, 58, 25, 5, 7
2021/5/15, 67, 27, 2, 5
2021/5/16, 55, 22, , 4
2021/5/17, 43, 14, 4, 8
2021/5/18, 54, 18, 8, 10
2021/5/19, 50, 27, 9, 7
2021/5/20, 59, 29, 7, 7
2021/5/21, 57, 30, 7, 7
2021/5/22, 72, 22, 3, 6
2021/5/23, 43, 24, 2, 5
2021/5/24, 41, 25, 3, 6
2021/5/25, 50, 20, 4, 7
2021/5/26, 63, 24, 4, 5
2021/5/27, 51, 23, 5, 7
2021/5/28, 52, 35, 7, 7
2021/5/29, 62, 31, 3, 9
2021/5/30, 69, 28, 4, 8
2021/5/31, 62, 23, 13, 12
2021/6/1, 80, 20, 10, 12
2021/6/2, 70, 29, 11, 8
2021/6/3, 68, 31, 9, 6
2021/6/4, 48, 27, 8, 7
2021/6/5, 50, 26, 7, 9
2021/6/6, 57, 21, 6, 7
2021/6/7, 53, 14, 5, 7
2021/6/8, 51, 10, 7, 8
2021/6/9, 60, 23, 7, 8
2021/6/10, 65, 32, 9, 8
2021/6/11, 69, 32, 9, 11
2021/6/12, 89, 32, 8, 9
2021/6/13, 61, 21, 5, 8
2021/6/14, 41, 20, 6, 9
2021/6/15, 63, 12, 5, 9
2021/6/16, 64, 26, 10, 9
2021/6/17, 70, 28, 8, 7
2021/6/18, 58, 24, 6, 8
2021/6/19, 58, 12, 5, 7
2021/6/20, 69, , , 
2021/6/22, 39, 32, 10, 7
2021/6/23, 57, 27, 4, 6
2021/6/24, 55, 28, 11, 7
2021/6/25, 57, 37, 4, 6
2021/6/26, 61, 26, 6, 8
2021/6/27, 65, 35, 7, 7
2021/6/28, 59, 26, 9, 9
2021/6/29, 60, 37, 8, 7
2021/6/30, 49, 24, 6, 6
2021/7/1, 40, 33, 12, 6
2021/1/5, 48, 17, 4, 7
2021/1/6, 49, 20, 8, 7
2021/1/7, 57, 35, 4, 6
2021/1/8, 52, 21, 7, 10
2021/1/9, 61, 28, 4, 8
2021/1/10, 61, 32, 3, 7
2021/1/11, 56, 29, 7, 9
2021/1/12, 65, 27, 7, 9
2021/1/13, 60, 30, 6, 8
2021/1/14, 55, 29, 7, 8
2021/1/15, 65, 32, 4, 8
2021/1/16, 58, 29, 3, 7
2021/1/17, 45, 34, 2, 7
2021/1/18, 50, 28, 4, 8
2021/1/19, 58, 33, 5, 8
2021/1/20, 58, 34, 4, 8
2021/1/21, 59, 28, 4, 7
2021/1/22, 56, 14, 4, 7
2021/1/23, 63, 28, 4, 8
2021/1/24, 56, 28, 3, 6
2021/1/25, 50, 25, 6, 8
2021/1/26, 68, 24, 4, 7
2021/1/27, 61, 33, 4, 5
2021/1/28, 54, 31, 3, 5
2021/1/29, 58, 28, 3, 6
2021/1/30, 55, 36, 3, 6
2021/1/31, 48, 36, 3, 5
2021/2/1, 46, 29, 4, 7
2021/2/2, 61, 30, 3, 7
2021/2/3, 59, 31, 6, 8
2021/2/4, 62, 33, 5, 8
2021/2/5, 59, 23, 4, 8
2021/2/6, 65, 32, 5, 9
2021/2/7, 67, 31, , 9
2021/2/8, 55, 27, 7, 8
2021/2/9, 62, 33, 6, 8
2021/2/10, 58, 25, 5, 8
2021/2/11, 55, 20, 3, 7
2021/2/12, 44, 19, 4, 8
2021/2/13, 65, 6, 3, 6
2021/2/14, 69, , , 
2021/2/16, 70, 29, 2, 4
2021/2/17, 51, 28, 3, 5
2021/2/18, 39, 22, 3, 6
2021/2/19, 50, 14, 4, 7
2021/2/20, 45, 23, 4, 7
2021/2/21, 53, 25, 4, 5
2021/2/22, 54, 14, 4, 8
2021/2/23, 57, 34, 6, 9
2021/2/24, 81, 29, 5, 8
2021/2/25, 59, 26, 4, 7
2021/2/26, 58, 20, 4, 7
2021/2/27, 53, 26, 4, 8
2021/2/28, 67, 28, 3, 7
2021/3/1, 54, 23, 4, 7
2021/3/2, 53, 16, 5, 8
2021/3/3, 58, 19, 4, 9
2021/3/4, 60, 27, 5, 11
2021/3/5, 62, 20, 6, 11
2021/3/6, 69, 40, 7, 13
2021/3/7, 72, 35, 4, 9
2021/3/8, 71, 18, 4, 8
2021/3/9, 54, 10, 5, 8
2021/3/10, 58, 14, 5, 8
2021/3/11, 58, 12, 8, 8
2021/3/12, 69, 18, 5, 6
2021/3/13, 64, 23, 6, 12
2021/3/14, 73, 28, 5, 7
2021/3/15, 52, 19, 6, 9
2021/3/16, 70, 33, 6, 8
2021/3/17, 54, 27, 11, 11
2021/3/18, 75, 30, 5, 8
2021/3/19, 57, 27, 6, 10
2021/3/20, 67, 26, 5, 8
2021/3/21, 60, 31, 9, 8
2021/3/22, 54, 21, 4, 6
2021/3/23, 52, 24, 5, 9
2021/3/24, 56, 43, 10, 10
2021/3/25, 64, 40, 16, 10
2021/3/26, 76, 36, 7, 9
2021/3/27, 70, 33, 6, 9
2021/3/28, 74, 35, 11, 8
2021/3/29, 62, 24, 5, 8
2021/3/30, 66, 21, 7, 7
2021/3/31, 51, 26, 8, 8
2021/4/1, 59, 31, 9, 8
2020/10/2, 48, 54, 7, 6
2020/10/3, 55, 33, 7, 8
2020/10/4, 78, 45, 5, 6
2020/10/5, 48, 55, 4, 4
2020/10/6, 40, 70, 6, 6
2020/10/7, 51, 65, 3, 5
2020/10/8, 46, 76, 3, 5
2020/10/9, 42, 79, 2, 4
2020/10/10, 51, 86, 3, 5
2020/10/11, 57, 83, 3, 4
2020/10/12, 47, 74, 3, 4
2020/10/13, 34, 63, 4, 5
2020/10/14, 44, 53, 6, 6
2020/10/15, 60, 53, 6, 6
2020/10/16, 51, 43, 5, 7
2020/10/17, 47, 33, 4, 7
2020/10/18, 40, 43, 4, 7
2020/10/19, 58, 38, 6, 11
2020/10/20, 63, 40, 9, 12
2020/10/21, 78, 32, 13, 8
2020/10/22, 55, 45, 6, 5
2020/10/23, 37, 42, 6, 7
2020/10/24, 50, 40, 7, 10
2020/10/25, 66, 54, 5, 9
2020/10/26, 66, 52, 3, 7
2020/10/27, 64, 25, 5, 9
2020/10/28, 65, 36, 3, 7
2020/10/29, 54, 39, 2, 6
2020/10/30, 60, 29, 5, 7
2020/10/31, 63, 39, 7, 9
2020/11/1, 70, 42, 5, 7
2020/11/2, 63, 45, 10, 7
2020/11/3, 60, 41, 18, 8
2020/11/4, 65, 45, 21, 8
2020/11/5, 73, 50, 18, 7
2020/11/6, 87, 44, 16, 8
2020/11/7, 91, 58, 9, 5
2020/11/8, 73, 69, 2, 5
2020/11/9, 63, 54, 4, 5
2020/11/10, 63, 44, 13, 9
2020/11/11, 92, 39, 15, 7
2020/11/12, 88, 28, 15, 8
2020/11/13, 82, 41, 8, 8
2020/11/14, 97, 33, 13, 8
2020/11/15, 106, 42, 22, 8
2020/11/16, 100, 36, 14, 9
2020/11/17, 106, 34, 14, 9
2020/11/18, 93, 22, 10, 8
2020/11/19, 83, 19, 10, 10
2020/11/20, 83, 16, 8, 11
2020/11/21, 61, 30, 13, 13
2020/11/22, 84, 50, 13, 11
2020/11/23, 80, 25, 13, 12
2020/11/24, 73, 26, 7, 7
2020/11/25, 48, 39, 7, 8
2020/11/26, 43, 33, 6, 8
2020/11/27, 61, 28, 10, 12
2020/11/28, 67, 29, 9, 13
2020/11/29, 78, 51, 7, 10
2020/11/30, 67, 35, 6, 8
2020/12/1, 67, 31, 7, 6
2020/12/2, 54, 21, 9, 8
2020/12/3, 56, 25, 7, 7
2020/12/4, 64, 28, 6, 8
2020/12/5, 51, 29, 7, 10
2020/12/6, 64, 32, 4, 6
2020/12/7, 38, 34, 5, 7
2020/12/8, 53, 21, 5, 6
2020/12/9, 45, 31, 7, 7
2020/12/10, 60, 36, 5, 8
2020/12/11, 63, 34, 8, 10
2020/12/12, 71, 32, 14, 13
2020/12/13, 76, 37, 7, 8
2020/12/14, 61, 35, 9, 7
2020/12/15, 56, 34, 10, 10
2020/12/16, 66, 37, 15, 11
2020/12/17, 69, 19, 12, 9
2020/12/18, 72, 25, 5, 9
2020/12/19, 60, 30, 2, 7
2020/12/20, 55, 35, 2, 7
2020/12/21, 47, 27, 6, 8
2020/12/22, 61, 30, 6, 7
2020/12/23, 72, 30, 8, 9
2020/12/24, 66, 29, 4, 9
2020/12/25, 63, 25, 2, 7
2020/12/26, 52, 21, 3, 7
2020/12/27, 45, 30, 2, 6
2020/12/28, 42, 19, 2, 7
2020/12/29, 50, 24, 3, 8
2020/12/30, 58, 27, 4, 9
2020/12/31, 55, 30, 6, 12
2021/1/1, 88, 44, 7, 12
2021/1/2, 154, 28, 2, 7
2021/1/3, 51, 21, 2, 8
2021/1/4, 42, 17, 4, 8
2020/7/2, 68, 27, 6, 7
2020/7/3, 60, 22, 7, 8
2020/7/4, 66, 22, 5, 7
2020/7/5, 67, 38, 4, 5
2020/7/6, 56, 33, 6, 8
2020/7/7, 71, 31, 6, 8
2020/7/8, 61, 31, 7, 9
2020/7/9, 66, 34, 9, 9
2020/7/10, 67, 38, 4, 7
2020/7/11, 62, 47, 3, 9
2020/7/12, 64, 57, 2, 7
2020/7/13, 59, 31, 4, 9
2020/7/14, 54, 43, 12, 10
2020/7/15, 70, 47, 4, 4
2020/7/16, 44, 48, 4, 3
2020/7/17, 37, 56, 4, 4
2020/7/18, 47, 42, 2, 3
2020/7/19, 36, 35, 3, 4
2020/7/20, 39, 31, 4, 5
2020/7/21, 51, 34, 6, 6
2020/7/22, 55, 29, 5, 7
2020/7/23, 68, 30, 4, 6
2020/7/24, 49, 26, 6, 7
2020/7/25, 59, 29, 7, 8
2020/7/26, 61, 33, 3, 5
2020/7/27, 59, 13, 5, 6
2020/7/28, 46, 30, 17, 8
2020/7/29, 69, 28, 12, 5
2020/7/30, 55, 27, 8, 5
2020/7/31, 50, 33, 4, 4
2020/8/1, 43, 38, 3, 3
2020/8/2, 44, 46, 2, 2
2020/8/3, 40, 41, 5, 4
2020/8/4, 57, 46, 6, 4
2020/8/5, 48, 41, 6, 4
2020/8/6, 45, 33, 8, 6
2020/8/7, 45, 35, 5, 4
2020/8/8, 49, 37, 3, 5
2020/8/9, 45, 35, 2, 4
2020/8/10, 38, 39, 4, 5
2020/8/11, 47, 42, 10, 6
2020/8/12, 62, 35, 11, 7
2020/8/13, 70, 32, 8, 6
2020/8/14, 68, 35, 3, 6
2020/8/15, 66, 31, 4, 6
2020/8/16, 62, 53, 4, 5
2020/8/17, 56, 45, 7, 6
2020/8/18, 63, 32, 4, 7
2020/8/19, 70, 31, 3, 6
2020/8/20, 58, 29, 4, 6
2020/8/21, 54, 30, 4, 6
2020/8/22, 47, 45, 6, 7
2020/8/23, 52, 55, 4, 6
2020/8/24, 57, 45, 7, 8
2020/8/25, 68, 37, 6, 7
2020/8/26, 67, 38, 8, 7
2020/8/27, 61, 55, 7, 7
2020/8/28, 58, 31, 4, 6
2020/8/29, 58, 29, 6, 6
2020/8/30, 64, 63, 6, 6
2020/8/31, 55, 57, 7, 7
2020/9/1, 69, 36, 7, 5
2020/9/2, 50, 44, 7, 7
2020/9/3, 61, 47, 8, 6
2020/9/4, 59, 41, 6, 6
2020/9/5, 52, 44, 5, 6
2020/9/6, 50, 62, 5, 5
2020/9/7, 59, 47, 5, 6
2020/9/8, 55, 47, 6, 6
2020/9/9, 56, 60, 9, 8
2020/9/10, 50, 59, 7, 9
2020/9/11, 56, 60, 6, 8
2020/9/12, 60, 46, 6, 6
2020/9/13, 58, 43, 4, 4
2020/9/14, 49, 48, 3, 3
2020/9/15, 39, 39, 8, 6
2020/9/16, 53, 43, 19, 11
2020/9/17, 83, 44, 10, 10
2020/9/18, 70, 43, 10, 10
2020/9/19, 77, 38, 17, 17
2020/9/20, 86, 39, 6, 8
2020/9/21, 70, 54, 5, 7
2020/9/22, 64, 61, 7, 7
2020/9/23, 50, 51, 7, 7
2020/9/24, 57, , , 
2020/10/1, 40, 42, 9, 5
2020/4/2, 33, , 2, 4
2020/4/3, 44, , 3, 4
2020/4/4, 43, , 3, 5
2020/4/5, 43, , 2, 4
2020/4/6, 52, , 3, 4
2020/4/7, 43, , 2, 4
2020/4/8, 48, , 1, 4
2020/4/9, 49, , 1, 5
2020/4/10, 57, , 2, 5
2020/4/11, 54, , , 4
2020/4/12, 53, , 1, 4
2020/4/13, 49, , 1, 4
2020/4/14, 52, , 1, 4
2020/4/15, 42, , 1, 5
2020/4/16, 41, , 3, 6
2020/4/17, 63, , 3, 7
2020/4/18, 68, , 1, 6
2020/4/19, 45, , 1, 5
2020/4/20, 51, , 3, 4
2020/4/21, 52, , 3, 4
2020/4/22, 51, , 1, 4
2020/4/23, 48, , 1, 4
2020/4/24, 50, , 2, 4
2020/4/25, 47, , 1, 4
2020/4/26, 55, , 1, 4
2020/4/27, 50, , 3, 6
2020/4/28, 54, , 4, 6
2020/4/29, 58, , 2, 5
2020/4/30, 51, , 3, 6
2020/5/1, 57, , 3, 6
2020/5/2, 67, , 4, 5
2020/5/3, 56, , 7, 5
2020/5/4, 52, , 4, 7
2020/5/5, 67, , 7, 8
2020/5/6, 62, , 7, 7
2020/5/7, 57, , 3, 6
2020/5/8, 52, , 3, 5
2020/5/9, 40, , 3, 5
2020/5/10, 46, , 3, 5
2020/5/11, 45, , 2, 4
2020/5/12, 43, , 3, 5
2020/5/13, 46, , 3, 3
2020/5/14, 52, 44, 6, 8
2020/5/15, 75, 42, 4, 5
2020/5/16, 49, 26, 3, 4
2020/5/17, 41, 13, 2, 3
2020/5/18, 59, 27, 3, 5
2020/5/19, 64, 12, 11, 14
2020/5/20, 53, , , 
2020/5/23, 49, 30, 4, 4
2020/5/24, 46, 31, 3, 3
2020/5/25, 35, 28, 3, 4
2020/5/26, 42, 28, 3, 4
2020/5/27, 48, 33, 2, 3
2020/5/28, 40, 35, 7, 6
2020/5/29, 48, 28, 3, 5
2020/5/30, 49, 25, 2, 4
2020/5/31, 45, 32, 2, 4
2020/6/1, 48, 25, 4, 6
2020/6/2, 48, 22, 4, 6
2020/6/3, 53, 26, 5, 8
2020/6/4, 62, 38, 6, 7
2020/6/5, 63, 26, 6, 6
2020/6/6, 59, 45, 4, 5
2020/6/7, 49, 37, 2, 3
2020/6/8, 48, 39, 3, 4
2020/6/9, 43, 48, 5, 5
2020/6/10, 56, 46, 13, 7
2020/6/11, 65, 55, 6, 6
2020/6/12, 67, 46, 4, 7
2020/6/13, 66, 39, 13, 8
2020/6/14, 84, 30, 4, 6
2020/6/15, 53, 27, 4, 5
2020/6/16, 38, 27, 13, 8
2020/6/17, 63, 30, 6, 6
2020/6/18, 49, 25, 5, 5
2020/6/19, 51, 20, 7, 9
2020/6/20, 65, 18, 6, 8
2020/6/21, 57, 29, 3, 5
2020/6/22, 48, 32, 4, 6
2020/6/23, 51, 29, 8, 7
2020/6/24, 59, 38, 9, 8
2020/6/25, 62, 29, 7, 7
2020/6/26, 63, 27, 8, 8
2020/6/27, 58, 44, 5, 7
2020/6/28, 58, 40, 4, 5
2020/6/29, 55, 33, 6, 7
2020/6/30, 64, 45, 6, 6
2020/7/1, 53, 32, 7, 7
2020/1/2, 71, 16, 5, 7
2020/1/3, 51, 26, 6, 9
2020/1/4, 59, 42, 7, 8
2020/1/5, 69, 31, 3, 4
2020/1/6, 38, 22, 5, 5
2020/1/7, 46, 28, 10, 9
2020/1/8, 79, 60, 8, 7
2020/1/9, 70, 33, 10, 7
2020/1/10, 66, 32, 8, 8
2020/1/11, 50, 28, 7, 8
2020/1/12, 56, , , 
2020/1/14, 51, 44, 10, 7
2020/1/15, 60, 32, 11, 8
2020/1/16, 75, 29, 5, 5
2020/1/17, 49, 32, 6, 6
2020/1/18, 49, 28, 6, 6
2020/1/19, 42, 28, 7, 6
2020/1/20, 43, 25, 6, 7
2020/1/21, 53, 14, 6, 8
2020/1/22, 61, 14, 4, 6
2020/1/23, 60, 27, 4, 7
2020/1/24, 59, 32, 3, 6
2020/1/25, 57, 26, 8, 11
2020/1/26, 78, 28, 3, 6
2020/1/27, 59, 25, 3, 7
2020/1/28, 71, 23, 6, 9
2020/1/29, 69, 17, 4, 8
2020/1/30, 71, 30, 8, 11
2020/1/31, 78, 48, 7, 11
2020/2/1, 76, 14, 9, 15
2020/2/2, 92, 35, 7, 11
2020/2/3, 66, 39, 5, 9
2020/2/4, 77, 30, 5, 6
2020/2/5, 71, 50, 8, 8
2020/2/6, 89, 44, 11, 8
2020/2/7, 95, 37, 8, 8
2020/2/8, 92, , , 
2020/2/13, 85, 41, 7, 9
2020/2/14, 78, 45, 10, 10
2020/2/15, 93, 52, 4, 9
2020/2/16, 72, 40, 4, 8
2020/2/17, 75, 39, 5, 7
2020/2/18, 53, 43, 7, 8
2020/2/19, 58, 30, 6, 7
2020/2/20, 65, 35, 6, 8
2020/2/21, 85, 22, 5, 10
2020/2/22, 81, 17, 5, 10
2020/2/23, 68, 51, 4, 9
2020/2/24, 60, 27, 3, 7
2020/2/25, 53, 32, 2, 6
2020/2/26, 52, 22, 4, 8
2020/2/27, 64, 17, 3, 8
2020/2/28, 60, 17, 3, 11
2020/2/29, 72, 28, 4, 11
2020/3/1, 68, 42, 3, 10
2020/3/2, 64, 61, 4, 10
2020/3/3, 79, 34, 5, 10
2020/3/4, 69, 39, 7, 9
2020/3/5, 69, 29, 6, 8
2020/3/6, 75, 25, 4, 10
2020/3/7, 74, 31, 2, 9
2020/3/8, 71, 45, 3, 8
2020/3/9, 58, 42, 7, 10
2020/3/10, 91, 35, 4, 10
2020/3/11, 83, 33, 5, 10
2020/3/12, 60, 31, 9, 11
2020/3/13, 83, 31, 5, 8
2020/3/14, 59, 23, 3, 8
2020/3/15, 49, 34, 2, 6
2020/3/16, 44, 20, 3, 8
2020/3/17, 42, 42, 2, 5
2020/3/18, 42, 53, 2, 4
2020/3/19, 53, 40, 5, 5
2020/3/20, 41, 32, 1, 3
2020/3/21, 30, 29, 2, 2
2020/3/22, 39, 33, 4, 3
2020/3/23, 43, 12, 3, 3
2020/3/24, 60, , 1, 3
2020/3/25, 69, , 3, 4
2020/3/26, 76, , 3, 4
2020/3/27, 50, , 2, 3
2020/3/28, 53, , 2, 4
2020/3/29, 38, , 2, 4
2020/3/30, 47, , 2, 5
2020/3/31, 63, , 2, 4
2020/4/1, 50, , , 4
2019/10/2, 93, 39, 6, 7
2019/10/3, 72, 42, 8, 7
2019/10/4, 85, 52, 7, 7
2019/10/5, 59, 50, 5, 8
2019/10/6, 65, 40, 3, 6
2019/10/7, 49, 39, 7, 6
2019/10/8, 47, 43, 11, 6
2019/10/9, 65, 54, 7, 6
2019/10/10, 59, 41, 4, 6
2019/10/11, 47, 39, 3, 7
2019/10/12, 51, 54, 8, 6
2019/10/13, 84, 37, 4, 7
2019/10/14, 59, 41, 5, 8
2019/10/15, 68, 32, 6, 7
2019/10/16, 77, 21, 4, 6
2019/10/17, 65, 32, 6, 8
2019/10/18, 73, 39, 9, 10
2019/10/19, 88, 1, 8, 9
2019/10/20, 78, , , 
2019/10/23, 50, 28, 8, 9
2019/10/24, 61, 28, 18, 16
2019/10/25, 91, 30, 20, 16
2019/10/26, 95, 19, 9, 13
2019/10/27, 74, 35, 5, 10
2019/10/28, 64, 37, 6, 9
2019/10/29, 57, 37, 7, 8
2019/10/30, 67, 32, 7, 9
2019/10/31, 76, 37, 8, 9
2019/11/1, 75, 49, 3, 7
2019/11/2, 56, 42, 4, 7
2019/11/3, 55, 43, 3, 5
2019/11/4, 49, 38, 3, 5
2019/11/5, 54, 39, 5, 7
2019/11/6, 59, 38, 5, 8
2019/11/7, 62, 34, 9, 10
2019/11/8, 73, 41, 8, 10
2019/11/9, 72, 23, 2, 8
2019/11/10, 58, 37, 1, 7
2019/11/11, 55, 19, 4, 10
2019/11/12, 63, 19, 6, 11
2019/11/13, 69, 20, 4, 9
2019/11/14, 60, 26, 3, 6
2019/11/15, 56, 15, 4, 7
2019/11/16, 58, 19, 5, 9
2019/11/17, 68, 26, 3, 6
2019/11/18, 45, 26, 3, 7
2019/11/19, 64, 20, 6, 10
2019/11/20, 72, 33, 4, 8
2019/11/21, 64, 21, 5, 8
2019/11/22, 56, 34, 3, 8
2019/11/23, 66, 31, 6, 9
2019/11/24, 67, 46, 4, 8
2019/11/25, 64, 36, 5, 7
2019/11/26, 66, 30, 11, 11
2019/11/27, 67, 20, 6, 7
2019/11/28, 64, 23, 5, 7
2019/11/29, 64, 26, 5, 9
2019/11/30, 84, 31, 3, 8
2019/12/1, 56, 3, 2, 6
2019/12/2, 63, 32, 6, 9
2019/12/3, 55, 35, 7, 11
2019/12/4, 69, 30, 7, 9
2019/12/5, 63, 39, 4, 9
2019/12/6, 63, 36, 5, 9
2019/12/7, 63, 33, 3, 8
2019/12/8, 49, 34, 3, 8
2019/12/9, 49, 30, 6, 11
2019/12/10, 70, 34, 5, 10
2019/12/11, 65, 43, 4, 7
2019/12/12, 62, 25, 5, 7
2019/12/13, 57, 28, 10, 11
2019/12/14, 89, 33, 7, 11
2019/12/15, 74, 43, 8, 12
2019/12/16, 79, 41, 7, 10
2019/12/17, 56, 43, 5, 8
2019/12/18, 59, 37, 7, 12
2019/12/19, 77, 24, 8, 13
2019/12/20, 73, 23, 8, 14
2019/12/21, 77, 28, 9, 12
2019/12/22, 71, 26, 6, 9
2019/12/23, 60, 22, 5, 7
2019/12/24, 58, 27, 7, 10
2019/12/25, 65, 40, 4, 7
2019/12/26, 49, 29, 5, 7
2019/12/27, 53, 29, 5, 8
2019/12/28, 52, 31, 5, 8
2019/12/29, 58, 35, 3, 6
2019/12/30, 57, , , 
2019/7/2, 59, 14, 7, 9
2019/7/3, 56, 29, 9, 11
2019/7/4, 93, 26, 9, 9
2019/7/5, 65, 28, 15, 10
2019/7/6, 66, 24, 5, 4
2019/7/7, 35, 27, 2, 4
2019/7/8, 35, 27, 4, 6
2019/7/9, 52, 34, 9, 6
2019/7/10, 46, 40, 5, 4
2019/7/11, 37, 32, 11, 8
2019/7/12, 62, 32, 14, 10
2019/7/13, 78, 34, 12, 11
2019/7/14, 66, 30, 3, 6
2019/7/15, 51, 27, 6, 8
2019/7/16, 61, 35, 13, 8
2019/7/17, 53, 39, 9, 7
2019/7/18, 52, 36, 5, 6
2019/7/19, 42, 38, 4, 6
2019/7/20, 43, 33, 4, 6
2019/7/21, 39, 35, 3, 6
2019/7/22, 38, 28, 6, 8
2019/7/23, 61, 19, 7, 10
2019/7/24, 71, 27, 7, 9
2019/7/25, 62, 28, 9, 9
2019/7/26, 80, 36, 5, 6
2019/7/27, 61, 35, 7, 8
2019/7/28, 64, 31, 3, 6
2019/7/29, 35, 44, 5, 6
2019/7/30, 51, 42, 9, 6
2019/7/31, 55, 39, 6, 5
2019/8/1, 53, 34, 7, 7
2019/8/2, 53, 30, 9, 10
2019/8/3, 71, 36, 5, 8
2019/8/4, 44, 41, 4, 6
2019/8/5, 36, 51, 4, 6
2019/8/6, 49, 47, 6, 6
2019/8/7, 45, 45, 7, 6
2019/8/8, 53, 44, 5, 4
2019/8/9, 48, 40, 4, 4
2019/8/10, 49, 39, 3, 5
2019/8/11, 40, 15, 5, 5
2019/8/12, 27, 47, 4, 4
2019/8/13, 43, 43, 5, 4
2019/8/14, 56, 83, 4, 5
2019/8/15, 75, 84, 3, 6
2019/8/16, 87, 76, 3, 5
2019/8/17, 55, 61, 6, 7
2019/8/18, 57, 43, 5, 6
2019/8/19, 45, 42, 5, 6
2019/8/20, 63, 39, 5, 6
2019/8/21, 53, 51, 2, 5
2019/8/22, 41, 58, 1, 6
2019/8/23, 41, 58, 2, 7
2019/8/24, 57, 51, 1, 6
2019/8/25, 58, 56, 1, 6
2019/8/26, 40, 66, 1, 6
2019/8/27, 49, 63, 1, 6
2019/8/28, 35, 53, 2, 6
2019/8/29, 56, 55, 3, 7
2019/8/30, 68, 69, 3, 7
2019/8/31, 74, 51, 4, 8
2019/9/1, 56, 33, 2, 7
2019/9/2, 34, 63, 3, 9
2019/9/3, 61, 53, 8, 10
2019/9/4, 66, 48, 5, 8
2019/9/5, 41, 46, 4, 8
2019/9/6, 52, 43, 3, 5
2019/9/7, 43, 55, 2, 5
2019/9/8, 39, 66, 1, 3
2019/9/9, 36, 50, 3, 5
2019/9/10, 38, 57, 7, 7
2019/9/11, 59, 41, 10, 9
2019/9/12, 76, 36, 6, 8
2019/9/13, 99, 56, 3, 5
2019/9/14, 57, 45, 3, 6
2019/9/15, 93, 48, 3, 6
2019/9/16, 72, 54, 6, 8
2019/9/17, 73, 42, 10, 9
2019/9/18, 84, 41, 3, 8
2019/9/19, 77, 45, 3, 9
2019/9/20, 80, 55, 8, 12
2019/9/21, 88, 56, 11, 14
2019/9/22, 84, 43, 8, 10
2019/9/23, 62, 52, 4, 7
2019/9/24, 46, 58, 9, 14
2019/9/25, 77, 64, 8, 9
2019/9/26, 84, 63, 9, 10
2019/9/27, 78, 56, 4, 8
2019/9/28, 64, 44, 4, 6
2019/9/29, 71, 42, 5, 6
2019/9/30, 63, 40, 6, 8
2019/10/1, 70, 66, 10, 8
2019/4/2, 54, 25, 5, 11
2019/4/3, 54, 23, 10, 14
2019/4/4, 84, 13, 6, 12
2019/4/5, 60, 25, 4, 12
2019/4/6, 74, 19, 1, 8
2019/4/7, 63, , , 
2019/4/9, 79, 41, 12, 13
2019/4/10, 80, 49, 3, 9
2019/4/11, 68, 40, 12, 11
2019/4/12, 77, 51, 11, 10
2019/4/13, 72, 41, 5, 9
2019/4/14, 56, 39, 7, 9
2019/4/15, 57, 27, 5, 9
2019/4/16, 65, 30, 6, 8
2019/4/17, 59, 21, 5, 9
2019/4/18, 69, 30, 7, 11
2019/4/19, 68, 28, 4, 11
2019/4/20, 54, 33, 4, 10
2019/4/21, 63, 22, 1, 8
2019/4/22, 45, 15, 9, 13
2019/4/23, 71, 32, 7, 11
2019/4/24, 61, 19, 7, 13
2019/4/25, 69, 29, 12, 13
2019/4/26, 80, 22, 5, 12
2019/4/27, 64, 23, 10, 17
2019/4/28, 81, 32, 3, 9
2019/4/29, 54, 26, 6, 10
2019/4/30, 61, 20, 7, 9
2019/5/1, 56, 40, 6, 6
2019/5/2, 51, 33, 5, 9
2019/5/3, 63, 32, 7, 8
2019/5/4, 52, 28, 5, 8
2019/5/5, 47, 35, 1, 5
2019/5/6, 35, 28, 3, 7
2019/5/7, 49, 30, 6, 9
2019/5/8, 65, 22, 5, 8
2019/5/9, 70, 21, 5, 11
2019/5/10, 68, 26, 4, 10
2019/5/11, 60, 40, 7, 11
2019/5/12, 74, 31, 3, 10
2019/5/13, 67, 10, 8, 16
2019/5/14, 90, 7, 9, 13
2019/5/15, 81, 11, 11, 10
2019/5/16, 63, 32, 6, 6
2019/5/17, 60, 26, 3, 7
2019/5/18, 95, 30, 4, 6
2019/5/19, 53, 21, 2, 7
2019/5/20, 48, 21, 10, 13
2019/5/21, 94, 31, 8, 10
2019/5/22, 81, 25, 9, 8
2019/5/23, 64, 23, 10, 9
2019/5/24, 71, 30, 8, 7
2019/5/25, 51, 29, 3, 7
2019/5/26, 57, 29, 4, 8
2019/5/27, 64, 33, 9, 8
2019/5/28, 79, 27, 12, 10
2019/5/29, 76, 30, 5, 8
2019/5/30, 65, 22, 4, 8
2019/5/31, 60, 25, 3, 9
2019/6/1, 62, 32, 3, 9
2019/6/2, 61, 26, 4, 9
2019/6/3, 54, 27, 7, 9
2019/6/4, 56, 26, 9, 10
2019/6/5, 56, 29, 7, 9
2019/6/6, 52, 32, 3, 6
2019/6/7, 45, 33, 5, 8
2019/6/8, 71, 30, 11, 9
2019/6/9, 70, 29, 8, 8
2019/6/10, 63, 26, 5, 7
2019/6/11, 62, 19, 11, 10
2019/6/12, 77, 18, 17, 10
2019/6/13, 82, 15, 10, 13
2019/6/14, 89, 19, 8, 14
2019/6/15, 97, 27, 8, 12
2019/6/16, 75, 25, 5, 9
2019/6/17, 51, 27, 3, 5
2019/6/18, 46, 30, 4, 4
2019/6/19, 42, 35, 8, 6
2019/6/20, 55, 26, 7, 5
2019/6/23, 44, 29, 3, 4
2019/6/24, 38, 28, 5, 7
2019/6/25, 67, 41, 8, 9
2019/6/26, 89, 38, 9, 7
2019/6/27, 91, 34, 7, 7
2019/6/28, 66, 29, 5, 8
2019/6/29, 58, 26, 6, 8
2019/6/30, 51, 33, 2, 4
2019/7/1, 23, 21, 6, 6
2019/1/2, 59, 25, 2, 4
2019/1/3, 46, 23, 4, 6
2019/1/4, 57, 22, 3, 6
2019/1/5, 50, 28, 4, 6
2019/1/6, 54, 24, 5, 8
2019/1/7, 63, 17, 4, 9
2019/1/8, 77, 13, 3, 8
2019/1/9, 57, 16, 9, 10
2019/1/10, 69, 13, 3, 8
2019/1/11, 49, 20, 3, 6
2019/1/12, 60, 30, 4, 7
2019/1/13, 59, 9, 1, 4
2019/1/14, 43, 23, 3, 7
2019/1/15, 58, 25, 5, 9
2019/1/16, 78, 28, 7, 10
2019/1/17, 81, 28, 7, 10
2019/1/18, 73, 29, 11, 10
2019/1/19, 81, 25, 4, 8
2019/1/20, 63, 25, 1, 6
2019/1/21, 42, 27, 3, 7
2019/1/22, 63, 33, 5, 9
2019/1/23, 57, 33, 3, 7
2019/1/24, 56, 29, 2, 5
2019/1/25, 49, 34, 8, 9
2019/1/26, 65, 37, 6, 8
2019/1/27, 62, 35, 6, 8
2019/1/28, 56, 26, 3, 8
2019/1/29, 54, 37, 4, 8
2019/1/30, 59, 40, 6, 10
2019/1/31, 64, 26, 6, 11
2019/2/1, 69, 30, 3, 9
2019/2/2, 63, 32, 3, 9
2019/2/3, 55, 37, 3, 8
2019/2/4, 50, 22, 5, 11
2019/2/5, 69, 27, 4, 10
2019/2/6, 74, 29, 8, 10
2019/2/7, 75, 16, 6, 10
2019/2/8, 72, 34, 6, 11
2019/2/9, 75, 27, 5, 10
2019/2/10, 60, 31, 3, 7
2019/2/11, 59, 29, 4, 9
2019/2/12, 64, 20, 4, 9
2019/2/13, 62, 23, 5, 9
2019/2/14, 60, 35, 11, 13
2019/2/15, 87, 22, 12, 12
2019/2/16, 74, 53, 10, 12
2019/2/17, 78, 53, 4, 9
2019/2/18, 71, 27, 4, 8
2019/2/19, 62, 25, 4, 6
2019/2/20, 55, 28, 9, 9
2019/2/21, 68, 29, 7, 9
2019/2/22, 70, 37, 7, 9
2019/2/23, 67, 35, 5, 10
2019/2/24, 76, 18, 2, 7
2019/2/25, 44, 29, 4, 9
2019/2/26, 65, 32, 6, 11
2019/2/27, 82, 41, 6, 11
2019/2/28, 70, 46, 3, 9
2019/3/1, 64, 36, 6, 9
2019/3/2, 63, , , 
2019/3/4, 69, 51, 6, 6
2019/3/5, 48, , , 
2019/3/7, 78, 48, 12, 15
2019/3/8, 92, 66, 9, 12
2019/3/9, 78, 46, 6, 9
2019/3/10, 56, 37, 6, 8
2019/3/11, 47, 32, 7, 9
2019/3/12, 53, 38, 9, 10
2019/3/13, 68, 33, 10, 11
2019/3/14, 87, 47, 5, 7
2019/3/15, 77, 38, 6, 8
2019/3/16, 64, 43, 9, 9
2019/3/17, 63, 45, 6, 6
2019/3/18, 65, 48, 6, 8
2019/3/19, 74, 30, 5, 7
2019/3/20, 61, 29, 10, 12
2019/3/21, 84, 37, 5, 9
2019/3/22, 70, 27, 18, 15
2019/3/23, 81, 41, 19, 21
2019/3/24, 108, 49, 10, 16
2019/3/25, 86, 56, 10, 10
2019/3/26, 84, 70, 3, 8
2019/3/27, 68, 54, 6, 12
2019/3/28, 82, 45, 5, 10
2019/3/29, 69, 24, 6, 11
2019/3/30, 89, 28, 19, 19
2019/3/31, 89, 47, 5, 10
2019/4/1, 62, 9, 5, 10
2018/10/2, 109, 43, 19, 10
2018/10/3, 120, 47, 15, 9
2018/10/4, 102, 37, 18, 10
2018/10/5, 106, 37, 22, 11
2018/10/6, 105, 36, 16, 15
2018/10/7, 98, 40, 11, 11
2018/10/8, 87, , , 
2018/10/10, 44, 21, 15, 8
2018/10/11, 70, 25, 15, 7
2018/10/12, 79, 30, 15, 9
2018/10/13, 73, 35, 18, 9
2018/10/14, 78, 38, 9, 7
2018/10/15, 66, 52, 9, 8
2018/10/16, 83, 34, 14, 8
2018/10/17, 88, 44, 13, 9
2018/10/18, 101, 34, 10, 8
2018/10/19, 96, 54, 15, 11
2018/10/20, 110, 37, 11, 10
2018/10/21, 81, 54, 13, 8
2018/10/22, 77, 37, 20, 11
2018/10/23, 85, 37, 19, 11
2018/10/24, 83, 35, 19, 10
2018/10/25, 79, 33, 28, 8
2018/10/26, 97, 33, 18, 8
2018/10/27, 94, , , 
2018/10/29, 68, 34, 9, 8
2018/10/30, 78, 38, 10, 9
2018/10/31, 78, 30, 16, 11
2018/11/1, 96, 33, 10, 10
2018/11/2, 76, 42, 14, 9
2018/11/3, 67, 35, 6, 8
2018/11/4, 63, 36, 4, 7
2018/11/5, 53, 17, 12, 10
2018/11/6, 64, 40, 18, 9
2018/11/7, 89, 32, 17, 10
2018/11/8, 88, 28, 9, 7
2018/11/9, 55, 26, 7, 9
2018/11/10, 67, 24, 5, 9
2018/11/11, 68, 29, 15, 8
2018/11/12, 76, 24, 9, 10
2018/11/13, 73, 34, 7, 8
2018/11/14, 62, 34, 3, 7
2018/11/15, 73, 25, 9, 6
2018/11/16, 64, 27, 12, 11
2018/11/17, 76, 32, 13, 15
2018/11/18, 93, 34, 12, 15
2018/11/19, 72, 23, 13, 12
2018/11/20, 85, 27, 10, 10
2018/11/21, 79, 33, 9, 11
2018/11/22, 84, 34, 7, 12
2018/11/23, 85, 36, 5, 10
2018/11/24, 67, 34, 6, 11
2018/11/25, 79, 30, 4, 8
2018/11/26, 67, 21, 4, 7
2018/11/27, 58, 10, 7, 11
2018/11/28, 77, 33, 11, 11
2018/11/29, 76, 15, 11, 12
2018/11/30, 81, 17, 7, 12
2018/12/1, 59, 23, 10, 14
2018/12/2, 78, 33, 6, 11
2018/12/3, 58, 22, 5, 10
2018/12/4, 81, 25, 8, 11
2018/12/5, 89, 33, 10, 7
2018/12/6, 85, 37, 6, 10
2018/12/7, 79, 34, 6, 9
2018/12/8, 70, 31, 5, 8
2018/12/9, 67, 29, 4, 7
2018/12/10, 57, 25, 6, 8
2018/12/11, 59, 19, 7, 10
2018/12/12, 77, 13, 7, 10
2018/12/13, 81, 19, 6, 8
2018/12/14, 64, , 8, 12
2018/12/15, 83, 22, 12, 9
2018/12/16, 74, 34, 9, 7
2018/12/17, 60, 22, 8, 8
2018/12/18, 68, 24, 11, 8
2018/12/19, 66, 19, 10, 9
2018/12/20, 75, 18, 7, 9
2018/12/21, 68, 22, 6, 11
2018/12/22, 85, , , 
2018/12/24, 41, 20, 3, 7
2018/12/25, 55, 25, 1, 4
2018/12/26, 48, 25, 2, 4
2018/12/27, 55, 25, 3, 5
2018/12/28, 55, 26, 3, 5
2018/12/29, 55, 26, 4, 7
2018/12/30, 61, 28, 2, 5
2018/12/31, 52, , , 
2018/8/26, 43, 52, 4, 5
2018/8/27, 33, 45, 5, 6
2018/8/28, 43, 48, 4, 4
2018/8/29, 32, 48, 4, 5
2018/8/30, 33, 51, 6, 8
2018/8/31, 57, 58, 9, 10
2018/9/1, 67, 45, 9, 11
2018/9/2, 67, 49, 6, 9
2018/9/3, 52, 46, 6, 7
2018/9/4, 45, 49, 6, 5
2018/9/5, 33, 77, 4, 5
2018/9/6, 48, 61, 5, 6
2018/9/7, 63, 41, 4, 8
2018/9/8, 91, , , 
2018/9/11, 86, 58, 5, 7
2018/9/12, 68, 55, 5, 10
2018/9/13, 80, 45, 11, 12
2018/9/14, 104, 25, 5, 14
2018/9/15, 80, 38, 4, 10
2018/9/16, 63, 41, 7, 12
2018/9/17, 53, 35, 13, 12
2018/9/18, 78, 47, 8, 8
2018/9/19, 69, 46, 10, 6
2018/9/20, 54, 50, 4, 5
2018/9/21, 44, 40, 7, 6
2018/9/22, 48, 51, 4, 7
2018/9/23, 49, 7, 11, 8
2018/9/24, 41, , , 
2018/9/26, 48, 49, 6, 8
2018/9/27, 62, 46, 8, 8
2018/9/28, 69, 49, 7, 8
2018/9/29, 62, 52, 6, 7
2018/9/30, 62, 46, 6, 7
2018/10/1, 103, 45, 14, 10
2025/4/21, , 25, 2, 9
2025/1/16, , 24, , 6
2025/1/27, , 8, , 8
2025/2/3, , 8, , 10
2025/2/15, , 8, , 7
2025/2/24, , 13, 2, 10
2022/4/28, , 23, 9, 12
2022/2/11, , 29, 3, 7
2021/8/5, , 34, 2, 5
2021/6/21, , 26, 6, 6
2021/2/15, , 30, 5, 6
2020/9/30, , 18, 9, 7
2020/5/22, , 33, 3, 5
2020/1/1, , 21, 7, 7
2020/1/13, , 32, 6, 5
2020/2/12, , 36, 9, 11
2019/10/22, , 27, 5, 7
2019/4/8, , 54, 5, 13
2019/6/21, , 29, 3, 5
2019/6/22, , 31, 3, 6
2019/1/1, , 31, 3, 3
2019/3/3, , 46, 5, 9
2019/3/6, , 49, 9, 11
2018/10/9, , 3, 15, 8
2018/10/28, , 39, 5, 6
2018/12/23, , 2, 3, 8
2018/8/25, , 33, 5, 6
2018/9/10, , 51, 4, 8
2018/9/25, , 58, 3, 5