date, pm25, o3, so2, co,ICA,nDia
2025/6/2, 36, 23, 2, 6,16.75,0
2025/6/3, 36, 16, 3, 10,16.25,-1
2025/6/4, 59, 13, 2, 9,20.75,-2
2025/6/5, 69, 19, 3, 9,25.00,-3
2025/6/6, 62, 14, 4, 11,22.75,-4
2025/6/7, 59, 21, 3, 8,22.75,-5
2025/6/8, 31, 19, 2, 9,15.25,-6
2025/6/9, 40, 21, 2, 8,17.75,-7
2025/6/10, 56, 21, 3, 9,22.25,-8
2025/6/11, 56, 31, 4, 8,24.75,-9
2025/6/12, 64, 22, 5, 7,24.50,-10
2025/6/13, 43, 21, 2, 7,18.25,-11
2025/6/14, 50, 16, 3, 7,19.00,-12
2025/6/15, 48, 26, 7, 6,21.75,-13
2025/6/16, 50, 21, 3, 7,20.25,-14
2025/6/17, 46, 23, 7, 8,21.00,-15
2025/6/18, 52, 27, 3, 6,22.00,-16
2025/6/19, 34, 28, 8, 6,19.00,-17
2025/6/20, 39, 25, 3, 8,18.75,-18
2025/6/21, 45, , , ,45.00,-19
2025/5/2, 55, 27, 2, 13,24.25,-20
2025/5/3, 63, 19, 2, 10,23.50,-21
2025/5/4, 54, 28, 2, 9,23.25,-22
2025/5/5, 42, 12, 3, 12,17.25,-23
2025/5/6, 52, 15, 4, 14,21.25,-24
2025/5/7, 72, 23, 5, 12,28.00,-25
2025/5/8, 66, 13, 4, 15,24.50,-26
2025/5/9, 70, 27, 4, 13,28.50,-27
2025/5/10, 71, 22, 2, 9,26.00,-28
2025/5/11, 33, 19, 2, 6,15.00,-29
2025/5/12, 24, 19, 3, 8,13.50,-30
2025/5/13, 42, 20, 3, 8,18.25,-31
2025/5/14, 58, 25, 2, 8,23.25,-32
2025/5/15, 64, 12, 2, 9,21.75,-33
2025/5/16, 65, 9, 1, 9,21.00,-34
2025/5/17, 43, 12, 1, 10,16.50,-35
2025/5/18, 37, 16, 1, 9,15.75,-36
2025/5/19, 40, 15, 4, 14,18.25,-37
2025/5/20, 74, 21, 6, 16,29.25,-38
2025/5/21, 74, 20, 4, 10,27.00,-39
2025/5/22, 51, 20, 3, 10,21.00,-40
2025/5/23, 48, 21, 2, 7,19.50,-41
2025/5/24, 34, 19, 2, 8,15.75,-42
2025/5/25, 35, 22, 2, 8,16.75,-43
2025/5/26, 46, 17, 2, 9,18.50,-44
2025/5/27, 51, 21, 2, 7,20.25,-45
2025/5/28, 54, 16, 5, 7,20.50,-46
2025/5/29, 50, 21, 4, 7,20.50,-47
2025/5/30, 45, 18, 3, 8,18.50,-48
2025/5/31, 50, 13, 2, 9,18.50,-49
2025/6/1, 49, 20, 2, 7,19.50,-50
2025/4/2, 82, 28, 2, 9,30.25,-51
2025/4/3, 64, 22, 4, 11,25.25,-52
2025/4/4, 68, 19, 3, 12,25.50,-53
2025/4/5, 72, 23, 4, 13,28.00,-54
2025/4/6, 73, 14, 2, 7,24.00,-55
2025/4/7, 38, 16, 5, 11,17.50,-56
2025/4/8, 53, 15, 3, 13,21.00,-57
2025/4/9, 57, 21, 5, 11,23.50,-58
2025/4/10, 65, 12, 2, 10,22.25,-59
2025/4/11, 52, 6, 5, 17,20.00,-60
2025/4/12, 72, 17, 6, 15,27.50,-61
2025/4/13, 70, 24, 3, 10,26.75,-62
2025/4/14, 54, 29, 4, 11,24.50,-63
2025/4/15, 58, 30, 5, 10,25.75,-64
2025/4/16, 58, 32, 6, 10,26.50,-65
2025/4/17, 63, 24, 2, 8,24.25,-66
2025/4/18, 51, 30, 2, 7,22.50,-67
2025/4/19, 37, 42, 3, 7,22.25,-68
2025/4/20, 40, , , ,40.00,-69
2025/4/22, 51, 28, 3, 9,22.75,-70
2025/4/23, 54, 28, 3, 8,23.25,-71
2025/4/24, 50, 19, 4, 12,21.25,-72
2025/4/25, 80, 22, 3, 12,29.25,-73
2025/4/26, 66, 18, 2, ,28.67,-74
2025/4/27, 63, 25, 2, ,30.00,-75
2025/4/28, 35, 7, 5, ,15.67,-76
2025/4/29, 61, 17, 5, 11,23.50,-77
2025/4/30, 75, 20, 2, 10,26.75,-78
2025/5/1, 52, 19, 2, 10,20.75,-79
2025/1/17, 42, 9, , 6,19.00,-80
2025/1/18, 46, 11, , 8,21.67,-81
2025/1/19, 47, 17, , 6,23.33,-82
2025/1/20, 35, 10, , 9,18.00,-83
2025/1/21, 56, 16, , 10,27.33,-84
2025/1/22, 76, 20, , 8,34.67,-85
2025/1/23, 64, 40, 1, 16,30.25,-86
2025/1/24, 84, , , ,84.00,-87
2025/1/28, 49, 12, , 8,23.00,-88
2025/1/29, 54, 10, , 9,24.33,-89
2025/1/30, 52, 10, , 11,24.33,-90
2025/1/31, 57, 27, 2, 17,25.75,-91
2025/2/1, 73, , , ,73.00,-92
2025/2/4, 49, 9, , 11,23.00,-93
2025/2/5, 59, 11, , 11,27.00,-94
2025/2/6, 60, 9, , 11,26.67,-95
2025/2/7, 63, 8, , 11,27.33,-96
2025/2/8, 76, 5, , 11,30.67,-97
2025/2/9, 57, 10, , 10,25.67,-98
2025/2/10, 39, 7, , 11,19.00,-99
2025/2/11, 42, 5, 9, 13,17.25,-100
2025/2/12, 45, 6, , 9,20.00,-101
2025/2/13, 52, 6, 12, 14,21.00,-102
2025/2/14, 40, , , ,40.00,-103
2025/2/16, 37, 7, , 6,16.67,-104
2025/2/17, 29, 1, 6, 13,12.25,-105
2025/2/18, 43, 7, 1, 8,14.75,-106
2025/2/19, 43, 18, 2, 8,17.75,-107
2025/2/20, 48, 13, 3, 11,18.75,-108
2025/2/21, 64, 14, 3, 12,23.25,-109
2025/2/22, 71, , , ,71.00,-110
2025/2/25, 54, 22, 3, 10,22.25,-111
2025/2/26, 60, 6, 2, 8,19.00,-112
2025/2/27, 50, 20, 4, 10,21.00,-113
2025/2/28, 70, 14, 4, 12,25.00,-114
2025/3/1, 63, 12, 2, 9,21.50,-115
2025/3/2, 39, 23, 1, 7,17.50,-116
2025/3/3, 31, 19, 2, 10,15.50,-117
2025/3/4, 45, 21, 1, 7,18.50,-118
2025/3/5, 44, 20, 2, 9,18.75,-119
2025/3/6, 40, 21, 2, 9,18.00,-120
2025/3/7, 42, 19, 3, 11,18.75,-121
2025/3/8, 51, 25, 2, 9,21.75,-122
2025/3/9, 47, 16, 1, 10,18.50,-123
2025/3/10, 41, 25, 2, 10,19.50,-124
2025/3/11, 55, 9, 4, 13,20.25,-125
2025/3/12, 62, 16, 4, 16,24.50,-126
2025/3/13, 79, 10, 4, 13,26.50,-127
2025/3/14, 65, 13, 6, 11,23.75,-128
2025/3/15, 65, 27, 3, 10,26.25,-129
2025/3/16, 44, 29, 2, 9,21.00,-130
2025/3/17, 51, 14, 2, 9,19.00,-131
2025/3/18, 42, 16, 2, 11,17.75,-132
2025/3/19, 56, 19, 3, 14,23.00,-133
2025/3/20, 71, 20, 4, 12,26.75,-134
2025/3/21, 61, 20, 4, 13,24.50,-135
2025/3/22, 64, 15, 2, 10,22.75,-136
2025/3/23, 45, 29, 3, 9,21.50,-137
2025/3/24, 40, 24, 3, 9,19.00,-138
2025/3/25, 58, 21, 4, 10,23.25,-139
2025/3/26, 65, 18, 2, 9,23.50,-140
2025/3/27, 56, 13, 3, 11,20.75,-141
2025/3/28, 51, 11, 5, 11,19.50,-142
2025/3/29, 69, 24, 3, 12,27.00,-143
2025/3/30, 63, 13, 1, 9,21.50,-144
2025/3/31, 42, 16, 2, 12,18.00,-145
2025/4/1, 49, 19, 5, 12,21.25,-146
2022/4/2, 57, 30, 5, 8,25.00,-147
2022/4/3, 59, 31, 7, 8,26.25,-148
2022/4/4, 54, 25, 8, 7,23.50,-149
2022/4/5, 70, 22, 6, 8,26.50,-150
2022/4/6, 63, 29, 7, 10,27.25,-151
2022/4/7, 67, 29, 5, 8,27.25,-152
2022/4/8, 78, 23, 8, 11,30.00,-153
2022/4/9, 78, 22, 4, 8,28.00,-154
2022/4/10, 60, 23, 3, 7,23.25,-155
2022/4/11, 41, 17, 4, 8,17.50,-156
2022/4/12, 51, 21, 7, 9,22.00,-157
2022/4/13, 67, , 8, 12,29.00,-158
2022/4/14, 62, , , ,62.00,-159
2022/4/29, 89, 21, 7, 8,31.25,-160
2022/4/30, 59, 20, 5, 6,22.50,-161
2022/5/1, 44, 30, 4, 5,20.75,-162
2022/5/2, 40, 28, 6, 6,20.00,-163
2022/5/3, 49, 32, 6, 8,23.75,-164
2022/5/4, 54, 24, 9, 9,24.00,-165
2022/5/5, 72, 4, 3, 6,21.25,-166
2022/5/6, 62, , , ,62.00,-167
2022/1/4, 72, 46, 4, 7,32.25,-168
2022/1/5, 77, 13, 1, 6,24.25,-169
2022/1/6, 43, , , ,43.00,-170
2022/2/12, 50, 29, 5, 8,23.00,-171
2022/2/13, 52, 32, 2, 6,23.00,-172
2022/2/14, 46, 31, 5, 8,22.50,-173
2022/2/15, 54, 30, 8, 8,25.00,-174
2022/2/16, 71, 61, 10, 7,37.25,-175
2022/2/17, 87, 56, 4, 7,38.50,-176
2022/2/18, 71, 23, 6, 7,26.75,-177
2022/2/19, 67, 23, 3, 6,24.75,-178
2022/2/20, 46, 21, 4, 6,19.25,-179
2022/2/21, 46, 28, 4, 6,21.00,-180
2022/2/22, 56, 32, 15, 7,27.50,-181
2022/2/23, 74, 30, 9, 9,30.50,-182
2022/2/24, 91, 37, 5, 7,35.00,-183
2022/2/25, 54, 13, 7, 8,20.50,-184
2022/2/26, 66, 5, 8, 8,21.75,-185
2022/2/27, 62, 5, 6, 7,20.00,-186
2022/2/28, 62, , 5, 8,25.00,-187
2022/3/1, 62, , 3, 7,24.00,-188
2022/3/2, 47, , 7, 8,20.67,-189
2022/3/3, 61, 28, 5, 8,25.50,-190
2022/3/4, 57, 42, 13, 8,30.00,-191
2022/3/5, 55, 25, 6, 10,24.00,-192
2022/3/6, 60, 28, 4, 7,24.75,-193
2022/3/7, 46, 18, 5, 8,19.25,-194
2022/3/8, 50, 17, 7, 8,20.50,-195
2022/3/9, 61, 25, 14, 9,27.25,-196
2022/3/10, 76, 30, 13, 8,31.75,-197
2022/3/11, 67, 22, 8, 8,26.25,-198
2022/3/12, 67, 17, 4, 9,24.25,-199
2022/3/13, 49, 37, 11, 8,26.25,-200
2022/3/14, 60, 33, 9, 9,27.75,-201
2022/3/15, 65, 34, 2, 7,27.00,-202
2022/3/16, 60, 25, 3, 7,23.75,-203
2022/3/17, 52, 30, 4, 10,24.00,-204
2022/3/18, 66, 31, 8, 10,28.75,-205
2022/3/19, 76, 29, 4, 9,29.50,-206
2022/3/20, 62, 27, 3, 8,25.00,-207
2022/3/21, 57, 22, 5, 10,23.50,-208
2022/3/22, 58, 39, 11, 12,30.00,-209
2022/3/23, 79, 31, 6, 9,31.25,-210
2022/3/24, 67, 25, 4, 9,26.25,-211
2022/3/25, 61, 26, 9, 11,26.75,-212
2022/3/26, 80, 19, 5, 11,28.75,-213
2022/3/27, 63, 24, 6, 12,26.25,-214
2022/3/28, 77, 29, 8, 12,31.50,-215
2022/3/29, 71, 8, 2, 7,22.00,-216
2022/3/30, 51, 22, 9, 11,23.25,-217
2022/3/31, 73, 39, 17, 12,35.25,-218
2022/4/1, 85, 20, 6, 8,29.75,-219
2021/10/2, 78, 47, 8, 11,36.00,-220
2021/10/3, 81, 46, 6, 9,35.50,-221
2021/10/4, 111, 33, 7, 9,40.00,-222
2021/10/5, 89, 28, 7, 8,33.00,-223
2021/10/6, 75, 27, 11, 8,30.25,-224
2021/10/7, 73, 33, 6, 8,30.00,-225
2021/10/8, 58, 42, 8, 9,29.25,-226
2021/10/9, 69, 40, 4, 7,30.00,-227
2021/10/10, 59, 32, 5, 9,26.25,-228
2021/10/11, 60, 46, 7, 12,31.25,-229
2021/10/12, 71, 46, 9, 10,34.00,-230
2021/10/13, 64, 47, 6, 9,31.50,-231
2021/10/14, 65, 37, 7, 10,29.75,-232
2021/10/15, 73, 38, 11, 10,33.00,-233
2021/10/16, 79, 38, 6, 10,33.25,-234
2021/10/17, 65, 35, 5, 9,28.50,-235
2021/10/18, 64, 41, 11, 11,31.75,-236
2021/10/19, 75, 40, 7, 9,32.75,-237
2021/10/20, 81, 39, 8, 8,34.00,-238
2021/10/21, 70, 32, 7, 11,30.00,-239
2021/10/22, 63, 33, 12, 13,30.25,-240
2021/10/23, 80, 32, 5, 10,31.75,-241
2021/10/24, 54, 72, 11, 13,37.50,-242
2021/10/25, 81, 50, 8, 9,37.00,-243
2021/10/26, 62, 36, 8, 11,29.25,-244
2021/10/27, 76, 32, 8, 10,31.50,-245
2021/10/28, 72, 34, 10, 10,31.50,-246
2021/10/29, 75, 35, 7, 10,31.75,-247
2021/10/30, 68, 38, 6, 7,29.75,-248
2021/10/31, 83, 34, 4, 4,31.25,-249
2021/11/1, 59, 31, 4, 5,24.75,-250
2021/11/2, 52, 35, 4, 2,23.25,-251
2021/11/3, 49, 44, 7, 2,25.50,-252
2021/11/4, 63, 35, 12, 4,28.50,-253
2021/11/5, 73, 13, 19, 7,28.00,-254
2021/11/6, 61, 34, 5, 7,26.75,-255
2021/11/7, 61, 36, 3, 6,26.50,-256
2021/11/8, 68, 34, 3, 5,27.50,-257
2021/11/9, 64, 18, 4, 7,23.25,-258
2021/11/10, 57, 20, 4, 7,22.00,-259
2021/11/11, 60, 41, 17, 9,31.75,-260
2021/11/12, 83, 25, 5, 8,30.25,-261
2021/11/13, 72, 17, 4, 8,25.25,-262
2021/11/14, 68, 38, 2, 6,28.50,-263
2021/11/15, 57, 27, 5, 6,23.75,-264
2021/11/16, 68, 25, 4, 6,25.75,-265
2021/11/17, 60, 24, 7, 9,25.00,-266
2021/11/18, 56, 33, 3, 6,24.50,-267
2021/11/19, 48, 21, 4, 6,19.75,-268
2021/11/20, 46, 26, 4, 7,20.75,-269
2021/11/21, 55, 34, 3, 6,24.50,-270
2021/11/22, 56, 17, 6, 7,21.50,-271
2021/11/23, 74, 23, 5, 9,27.75,-272
2021/11/24, 73, 24, 5, 8,27.50,-273
2021/11/25, 57, 22, 10, 12,25.25,-274
2021/11/26, 73, 41, 7, 11,33.00,-275
2021/11/27, 82, 39, 7, 14,35.50,-276
2021/11/28, 65, 54, 11, 11,35.25,-277
2021/11/29, 73, 25, 4, 7,27.25,-278
2021/11/30, 56, 20, 8, 13,24.25,-279
2021/12/1, 83, 25, 10, 11,32.25,-280
2021/12/2, 87, 39, 9, 7,35.50,-281
2021/12/3, 77, 35, 11, 10,33.25,-282
2021/12/4, 84, 35, 8, 9,34.00,-283
2021/12/5, 67, 32, 5, 8,28.00,-284
2021/12/6, 54, 33, 5, 7,24.75,-285
2021/12/7, 54, 32, 10, 8,26.00,-286
2021/12/8, 54, 23, 6, 8,22.75,-287
2021/12/9, 75, 28, 5, 7,28.75,-288
2021/12/10, 62, 27, 4, 8,25.25,-289
2021/12/11, 67, 23, 5, 9,26.00,-290
2021/12/12, 46, 15, 3, 7,17.75,-291
2021/12/13, 40, 15, 4, 7,16.50,-292
2021/12/14, 51, 12, 5, 7,18.75,-293
2021/12/15, 52, 21, 6, 9,22.00,-294
2021/12/16, 64, 18, 5, 8,23.75,-295
2021/12/17, 63, 10, 4, 10,21.75,-296
2021/12/18, 54, 14, 3, 9,20.00,-297
2021/12/19, 65, 21, 4, 6,24.00,-298
2021/12/20, 53, 13, 2, 7,18.75,-299
2021/12/21, 55, 12, 1, 7,18.75,-300
2021/12/22, 50, 22, 2, 7,20.25,-301
2021/12/23, 53, 43, 1, 6,25.75,-302
2021/12/24, 60, 37, 1, 7,26.25,-303
2021/12/25, 63, 35, 1, 6,26.25,-304
2021/12/26, 49, 33, 4, 7,23.25,-305
2021/12/27, 70, 37, 3, 7,29.25,-306
2021/12/28, 76, 40, 4, 9,32.25,-307
2021/12/29, 79, 22, 2, 7,27.50,-308
2021/12/30, 66, 29, 6, 8,27.25,-309
2021/12/31, 74, 40, 3, 7,31.00,-310
2022/1/1, 67, 44, 4, 6,30.25,-311
2022/1/2, 90, 31, 3, 6,32.50,-312
2022/1/3, 56, 38, 8, 7,27.25,-313
2021/7/2, 44, 30, 7, 9,22.50,-314
2021/7/3, 56, 30, 10, 8,26.00,-315
2021/7/4, 52, 41, 4, 5,25.50,-316
2021/7/5, 38, 52, 6, 6,25.50,-317
2021/7/6, 57, 20, 7, 4,22.00,-318
2021/7/7, 36, , , ,36.00,-319
2021/8/6, 59, 33, 6, 7,26.25,-320
2021/8/7, 57, 31, 6, 8,25.50,-321
2021/8/8, 58, 44, 8, 7,29.25,-322
2021/8/9, 64, 36, 7, 9,29.00,-323
2021/8/10, 74, 32, 6, 7,29.75,-324
2021/8/11, 45, 36, 5, 6,23.00,-325
2021/8/12, 51, 29, 8, 7,23.75,-326
2021/8/13, 65, 35, 6, 6,28.00,-327
2021/8/14, 63, 39, 7, 11,30.00,-328
2021/8/15, 80, 38, 4, 7,32.25,-329
2021/8/16, 67, 33, 6, 8,28.50,-330
2021/8/17, 69, 31, 7, 9,29.00,-331
2021/8/18, 64, 36, 6, 7,28.25,-332
2021/8/19, 63, 42, 6, 7,29.50,-333
2021/8/20, 57, 46, 10, 8,30.25,-334
2021/8/21, 71, 41, 10, 11,33.25,-335
2021/8/22, 58, 37, 6, 7,27.00,-336
2021/8/23, 46, 31, 6, 7,22.50,-337
2021/8/24, 62, 33, 12, 9,29.00,-338
2021/8/25, 71, 29, 7, 8,28.75,-339
2021/8/26, 64, 36, 6, 8,28.50,-340
2021/8/27, 64, 41, 9, 8,30.50,-341
2021/8/28, 78, 34, 9, 9,32.50,-342
2021/8/29, 64, 35, 9, 10,29.50,-343
2021/8/30, 59, 29, 8, 9,26.25,-344
2021/8/31, 60, 47, 11, 13,32.75,-345
2021/9/1, 74, 45, 9, 6,33.50,-346
2021/9/2, 46, 38, 7, 5,24.00,-347
2021/9/3, 51, 39, 12, 9,27.75,-348
2021/9/4, 63, 43, 9, 7,30.50,-349
2021/9/5, 51, 45, 5, 6,26.75,-350
2021/9/6, 47, 26, 9, 9,22.75,-351
2021/9/7, 50, 45, 11, 9,28.75,-352
2021/9/8, 61, 36, 18, 11,31.50,-353
2021/9/9, 88, 42, 12, 12,38.50,-354
2021/9/10, 65, 50, 9, 7,32.75,-355
2021/9/11, 70, 36, 7, 8,30.25,-356
2021/9/12, 67, 34, 6, 8,28.75,-357
2021/9/13, 59, 45, 9, 8,30.25,-358
2021/9/14, 62, 50, 19, 10,35.25,-359
2021/9/15, 67, 57, 9, 6,34.75,-360
2021/9/16, 59, 59, 7, 6,32.75,-361
2021/9/17, 49, 71, 6, 6,33.00,-362
2021/9/18, 47, 61, 7, 8,30.75,-363
2021/9/19, 53, 61, 8, 9,32.75,-364
2021/9/20, 59, 46, 7, 9,30.25,-365
2021/9/21, 64, 39, 8, 10,30.25,-366
2021/9/22, 67, 36, 12, 10,31.25,-367
2021/9/23, 66, 50, 6, 6,32.00,-368
2021/9/24, 68, 50, 6, 7,32.75,-369
2021/9/25, 51, 74, 4, 6,33.75,-370
2021/9/26, 29, 68, 4, 6,26.75,-371
2021/9/27, 32, 68, 7, 7,28.50,-372
2021/9/28, 48, 51, 7, 7,28.25,-373
2021/9/29, 55, 39, 4, 6,26.00,-374
2021/9/30, 66, 34, 2, 8,27.50,-375
2021/10/1, 59, 38, 12, 12,30.25,-376
2021/4/2, 57, 29, 3, 6,23.75,-377
2021/4/3, 52, 22, 2, 9,21.25,-378
2021/4/4, 55, 21, 4, 9,22.25,-379
2021/4/5, 51, 31, 5, 9,24.00,-380
2021/4/6, 65, 27, 4, 8,26.00,-381
2021/4/7, 56, 31, 7, 9,25.75,-382
2021/4/8, 71, 30, 2, 6,27.25,-383
2021/4/9, 51, 25, 3, 8,21.75,-384
2021/4/10, 65, 28, 5, 9,26.75,-385
2021/4/11, 72, 35, 5, 8,30.00,-386
2021/4/12, 58, 11, 3, 6,19.50,-387
2021/4/13, 36, 25, 4, 5,17.50,-388
2021/4/14, 53, 27, 4, 5,22.25,-389
2021/4/15, 42, 23, 4, 7,19.00,-390
2021/4/16, 62, 39, 8, 8,29.25,-391
2021/4/17, 68, 12, 7, 13,25.00,-392
2021/4/18, 72, 38, 13, 9,33.00,-393
2021/4/19, 62, 13, 6, 12,23.25,-394
2021/4/20, 65, 25, 11, 10,27.75,-395
2021/4/21, 66, 28, 7, 10,27.75,-396
2021/4/22, 62, 30, 12, 9,28.25,-397
2021/4/23, 75, 30, 5, 8,29.50,-398
2021/4/24, 58, 50, 3, 4,28.75,-399
2021/4/25, 118, 45, 2, 3,42.00,-400
2021/4/26, 60, 26, 3, 8,24.25,-401
2021/4/27, 54, 16, 8, 13,22.75,-402
2021/4/28, 65, 17, 4, 11,24.25,-403
2021/4/29, 59, 25, 6, 9,24.75,-404
2021/4/30, 64, 14, 3, 10,22.75,-405
2021/5/1, 51, 28, 2, 6,21.75,-406
2021/5/2, 54, 29, 1, 5,22.25,-407
2021/5/3, 50, 16, 6, 12,21.00,-408
2021/5/4, 61, 32, 10, 12,28.75,-409
2021/5/5, 70, 26, 3, 8,26.75,-410
2021/5/6, 54, 24, 3, 7,22.00,-411
2021/5/7, 52, 26, 12, 10,25.00,-412
2021/5/8, 74, 29, 2, 5,27.50,-413
2021/5/9, 45, 22, 2, 4,18.25,-414
2021/5/10, 52, 17, 2, 4,18.75,-415
2021/5/11, 39, 18, 4, 6,16.75,-416
2021/5/12, 42, 13, 10, 10,18.75,-417
2021/5/13, 60, 18, 7, 8,23.25,-418
2021/5/14, 58, 25, 5, 7,23.75,-419
2021/5/15, 67, 27, 2, 5,25.25,-420
2021/5/16, 55, 22, , 4,27.00,-421
2021/5/17, 43, 14, 4, 8,17.25,-422
2021/5/18, 54, 18, 8, 10,22.50,-423
2021/5/19, 50, 27, 9, 7,23.25,-424
2021/5/20, 59, 29, 7, 7,25.50,-425
2021/5/21, 57, 30, 7, 7,25.25,-426
2021/5/22, 72, 22, 3, 6,25.75,-427
2021/5/23, 43, 24, 2, 5,18.50,-428
2021/5/24, 41, 25, 3, 6,18.75,-429
2021/5/25, 50, 20, 4, 7,20.25,-430
2021/5/26, 63, 24, 4, 5,24.00,-431
2021/5/27, 51, 23, 5, 7,21.50,-432
2021/5/28, 52, 35, 7, 7,25.25,-433
2021/5/29, 62, 31, 3, 9,26.25,-434
2021/5/30, 69, 28, 4, 8,27.25,-435
2021/5/31, 62, 23, 13, 12,27.50,-436
2021/6/1, 80, 20, 10, 12,30.50,-437
2021/6/2, 70, 29, 11, 8,29.50,-438
2021/6/3, 68, 31, 9, 6,28.50,-439
2021/6/4, 48, 27, 8, 7,22.50,-440
2021/6/5, 50, 26, 7, 9,23.00,-441
2021/6/6, 57, 21, 6, 7,22.75,-442
2021/6/7, 53, 14, 5, 7,19.75,-443
2021/6/8, 51, 10, 7, 8,19.00,-444
2021/6/9, 60, 23, 7, 8,24.50,-445
2021/6/10, 65, 32, 9, 8,28.50,-446
2021/6/11, 69, 32, 9, 11,30.25,-447
2021/6/12, 89, 32, 8, 9,34.50,-448
2021/6/13, 61, 21, 5, 8,23.75,-449
2021/6/14, 41, 20, 6, 9,19.00,-450
2021/6/15, 63, 12, 5, 9,22.25,-451
2021/6/16, 64, 26, 10, 9,27.25,-452
2021/6/17, 70, 28, 8, 7,28.25,-453
2021/6/18, 58, 24, 6, 8,24.00,-454
2021/6/19, 58, 12, 5, 7,20.50,-455
2021/6/20, 69, , , ,69.00,-456
2021/6/22, 39, 32, 10, 7,22.00,-457
2021/6/23, 57, 27, 4, 6,23.50,-458
2021/6/24, 55, 28, 11, 7,25.25,-459
2021/6/25, 57, 37, 4, 6,26.00,-460
2021/6/26, 61, 26, 6, 8,25.25,-461
2021/6/27, 65, 35, 7, 7,28.50,-462
2021/6/28, 59, 26, 9, 9,25.75,-463
2021/6/29, 60, 37, 8, 7,28.00,-464
2021/6/30, 49, 24, 6, 6,21.25,-465
2021/7/1, 40, 33, 12, 6,22.75,-466
2021/1/5, 48, 17, 4, 7,19.00,-467
2021/1/6, 49, 20, 8, 7,21.00,-468
2021/1/7, 57, 35, 4, 6,25.50,-469
2021/1/8, 52, 21, 7, 10,22.50,-470
2021/1/9, 61, 28, 4, 8,25.25,-471
2021/1/10, 61, 32, 3, 7,25.75,-472
2021/1/11, 56, 29, 7, 9,25.25,-473
2021/1/12, 65, 27, 7, 9,27.00,-474
2021/1/13, 60, 30, 6, 8,26.00,-475
2021/1/14, 55, 29, 7, 8,24.75,-476
2021/1/15, 65, 32, 4, 8,27.25,-477
2021/1/16, 58, 29, 3, 7,24.25,-478
2021/1/17, 45, 34, 2, 7,22.00,-479
2021/1/18, 50, 28, 4, 8,22.50,-480
2021/1/19, 58, 33, 5, 8,26.00,-481
2021/1/20, 58, 34, 4, 8,26.00,-482
2021/1/21, 59, 28, 4, 7,24.50,-483
2021/1/22, 56, 14, 4, 7,20.25,-484
2021/1/23, 63, 28, 4, 8,25.75,-485
2021/1/24, 56, 28, 3, 6,23.25,-486
2021/1/25, 50, 25, 6, 8,22.25,-487
2021/1/26, 68, 24, 4, 7,25.75,-488
2021/1/27, 61, 33, 4, 5,25.75,-489
2021/1/28, 54, 31, 3, 5,23.25,-490
2021/1/29, 58, 28, 3, 6,23.75,-491
2021/1/30, 55, 36, 3, 6,25.00,-492
2021/1/31, 48, 36, 3, 5,23.00,-493
2021/2/1, 46, 29, 4, 7,21.50,-494
2021/2/2, 61, 30, 3, 7,25.25,-495
2021/2/3, 59, 31, 6, 8,26.00,-496
2021/2/4, 62, 33, 5, 8,27.00,-497
2021/2/5, 59, 23, 4, 8,23.50,-498
2021/2/6, 65, 32, 5, 9,27.75,-499
2021/2/7, 67, 31, , 9,35.67,-500
2021/2/8, 55, 27, 7, 8,24.25,-501
2021/2/9, 62, 33, 6, 8,27.25,-502
2021/2/10, 58, 25, 5, 8,24.00,-503
2021/2/11, 55, 20, 3, 7,21.25,-504
2021/2/12, 44, 19, 4, 8,18.75,-505
2021/2/13, 65, 6, 3, 6,20.00,-506
2021/2/14, 69, , , ,69.00,-507
2021/2/16, 70, 29, 2, 4,26.25,-508
2021/2/17, 51, 28, 3, 5,21.75,-509
2021/2/18, 39, 22, 3, 6,17.50,-510
2021/2/19, 50, 14, 4, 7,18.75,-511
2021/2/20, 45, 23, 4, 7,19.75,-512
2021/2/21, 53, 25, 4, 5,21.75,-513
2021/2/22, 54, 14, 4, 8,20.00,-514
2021/2/23, 57, 34, 6, 9,26.50,-515
2021/2/24, 81, 29, 5, 8,30.75,-516
2021/2/25, 59, 26, 4, 7,24.00,-517
2021/2/26, 58, 20, 4, 7,22.25,-518
2021/2/27, 53, 26, 4, 8,22.75,-519
2021/2/28, 67, 28, 3, 7,26.25,-520
2021/3/1, 54, 23, 4, 7,22.00,-521
2021/3/2, 53, 16, 5, 8,20.50,-522
2021/3/3, 58, 19, 4, 9,22.50,-523
2021/3/4, 60, 27, 5, 11,25.75,-524
2021/3/5, 62, 20, 6, 11,24.75,-525
2021/3/6, 69, 40, 7, 13,32.25,-526
2021/3/7, 72, 35, 4, 9,30.00,-527
2021/3/8, 71, 18, 4, 8,25.25,-528
2021/3/9, 54, 10, 5, 8,19.25,-529
2021/3/10, 58, 14, 5, 8,21.25,-530
2021/3/11, 58, 12, 8, 8,21.50,-531
2021/3/12, 69, 18, 5, 6,24.50,-532
2021/3/13, 64, 23, 6, 12,26.25,-533
2021/3/14, 73, 28, 5, 7,28.25,-534
2021/3/15, 52, 19, 6, 9,21.50,-535
2021/3/16, 70, 33, 6, 8,29.25,-536
2021/3/17, 54, 27, 11, 11,25.75,-537
2021/3/18, 75, 30, 5, 8,29.50,-538
2021/3/19, 57, 27, 6, 10,25.00,-539
2021/3/20, 67, 26, 5, 8,26.50,-540
2021/3/21, 60, 31, 9, 8,27.00,-541
2021/3/22, 54, 21, 4, 6,21.25,-542
2021/3/23, 52, 24, 5, 9,22.50,-543
2021/3/24, 56, 43, 10, 10,29.75,-544
2021/3/25, 64, 40, 16, 10,32.50,-545
2021/3/26, 76, 36, 7, 9,32.00,-546
2021/3/27, 70, 33, 6, 9,29.50,-547
2021/3/28, 74, 35, 11, 8,32.00,-548
2021/3/29, 62, 24, 5, 8,24.75,-549
2021/3/30, 66, 21, 7, 7,25.25,-550
2021/3/31, 51, 26, 8, 8,23.25,-551
2021/4/1, 59, 31, 9, 8,26.75,-552
2020/10/2, 48, 54, 7, 6,28.75,-553
2020/10/3, 55, 33, 7, 8,25.75,-554
2020/10/4, 78, 45, 5, 6,33.50,-555
2020/10/5, 48, 55, 4, 4,27.75,-556
2020/10/6, 40, 70, 6, 6,30.50,-557
2020/10/7, 51, 65, 3, 5,31.00,-558
2020/10/8, 46, 76, 3, 5,32.50,-559
2020/10/9, 42, 79, 2, 4,31.75,-560
2020/10/10, 51, 86, 3, 5,36.25,-561
2020/10/11, 57, 83, 3, 4,36.75,-562
2020/10/12, 47, 74, 3, 4,32.00,-563
2020/10/13, 34, 63, 4, 5,26.50,-564
2020/10/14, 44, 53, 6, 6,27.25,-565
2020/10/15, 60, 53, 6, 6,31.25,-566
2020/10/16, 51, 43, 5, 7,26.50,-567
2020/10/17, 47, 33, 4, 7,22.75,-568
2020/10/18, 40, 43, 4, 7,23.50,-569
2020/10/19, 58, 38, 6, 11,28.25,-570
2020/10/20, 63, 40, 9, 12,31.00,-571
2020/10/21, 78, 32, 13, 8,32.75,-572
2020/10/22, 55, 45, 6, 5,27.75,-573
2020/10/23, 37, 42, 6, 7,23.00,-574
2020/10/24, 50, 40, 7, 10,26.75,-575
2020/10/25, 66, 54, 5, 9,33.50,-576
2020/10/26, 66, 52, 3, 7,32.00,-577
2020/10/27, 64, 25, 5, 9,25.75,-578
2020/10/28, 65, 36, 3, 7,27.75,-579
2020/10/29, 54, 39, 2, 6,25.25,-580
2020/10/30, 60, 29, 5, 7,25.25,-581
2020/10/31, 63, 39, 7, 9,29.50,-582
2020/11/1, 70, 42, 5, 7,31.00,-583
2020/11/2, 63, 45, 10, 7,31.25,-584
2020/11/3, 60, 41, 18, 8,31.75,-585
2020/11/4, 65, 45, 21, 8,34.75,-586
2020/11/5, 73, 50, 18, 7,37.00,-587
2020/11/6, 87, 44, 16, 8,38.75,-588
2020/11/7, 91, 58, 9, 5,40.75,-589
2020/11/8, 73, 69, 2, 5,37.25,-590
2020/11/9, 63, 54, 4, 5,31.50,-591
2020/11/10, 63, 44, 13, 9,32.25,-592
2020/11/11, 92, 39, 15, 7,38.25,-593
2020/11/12, 88, 28, 15, 8,34.75,-594
2020/11/13, 82, 41, 8, 8,34.75,-595
2020/11/14, 97, 33, 13, 8,37.75,-596
2020/11/15, 106, 42, 22, 8,44.50,-597
2020/11/16, 100, 36, 14, 9,39.75,-598
2020/11/17, 106, 34, 14, 9,40.75,-599
2020/11/18, 93, 22, 10, 8,33.25,-600
2020/11/19, 83, 19, 10, 10,30.50,-601
2020/11/20, 83, 16, 8, 11,29.50,-602
2020/11/21, 61, 30, 13, 13,29.25,-603
2020/11/22, 84, 50, 13, 11,39.50,-604
2020/11/23, 80, 25, 13, 12,32.50,-605
2020/11/24, 73, 26, 7, 7,28.25,-606
2020/11/25, 48, 39, 7, 8,25.50,-607
2020/11/26, 43, 33, 6, 8,22.50,-608
2020/11/27, 61, 28, 10, 12,27.75,-609
2020/11/28, 67, 29, 9, 13,29.50,-610
2020/11/29, 78, 51, 7, 10,36.50,-611
2020/11/30, 67, 35, 6, 8,29.00,-612
2020/12/1, 67, 31, 7, 6,27.75,-613
2020/12/2, 54, 21, 9, 8,23.00,-614
2020/12/3, 56, 25, 7, 7,23.75,-615
2020/12/4, 64, 28, 6, 8,26.50,-616
2020/12/5, 51, 29, 7, 10,24.25,-617
2020/12/6, 64, 32, 4, 6,26.50,-618
2020/12/7, 38, 34, 5, 7,21.00,-619
2020/12/8, 53, 21, 5, 6,21.25,-620
2020/12/9, 45, 31, 7, 7,22.50,-621
2020/12/10, 60, 36, 5, 8,27.25,-622
2020/12/11, 63, 34, 8, 10,28.75,-623
2020/12/12, 71, 32, 14, 13,32.50,-624
2020/12/13, 76, 37, 7, 8,32.00,-625
2020/12/14, 61, 35, 9, 7,28.00,-626
2020/12/15, 56, 34, 10, 10,27.50,-627
2020/12/16, 66, 37, 15, 11,32.25,-628
2020/12/17, 69, 19, 12, 9,27.25,-629
2020/12/18, 72, 25, 5, 9,27.75,-630
2020/12/19, 60, 30, 2, 7,24.75,-631
2020/12/20, 55, 35, 2, 7,24.75,-632
2020/12/21, 47, 27, 6, 8,22.00,-633
2020/12/22, 61, 30, 6, 7,26.00,-634
2020/12/23, 72, 30, 8, 9,29.75,-635
2020/12/24, 66, 29, 4, 9,27.00,-636
2020/12/25, 63, 25, 2, 7,24.25,-637
2020/12/26, 52, 21, 3, 7,20.75,-638
2020/12/27, 45, 30, 2, 6,20.75,-639
2020/12/28, 42, 19, 2, 7,17.50,-640
2020/12/29, 50, 24, 3, 8,21.25,-641
2020/12/30, 58, 27, 4, 9,24.50,-642
2020/12/31, 55, 30, 6, 12,25.75,-643
2021/1/1, 88, 44, 7, 12,37.75,-644
2021/1/2, 154, 28, 2, 7,47.75,-645
2021/1/3, 51, 21, 2, 8,20.50,-646
2021/1/4, 42, 17, 4, 8,17.75,-647
2020/7/2, 68, 27, 6, 7,27.00,-648
2020/7/3, 60, 22, 7, 8,24.25,-649
2020/7/4, 66, 22, 5, 7,25.00,-650
2020/7/5, 67, 38, 4, 5,28.50,-651
2020/7/6, 56, 33, 6, 8,25.75,-652
2020/7/7, 71, 31, 6, 8,29.00,-653
2020/7/8, 61, 31, 7, 9,27.00,-654
2020/7/9, 66, 34, 9, 9,29.50,-655
2020/7/10, 67, 38, 4, 7,29.00,-656
2020/7/11, 62, 47, 3, 9,30.25,-657
2020/7/12, 64, 57, 2, 7,32.50,-658
2020/7/13, 59, 31, 4, 9,25.75,-659
2020/7/14, 54, 43, 12, 10,29.75,-660
2020/7/15, 70, 47, 4, 4,31.25,-661
2020/7/16, 44, 48, 4, 3,24.75,-662
2020/7/17, 37, 56, 4, 4,25.25,-663
2020/7/18, 47, 42, 2, 3,23.50,-664
2020/7/19, 36, 35, 3, 4,19.50,-665
2020/7/20, 39, 31, 4, 5,19.75,-666
2020/7/21, 51, 34, 6, 6,24.25,-667
2020/7/22, 55, 29, 5, 7,24.00,-668
2020/7/23, 68, 30, 4, 6,27.00,-669
2020/7/24, 49, 26, 6, 7,22.00,-670
2020/7/25, 59, 29, 7, 8,25.75,-671
2020/7/26, 61, 33, 3, 5,25.50,-672
2020/7/27, 59, 13, 5, 6,20.75,-673
2020/7/28, 46, 30, 17, 8,25.25,-674
2020/7/29, 69, 28, 12, 5,28.50,-675
2020/7/30, 55, 27, 8, 5,23.75,-676
2020/7/31, 50, 33, 4, 4,22.75,-677
2020/8/1, 43, 38, 3, 3,21.75,-678
2020/8/2, 44, 46, 2, 2,23.50,-679
2020/8/3, 40, 41, 5, 4,22.50,-680
2020/8/4, 57, 46, 6, 4,28.25,-681
2020/8/5, 48, 41, 6, 4,24.75,-682
2020/8/6, 45, 33, 8, 6,23.00,-683
2020/8/7, 45, 35, 5, 4,22.25,-684
2020/8/8, 49, 37, 3, 5,23.50,-685
2020/8/9, 45, 35, 2, 4,21.50,-686
2020/8/10, 38, 39, 4, 5,21.50,-687
2020/8/11, 47, 42, 10, 6,26.25,-688
2020/8/12, 62, 35, 11, 7,28.75,-689
2020/8/13, 70, 32, 8, 6,29.00,-690
2020/8/14, 68, 35, 3, 6,28.00,-691
2020/8/15, 66, 31, 4, 6,26.75,-692
2020/8/16, 62, 53, 4, 5,31.00,-693
2020/8/17, 56, 45, 7, 6,28.50,-694
2020/8/18, 63, 32, 4, 7,26.50,-695
2020/8/19, 70, 31, 3, 6,27.50,-696
2020/8/20, 58, 29, 4, 6,24.25,-697
2020/8/21, 54, 30, 4, 6,23.50,-698
2020/8/22, 47, 45, 6, 7,26.25,-699
2020/8/23, 52, 55, 4, 6,29.25,-700
2020/8/24, 57, 45, 7, 8,29.25,-701
2020/8/25, 68, 37, 6, 7,29.50,-702
2020/8/26, 67, 38, 8, 7,30.00,-703
2020/8/27, 61, 55, 7, 7,32.50,-704
2020/8/28, 58, 31, 4, 6,24.75,-705
2020/8/29, 58, 29, 6, 6,24.75,-706
2020/8/30, 64, 63, 6, 6,34.75,-707
2020/8/31, 55, 57, 7, 7,31.50,-708
2020/9/1, 69, 36, 7, 5,29.25,-709
2020/9/2, 50, 44, 7, 7,27.00,-710
2020/9/3, 61, 47, 8, 6,30.50,-711
2020/9/4, 59, 41, 6, 6,28.00,-712
2020/9/5, 52, 44, 5, 6,26.75,-713
2020/9/6, 50, 62, 5, 5,30.50,-714
2020/9/7, 59, 47, 5, 6,29.25,-715
2020/9/8, 55, 47, 6, 6,28.50,-716
2020/9/9, 56, 60, 9, 8,33.25,-717
2020/9/10, 50, 59, 7, 9,31.25,-718
2020/9/11, 56, 60, 6, 8,32.50,-719
2020/9/12, 60, 46, 6, 6,29.50,-720
2020/9/13, 58, 43, 4, 4,27.25,-721
2020/9/14, 49, 48, 3, 3,25.75,-722
2020/9/15, 39, 39, 8, 6,23.00,-723
2020/9/16, 53, 43, 19, 11,31.50,-724
2020/9/17, 83, 44, 10, 10,36.75,-725
2020/9/18, 70, 43, 10, 10,33.25,-726
2020/9/19, 77, 38, 17, 17,37.25,-727
2020/9/20, 86, 39, 6, 8,34.75,-728
2020/9/21, 70, 54, 5, 7,34.00,-729
2020/9/22, 64, 61, 7, 7,34.75,-730
2020/9/23, 50, 51, 7, 7,28.75,-731
2020/9/24, 57, , , ,57.00,-732
2020/10/1, 40, 42, 9, 5,24.00,-733
2020/4/2, 33, , 2, 4,13.00,-734
2020/4/3, 44, , 3, 4,17.00,-735
2020/4/4, 43, , 3, 5,17.00,-736
2020/4/5, 43, , 2, 4,16.33,-737
2020/4/6, 52, , 3, 4,19.67,-738
2020/4/7, 43, , 2, 4,16.33,-739
2020/4/8, 48, , 1, 4,17.67,-740
2020/4/9, 49, , 1, 5,18.33,-741
2020/4/10, 57, , 2, 5,21.33,-742
2020/4/11, 54, , , 4,29.00,-743
2020/4/12, 53, , 1, 4,19.33,-744
2020/4/13, 49, , 1, 4,18.00,-745
2020/4/14, 52, , 1, 4,19.00,-746
2020/4/15, 42, , 1, 5,16.00,-747
2020/4/16, 41, , 3, 6,16.67,-748
2020/4/17, 63, , 3, 7,24.33,-749
2020/4/18, 68, , 1, 6,25.00,-750
2020/4/19, 45, , 1, 5,17.00,-751
2020/4/20, 51, , 3, 4,19.33,-752
2020/4/21, 52, , 3, 4,19.67,-753
2020/4/22, 51, , 1, 4,18.67,-754
2020/4/23, 48, , 1, 4,17.67,-755
2020/4/24, 50, , 2, 4,18.67,-756
2020/4/25, 47, , 1, 4,17.33,-757
2020/4/26, 55, , 1, 4,20.00,-758
2020/4/27, 50, , 3, 6,19.67,-759
2020/4/28, 54, , 4, 6,21.33,-760
2020/4/29, 58, , 2, 5,21.67,-761
2020/4/30, 51, , 3, 6,20.00,-762
2020/5/1, 57, , 3, 6,22.00,-763
2020/5/2, 67, , 4, 5,25.33,-764
2020/5/3, 56, , 7, 5,22.67,-765
2020/5/4, 52, , 4, 7,21.00,-766
2020/5/5, 67, , 7, 8,27.33,-767
2020/5/6, 62, , 7, 7,25.33,-768
2020/5/7, 57, , 3, 6,22.00,-769
2020/5/8, 52, , 3, 5,20.00,-770
2020/5/9, 40, , 3, 5,16.00,-771
2020/5/10, 46, , 3, 5,18.00,-772
2020/5/11, 45, , 2, 4,17.00,-773
2020/5/12, 43, , 3, 5,17.00,-774
2020/5/13, 46, , 3, 3,17.33,-775
2020/5/14, 52, 44, 6, 8,27.50,-776
2020/5/15, 75, 42, 4, 5,31.50,-777
2020/5/16, 49, 26, 3, 4,20.50,-778
2020/5/17, 41, 13, 2, 3,14.75,-779
2020/5/18, 59, 27, 3, 5,23.50,-780
2020/5/19, 64, 12, 11, 14,25.25,-781
2020/5/20, 53, , , ,53.00,-782
2020/5/23, 49, 30, 4, 4,21.75,-783
2020/5/24, 46, 31, 3, 3,20.75,-784
2020/5/25, 35, 28, 3, 4,17.50,-785
2020/5/26, 42, 28, 3, 4,19.25,-786
2020/5/27, 48, 33, 2, 3,21.50,-787
2020/5/28, 40, 35, 7, 6,22.00,-788
2020/5/29, 48, 28, 3, 5,21.00,-789
2020/5/30, 49, 25, 2, 4,20.00,-790
2020/5/31, 45, 32, 2, 4,20.75,-791
2020/6/1, 48, 25, 4, 6,20.75,-792
2020/6/2, 48, 22, 4, 6,20.00,-793
2020/6/3, 53, 26, 5, 8,23.00,-794
2020/6/4, 62, 38, 6, 7,28.25,-795
2020/6/5, 63, 26, 6, 6,25.25,-796
2020/6/6, 59, 45, 4, 5,28.25,-797
2020/6/7, 49, 37, 2, 3,22.75,-798
2020/6/8, 48, 39, 3, 4,23.50,-799
2020/6/9, 43, 48, 5, 5,25.25,-800
2020/6/10, 56, 46, 13, 7,30.50,-801
2020/6/11, 65, 55, 6, 6,33.00,-802
2020/6/12, 67, 46, 4, 7,31.00,-803
2020/6/13, 66, 39, 13, 8,31.50,-804
2020/6/14, 84, 30, 4, 6,31.00,-805
2020/6/15, 53, 27, 4, 5,22.25,-806
2020/6/16, 38, 27, 13, 8,21.50,-807
2020/6/17, 63, 30, 6, 6,26.25,-808
2020/6/18, 49, 25, 5, 5,21.00,-809
2020/6/19, 51, 20, 7, 9,21.75,-810
2020/6/20, 65, 18, 6, 8,24.25,-811
2020/6/21, 57, 29, 3, 5,23.50,-812
2020/6/22, 48, 32, 4, 6,22.50,-813
2020/6/23, 51, 29, 8, 7,23.75,-814
2020/6/24, 59, 38, 9, 8,28.50,-815
2020/6/25, 62, 29, 7, 7,26.25,-816
2020/6/26, 63, 27, 8, 8,26.50,-817
2020/6/27, 58, 44, 5, 7,28.50,-818
2020/6/28, 58, 40, 4, 5,26.75,-819
2020/6/29, 55, 33, 6, 7,25.25,-820
2020/6/30, 64, 45, 6, 6,30.25,-821
2020/7/1, 53, 32, 7, 7,24.75,-822
2020/1/2, 71, 16, 5, 7,24.75,-823
2020/1/3, 51, 26, 6, 9,23.00,-824
2020/1/4, 59, 42, 7, 8,29.00,-825
2020/1/5, 69, 31, 3, 4,26.75,-826
2020/1/6, 38, 22, 5, 5,17.50,-827
2020/1/7, 46, 28, 10, 9,23.25,-828
2020/1/8, 79, 60, 8, 7,38.50,-829
2020/1/9, 70, 33, 10, 7,30.00,-830
2020/1/10, 66, 32, 8, 8,28.50,-831
2020/1/11, 50, 28, 7, 8,23.25,-832
2020/1/12, 56, , , ,56.00,-833
2020/1/14, 51, 44, 10, 7,28.00,-834
2020/1/15, 60, 32, 11, 8,27.75,-835
2020/1/16, 75, 29, 5, 5,28.50,-836
2020/1/17, 49, 32, 6, 6,23.25,-837
2020/1/18, 49, 28, 6, 6,22.25,-838
2020/1/19, 42, 28, 7, 6,20.75,-839
2020/1/20, 43, 25, 6, 7,20.25,-840
2020/1/21, 53, 14, 6, 8,20.25,-841
2020/1/22, 61, 14, 4, 6,21.25,-842
2020/1/23, 60, 27, 4, 7,24.50,-843
2020/1/24, 59, 32, 3, 6,25.00,-844
2020/1/25, 57, 26, 8, 11,25.50,-845
2020/1/26, 78, 28, 3, 6,28.75,-846
2020/1/27, 59, 25, 3, 7,23.50,-847
2020/1/28, 71, 23, 6, 9,27.25,-848
2020/1/29, 69, 17, 4, 8,24.50,-849
2020/1/30, 71, 30, 8, 11,30.00,-850
2020/1/31, 78, 48, 7, 11,36.00,-851
2020/2/1, 76, 14, 9, 15,28.50,-852
2020/2/2, 92, 35, 7, 11,36.25,-853
2020/2/3, 66, 39, 5, 9,29.75,-854
2020/2/4, 77, 30, 5, 6,29.50,-855
2020/2/5, 71, 50, 8, 8,34.25,-856
2020/2/6, 89, 44, 11, 8,38.00,-857
2020/2/7, 95, 37, 8, 8,37.00,-858
2020/2/8, 92, , , ,92.00,-859
2020/2/13, 85, 41, 7, 9,35.50,-860
2020/2/14, 78, 45, 10, 10,35.75,-861
2020/2/15, 93, 52, 4, 9,39.50,-862
2020/2/16, 72, 40, 4, 8,31.00,-863
2020/2/17, 75, 39, 5, 7,31.50,-864
2020/2/18, 53, 43, 7, 8,27.75,-865
2020/2/19, 58, 30, 6, 7,25.25,-866
2020/2/20, 65, 35, 6, 8,28.50,-867
2020/2/21, 85, 22, 5, 10,30.50,-868
2020/2/22, 81, 17, 5, 10,28.25,-869
2020/2/23, 68, 51, 4, 9,33.00,-870
2020/2/24, 60, 27, 3, 7,24.25,-871
2020/2/25, 53, 32, 2, 6,23.25,-872
2020/2/26, 52, 22, 4, 8,21.50,-873
2020/2/27, 64, 17, 3, 8,23.00,-874
2020/2/28, 60, 17, 3, 11,22.75,-875
2020/2/29, 72, 28, 4, 11,28.75,-876
2020/3/1, 68, 42, 3, 10,30.75,-877
2020/3/2, 64, 61, 4, 10,34.75,-878
2020/3/3, 79, 34, 5, 10,32.00,-879
2020/3/4, 69, 39, 7, 9,31.00,-880
2020/3/5, 69, 29, 6, 8,28.00,-881
2020/3/6, 75, 25, 4, 10,28.50,-882
2020/3/7, 74, 31, 2, 9,29.00,-883
2020/3/8, 71, 45, 3, 8,31.75,-884
2020/3/9, 58, 42, 7, 10,29.25,-885
2020/3/10, 91, 35, 4, 10,35.00,-886
2020/3/11, 83, 33, 5, 10,32.75,-887
2020/3/12, 60, 31, 9, 11,27.75,-888
2020/3/13, 83, 31, 5, 8,31.75,-889
2020/3/14, 59, 23, 3, 8,23.25,-890
2020/3/15, 49, 34, 2, 6,22.75,-891
2020/3/16, 44, 20, 3, 8,18.75,-892
2020/3/17, 42, 42, 2, 5,22.75,-893
2020/3/18, 42, 53, 2, 4,25.25,-894
2020/3/19, 53, 40, 5, 5,25.75,-895
2020/3/20, 41, 32, 1, 3,19.25,-896
2020/3/21, 30, 29, 2, 2,15.75,-897
2020/3/22, 39, 33, 4, 3,19.75,-898
2020/3/23, 43, 12, 3, 3,15.25,-899
2020/3/24, 60, , 1, 3,21.33,-900
2020/3/25, 69, , 3, 4,25.33,-901
2020/3/26, 76, , 3, 4,27.67,-902
2020/3/27, 50, , 2, 3,18.33,-903
2020/3/28, 53, , 2, 4,19.67,-904
2020/3/29, 38, , 2, 4,14.67,-905
2020/3/30, 47, , 2, 5,18.00,-906
2020/3/31, 63, , 2, 4,23.00,-907
2020/4/1, 50, , , 4,27.00,-908
2019/10/2, 93, 39, 6, 7,36.25,-909
2019/10/3, 72, 42, 8, 7,32.25,-910
2019/10/4, 85, 52, 7, 7,37.75,-911
2019/10/5, 59, 50, 5, 8,30.50,-912
2019/10/6, 65, 40, 3, 6,28.50,-913
2019/10/7, 49, 39, 7, 6,25.25,-914
2019/10/8, 47, 43, 11, 6,26.75,-915
2019/10/9, 65, 54, 7, 6,33.00,-916
2019/10/10, 59, 41, 4, 6,27.50,-917
2019/10/11, 47, 39, 3, 7,24.00,-918
2019/10/12, 51, 54, 8, 6,29.75,-919
2019/10/13, 84, 37, 4, 7,33.00,-920
2019/10/14, 59, 41, 5, 8,28.25,-921
2019/10/15, 68, 32, 6, 7,28.25,-922
2019/10/16, 77, 21, 4, 6,27.00,-923
2019/10/17, 65, 32, 6, 8,27.75,-924
2019/10/18, 73, 39, 9, 10,32.75,-925
2019/10/19, 88, 1, 8, 9,26.50,-926
2019/10/20, 78, , , ,78.00,-927
2019/10/23, 50, 28, 8, 9,23.75,-928
2019/10/24, 61, 28, 18, 16,30.75,-929
2019/10/25, 91, 30, 20, 16,39.25,-930
2019/10/26, 95, 19, 9, 13,34.00,-931
2019/10/27, 74, 35, 5, 10,31.00,-932
2019/10/28, 64, 37, 6, 9,29.00,-933
2019/10/29, 57, 37, 7, 8,27.25,-934
2019/10/30, 67, 32, 7, 9,28.75,-935
2019/10/31, 76, 37, 8, 9,32.50,-936
2019/11/1, 75, 49, 3, 7,33.50,-937
2019/11/2, 56, 42, 4, 7,27.25,-938
2019/11/3, 55, 43, 3, 5,26.50,-939
2019/11/4, 49, 38, 3, 5,23.75,-940
2019/11/5, 54, 39, 5, 7,26.25,-941
2019/11/6, 59, 38, 5, 8,27.50,-942
2019/11/7, 62, 34, 9, 10,28.75,-943
2019/11/8, 73, 41, 8, 10,33.00,-944
2019/11/9, 72, 23, 2, 8,26.25,-945
2019/11/10, 58, 37, 1, 7,25.75,-946
2019/11/11, 55, 19, 4, 10,22.00,-947
2019/11/12, 63, 19, 6, 11,24.75,-948
2019/11/13, 69, 20, 4, 9,25.50,-949
2019/11/14, 60, 26, 3, 6,23.75,-950
2019/11/15, 56, 15, 4, 7,20.50,-951
2019/11/16, 58, 19, 5, 9,22.75,-952
2019/11/17, 68, 26, 3, 6,25.75,-953
2019/11/18, 45, 26, 3, 7,20.25,-954
2019/11/19, 64, 20, 6, 10,25.00,-955
2019/11/20, 72, 33, 4, 8,29.25,-956
2019/11/21, 64, 21, 5, 8,24.50,-957
2019/11/22, 56, 34, 3, 8,25.25,-958
2019/11/23, 66, 31, 6, 9,28.00,-959
2019/11/24, 67, 46, 4, 8,31.25,-960
2019/11/25, 64, 36, 5, 7,28.00,-961
2019/11/26, 66, 30, 11, 11,29.50,-962
2019/11/27, 67, 20, 6, 7,25.00,-963
2019/11/28, 64, 23, 5, 7,24.75,-964
2019/11/29, 64, 26, 5, 9,26.00,-965
2019/11/30, 84, 31, 3, 8,31.50,-966
2019/12/1, 56, 3, 2, 6,16.75,-967
2019/12/2, 63, 32, 6, 9,27.50,-968
2019/12/3, 55, 35, 7, 11,27.00,-969
2019/12/4, 69, 30, 7, 9,28.75,-970
2019/12/5, 63, 39, 4, 9,28.75,-971
2019/12/6, 63, 36, 5, 9,28.25,-972
2019/12/7, 63, 33, 3, 8,26.75,-973
2019/12/8, 49, 34, 3, 8,23.50,-974
2019/12/9, 49, 30, 6, 11,24.00,-975
2019/12/10, 70, 34, 5, 10,29.75,-976
2019/12/11, 65, 43, 4, 7,29.75,-977
2019/12/12, 62, 25, 5, 7,24.75,-978
2019/12/13, 57, 28, 10, 11,26.50,-979
2019/12/14, 89, 33, 7, 11,35.00,-980
2019/12/15, 74, 43, 8, 12,34.25,-981
2019/12/16, 79, 41, 7, 10,34.25,-982
2019/12/17, 56, 43, 5, 8,28.00,-983
2019/12/18, 59, 37, 7, 12,28.75,-984
2019/12/19, 77, 24, 8, 13,30.50,-985
2019/12/20, 73, 23, 8, 14,29.50,-986
2019/12/21, 77, 28, 9, 12,31.50,-987
2019/12/22, 71, 26, 6, 9,28.00,-988
2019/12/23, 60, 22, 5, 7,23.50,-989
2019/12/24, 58, 27, 7, 10,25.50,-990
2019/12/25, 65, 40, 4, 7,29.00,-991
2019/12/26, 49, 29, 5, 7,22.50,-992
2019/12/27, 53, 29, 5, 8,23.75,-993
2019/12/28, 52, 31, 5, 8,24.00,-994
2019/12/29, 58, 35, 3, 6,25.50,-995
2019/12/30, 57, , , ,57.00,-996
2019/7/2, 59, 14, 7, 9,22.25,-997
2019/7/3, 56, 29, 9, 11,26.25,-998
2019/7/4, 93, 26, 9, 9,34.25,-999
2019/7/5, 65, 28, 15, 10,29.50,-1000
2019/7/6, 66, 24, 5, 4,24.75,-1001
2019/7/7, 35, 27, 2, 4,17.00,-1002
2019/7/8, 35, 27, 4, 6,18.00,-1003
2019/7/9, 52, 34, 9, 6,25.25,-1004
2019/7/10, 46, 40, 5, 4,23.75,-1005
2019/7/11, 37, 32, 11, 8,22.00,-1006
2019/7/12, 62, 32, 14, 10,29.50,-1007
2019/7/13, 78, 34, 12, 11,33.75,-1008
2019/7/14, 66, 30, 3, 6,26.25,-1009
2019/7/15, 51, 27, 6, 8,23.00,-1010
2019/7/16, 61, 35, 13, 8,29.25,-1011
2019/7/17, 53, 39, 9, 7,27.00,-1012
2019/7/18, 52, 36, 5, 6,24.75,-1013
2019/7/19, 42, 38, 4, 6,22.50,-1014
2019/7/20, 43, 33, 4, 6,21.50,-1015
2019/7/21, 39, 35, 3, 6,20.75,-1016
2019/7/22, 38, 28, 6, 8,20.00,-1017
2019/7/23, 61, 19, 7, 10,24.25,-1018
2019/7/24, 71, 27, 7, 9,28.50,-1019
2019/7/25, 62, 28, 9, 9,27.00,-1020
2019/7/26, 80, 36, 5, 6,31.75,-1021
2019/7/27, 61, 35, 7, 8,27.75,-1022
2019/7/28, 64, 31, 3, 6,26.00,-1023
2019/7/29, 35, 44, 5, 6,22.50,-1024
2019/7/30, 51, 42, 9, 6,27.00,-1025
2019/7/31, 55, 39, 6, 5,26.25,-1026
2019/8/1, 53, 34, 7, 7,25.25,-1027
2019/8/2, 53, 30, 9, 10,25.50,-1028
2019/8/3, 71, 36, 5, 8,30.00,-1029
2019/8/4, 44, 41, 4, 6,23.75,-1030
2019/8/5, 36, 51, 4, 6,24.25,-1031
2019/8/6, 49, 47, 6, 6,27.00,-1032
2019/8/7, 45, 45, 7, 6,25.75,-1033
2019/8/8, 53, 44, 5, 4,26.50,-1034
2019/8/9, 48, 40, 4, 4,24.00,-1035
2019/8/10, 49, 39, 3, 5,24.00,-1036
2019/8/11, 40, 15, 5, 5,16.25,-1037
2019/8/12, 27, 47, 4, 4,20.50,-1038
2019/8/13, 43, 43, 5, 4,23.75,-1039
2019/8/14, 56, 83, 4, 5,37.00,-1040
2019/8/15, 75, 84, 3, 6,42.00,-1041
2019/8/16, 87, 76, 3, 5,42.75,-1042
2019/8/17, 55, 61, 6, 7,32.25,-1043
2019/8/18, 57, 43, 5, 6,27.75,-1044
2019/8/19, 45, 42, 5, 6,24.50,-1045
2019/8/20, 63, 39, 5, 6,28.25,-1046
2019/8/21, 53, 51, 2, 5,27.75,-1047
2019/8/22, 41, 58, 1, 6,26.50,-1048
2019/8/23, 41, 58, 2, 7,27.00,-1049
2019/8/24, 57, 51, 1, 6,28.75,-1050
2019/8/25, 58, 56, 1, 6,30.25,-1051
2019/8/26, 40, 66, 1, 6,28.25,-1052
2019/8/27, 49, 63, 1, 6,29.75,-1053
2019/8/28, 35, 53, 2, 6,24.00,-1054
2019/8/29, 56, 55, 3, 7,30.25,-1055
2019/8/30, 68, 69, 3, 7,36.75,-1056
2019/8/31, 74, 51, 4, 8,34.25,-1057
2019/9/1, 56, 33, 2, 7,24.50,-1058
2019/9/2, 34, 63, 3, 9,27.25,-1059
2019/9/3, 61, 53, 8, 10,33.00,-1060
2019/9/4, 66, 48, 5, 8,31.75,-1061
2019/9/5, 41, 46, 4, 8,24.75,-1062
2019/9/6, 52, 43, 3, 5,25.75,-1063
2019/9/7, 43, 55, 2, 5,26.25,-1064
2019/9/8, 39, 66, 1, 3,27.25,-1065
2019/9/9, 36, 50, 3, 5,23.50,-1066
2019/9/10, 38, 57, 7, 7,27.25,-1067
2019/9/11, 59, 41, 10, 9,29.75,-1068
2019/9/12, 76, 36, 6, 8,31.50,-1069
2019/9/13, 99, 56, 3, 5,40.75,-1070
2019/9/14, 57, 45, 3, 6,27.75,-1071
2019/9/15, 93, 48, 3, 6,37.50,-1072
2019/9/16, 72, 54, 6, 8,35.00,-1073
2019/9/17, 73, 42, 10, 9,33.50,-1074
2019/9/18, 84, 41, 3, 8,34.00,-1075
2019/9/19, 77, 45, 3, 9,33.50,-1076
2019/9/20, 80, 55, 8, 12,38.75,-1077
2019/9/21, 88, 56, 11, 14,42.25,-1078
2019/9/22, 84, 43, 8, 10,36.25,-1079
2019/9/23, 62, 52, 4, 7,31.25,-1080
2019/9/24, 46, 58, 9, 14,31.75,-1081
2019/9/25, 77, 64, 8, 9,39.50,-1082
2019/9/26, 84, 63, 9, 10,41.50,-1083
2019/9/27, 78, 56, 4, 8,36.50,-1084
2019/9/28, 64, 44, 4, 6,29.50,-1085
2019/9/29, 71, 42, 5, 6,31.00,-1086
2019/9/30, 63, 40, 6, 8,29.25,-1087
2019/10/1, 70, 66, 10, 8,38.50,-1088
2019/4/2, 54, 25, 5, 11,23.75,-1089
2019/4/3, 54, 23, 10, 14,25.25,-1090
2019/4/4, 84, 13, 6, 12,28.75,-1091
2019/4/5, 60, 25, 4, 12,25.25,-1092
2019/4/6, 74, 19, 1, 8,25.50,-1093
2019/4/7, 63, , , ,63.00,-1094
2019/4/9, 79, 41, 12, 13,36.25,-1095
2019/4/10, 80, 49, 3, 9,35.25,-1096
2019/4/11, 68, 40, 12, 11,32.75,-1097
2019/4/12, 77, 51, 11, 10,37.25,-1098
2019/4/13, 72, 41, 5, 9,31.75,-1099
2019/4/14, 56, 39, 7, 9,27.75,-1100
2019/4/15, 57, 27, 5, 9,24.50,-1101
2019/4/16, 65, 30, 6, 8,27.25,-1102
2019/4/17, 59, 21, 5, 9,23.50,-1103
2019/4/18, 69, 30, 7, 11,29.25,-1104
2019/4/19, 68, 28, 4, 11,27.75,-1105
2019/4/20, 54, 33, 4, 10,25.25,-1106
2019/4/21, 63, 22, 1, 8,23.50,-1107
2019/4/22, 45, 15, 9, 13,20.50,-1108
2019/4/23, 71, 32, 7, 11,30.25,-1109
2019/4/24, 61, 19, 7, 13,25.00,-1110
2019/4/25, 69, 29, 12, 13,30.75,-1111
2019/4/26, 80, 22, 5, 12,29.75,-1112
2019/4/27, 64, 23, 10, 17,28.50,-1113
2019/4/28, 81, 32, 3, 9,31.25,-1114
2019/4/29, 54, 26, 6, 10,24.00,-1115
2019/4/30, 61, 20, 7, 9,24.25,-1116
2019/5/1, 56, 40, 6, 6,27.00,-1117
2019/5/2, 51, 33, 5, 9,24.50,-1118
2019/5/3, 63, 32, 7, 8,27.50,-1119
2019/5/4, 52, 28, 5, 8,23.25,-1120
2019/5/5, 47, 35, 1, 5,22.00,-1121
2019/5/6, 35, 28, 3, 7,18.25,-1122
2019/5/7, 49, 30, 6, 9,23.50,-1123
2019/5/8, 65, 22, 5, 8,25.00,-1124
2019/5/9, 70, 21, 5, 11,26.75,-1125
2019/5/10, 68, 26, 4, 10,27.00,-1126
2019/5/11, 60, 40, 7, 11,29.50,-1127
2019/5/12, 74, 31, 3, 10,29.50,-1128
2019/5/13, 67, 10, 8, 16,25.25,-1129
2019/5/14, 90, 7, 9, 13,29.75,-1130
2019/5/15, 81, 11, 11, 10,28.25,-1131
2019/5/16, 63, 32, 6, 6,26.75,-1132
2019/5/17, 60, 26, 3, 7,24.00,-1133
2019/5/18, 95, 30, 4, 6,33.75,-1134
2019/5/19, 53, 21, 2, 7,20.75,-1135
2019/5/20, 48, 21, 10, 13,23.00,-1136
2019/5/21, 94, 31, 8, 10,35.75,-1137
2019/5/22, 81, 25, 9, 8,30.75,-1138
2019/5/23, 64, 23, 10, 9,26.50,-1139
2019/5/24, 71, 30, 8, 7,29.00,-1140
2019/5/25, 51, 29, 3, 7,22.50,-1141
2019/5/26, 57, 29, 4, 8,24.50,-1142
2019/5/27, 64, 33, 9, 8,28.50,-1143
2019/5/28, 79, 27, 12, 10,32.00,-1144
2019/5/29, 76, 30, 5, 8,29.75,-1145
2019/5/30, 65, 22, 4, 8,24.75,-1146
2019/5/31, 60, 25, 3, 9,24.25,-1147
2019/6/1, 62, 32, 3, 9,26.50,-1148
2019/6/2, 61, 26, 4, 9,25.00,-1149
2019/6/3, 54, 27, 7, 9,24.25,-1150
2019/6/4, 56, 26, 9, 10,25.25,-1151
2019/6/5, 56, 29, 7, 9,25.25,-1152
2019/6/6, 52, 32, 3, 6,23.25,-1153
2019/6/7, 45, 33, 5, 8,22.75,-1154
2019/6/8, 71, 30, 11, 9,30.25,-1155
2019/6/9, 70, 29, 8, 8,28.75,-1156
2019/6/10, 63, 26, 5, 7,25.25,-1157
2019/6/11, 62, 19, 11, 10,25.50,-1158
2019/6/12, 77, 18, 17, 10,30.50,-1159
2019/6/13, 82, 15, 10, 13,30.00,-1160
2019/6/14, 89, 19, 8, 14,32.50,-1161
2019/6/15, 97, 27, 8, 12,36.00,-1162
2019/6/16, 75, 25, 5, 9,28.50,-1163
2019/6/17, 51, 27, 3, 5,21.50,-1164
2019/6/18, 46, 30, 4, 4,21.00,-1165
2019/6/19, 42, 35, 8, 6,22.75,-1166
2019/6/20, 55, 26, 7, 5,23.25,-1167
2019/6/23, 44, 29, 3, 4,20.00,-1168
2019/6/24, 38, 28, 5, 7,19.50,-1169
2019/6/25, 67, 41, 8, 9,31.25,-1170
2019/6/26, 89, 38, 9, 7,35.75,-1171
2019/6/27, 91, 34, 7, 7,34.75,-1172
2019/6/28, 66, 29, 5, 8,27.00,-1173
2019/6/29, 58, 26, 6, 8,24.50,-1174
2019/6/30, 51, 33, 2, 4,22.50,-1175
2019/7/1, 23, 21, 6, 6,14.00,-1176
2019/1/2, 59, 25, 2, 4,22.50,-1177
2019/1/3, 46, 23, 4, 6,19.75,-1178
2019/1/4, 57, 22, 3, 6,22.00,-1179
2019/1/5, 50, 28, 4, 6,22.00,-1180
2019/1/6, 54, 24, 5, 8,22.75,-1181
2019/1/7, 63, 17, 4, 9,23.25,-1182
2019/1/8, 77, 13, 3, 8,25.25,-1183
2019/1/9, 57, 16, 9, 10,23.00,-1184
2019/1/10, 69, 13, 3, 8,23.25,-1185
2019/1/11, 49, 20, 3, 6,19.50,-1186
2019/1/12, 60, 30, 4, 7,25.25,-1187
2019/1/13, 59, 9, 1, 4,18.25,-1188
2019/1/14, 43, 23, 3, 7,19.00,-1189
2019/1/15, 58, 25, 5, 9,24.25,-1190
2019/1/16, 78, 28, 7, 10,30.75,-1191
2019/1/17, 81, 28, 7, 10,31.50,-1192
2019/1/18, 73, 29, 11, 10,30.75,-1193
2019/1/19, 81, 25, 4, 8,29.50,-1194
2019/1/20, 63, 25, 1, 6,23.75,-1195
2019/1/21, 42, 27, 3, 7,19.75,-1196
2019/1/22, 63, 33, 5, 9,27.50,-1197
2019/1/23, 57, 33, 3, 7,25.00,-1198
2019/1/24, 56, 29, 2, 5,23.00,-1199
2019/1/25, 49, 34, 8, 9,25.00,-1200
2019/1/26, 65, 37, 6, 8,29.00,-1201
2019/1/27, 62, 35, 6, 8,27.75,-1202
2019/1/28, 56, 26, 3, 8,23.25,-1203
2019/1/29, 54, 37, 4, 8,25.75,-1204
2019/1/30, 59, 40, 6, 10,28.75,-1205
2019/1/31, 64, 26, 6, 11,26.75,-1206
2019/2/1, 69, 30, 3, 9,27.75,-1207
2019/2/2, 63, 32, 3, 9,26.75,-1208
2019/2/3, 55, 37, 3, 8,25.75,-1209
2019/2/4, 50, 22, 5, 11,22.00,-1210
2019/2/5, 69, 27, 4, 10,27.50,-1211
2019/2/6, 74, 29, 8, 10,30.25,-1212
2019/2/7, 75, 16, 6, 10,26.75,-1213
2019/2/8, 72, 34, 6, 11,30.75,-1214
2019/2/9, 75, 27, 5, 10,29.25,-1215
2019/2/10, 60, 31, 3, 7,25.25,-1216
2019/2/11, 59, 29, 4, 9,25.25,-1217
2019/2/12, 64, 20, 4, 9,24.25,-1218
2019/2/13, 62, 23, 5, 9,24.75,-1219
2019/2/14, 60, 35, 11, 13,29.75,-1220
2019/2/15, 87, 22, 12, 12,33.25,-1221
2019/2/16, 74, 53, 10, 12,37.25,-1222
2019/2/17, 78, 53, 4, 9,36.00,-1223
2019/2/18, 71, 27, 4, 8,27.50,-1224
2019/2/19, 62, 25, 4, 6,24.25,-1225
2019/2/20, 55, 28, 9, 9,25.25,-1226
2019/2/21, 68, 29, 7, 9,28.25,-1227
2019/2/22, 70, 37, 7, 9,30.75,-1228
2019/2/23, 67, 35, 5, 10,29.25,-1229
2019/2/24, 76, 18, 2, 7,25.75,-1230
2019/2/25, 44, 29, 4, 9,21.50,-1231
2019/2/26, 65, 32, 6, 11,28.50,-1232
2019/2/27, 82, 41, 6, 11,35.00,-1233
2019/2/28, 70, 46, 3, 9,32.00,-1234
2019/3/1, 64, 36, 6, 9,28.75,-1235
2019/3/2, 63, , , ,63.00,-1236
2019/3/4, 69, 51, 6, 6,33.00,-1237
2019/3/5, 48, , , ,48.00,-1238
2019/3/7, 78, 48, 12, 15,38.25,-1239
2019/3/8, 92, 66, 9, 12,44.75,-1240
2019/3/9, 78, 46, 6, 9,34.75,-1241
2019/3/10, 56, 37, 6, 8,26.75,-1242
2019/3/11, 47, 32, 7, 9,23.75,-1243
2019/3/12, 53, 38, 9, 10,27.50,-1244
2019/3/13, 68, 33, 10, 11,30.50,-1245
2019/3/14, 87, 47, 5, 7,36.50,-1246
2019/3/15, 77, 38, 6, 8,32.25,-1247
2019/3/16, 64, 43, 9, 9,31.25,-1248
2019/3/17, 63, 45, 6, 6,30.00,-1249
2019/3/18, 65, 48, 6, 8,31.75,-1250
2019/3/19, 74, 30, 5, 7,29.00,-1251
2019/3/20, 61, 29, 10, 12,28.00,-1252
2019/3/21, 84, 37, 5, 9,33.75,-1253
2019/3/22, 70, 27, 18, 15,32.50,-1254
2019/3/23, 81, 41, 19, 21,40.50,-1255
2019/3/24, 108, 49, 10, 16,45.75,-1256
2019/3/25, 86, 56, 10, 10,40.50,-1257
2019/3/26, 84, 70, 3, 8,41.25,-1258
2019/3/27, 68, 54, 6, 12,35.00,-1259
2019/3/28, 82, 45, 5, 10,35.50,-1260
2019/3/29, 69, 24, 6, 11,27.50,-1261
2019/3/30, 89, 28, 19, 19,38.75,-1262
2019/3/31, 89, 47, 5, 10,37.75,-1263
2019/4/1, 62, 9, 5, 10,21.50,-1264
2018/10/2, 109, 43, 19, 10,45.25,-1265
2018/10/3, 120, 47, 15, 9,47.75,-1266
2018/10/4, 102, 37, 18, 10,41.75,-1267
2018/10/5, 106, 37, 22, 11,44.00,-1268
2018/10/6, 105, 36, 16, 15,43.00,-1269
2018/10/7, 98, 40, 11, 11,40.00,-1270
2018/10/8, 87, , , ,87.00,-1271
2018/10/10, 44, 21, 15, 8,22.00,-1272
2018/10/11, 70, 25, 15, 7,29.25,-1273
2018/10/12, 79, 30, 15, 9,33.25,-1274
2018/10/13, 73, 35, 18, 9,33.75,-1275
2018/10/14, 78, 38, 9, 7,33.00,-1276
2018/10/15, 66, 52, 9, 8,33.75,-1277
2018/10/16, 83, 34, 14, 8,34.75,-1278
2018/10/17, 88, 44, 13, 9,38.50,-1279
2018/10/18, 101, 34, 10, 8,38.25,-1280
2018/10/19, 96, 54, 15, 11,44.00,-1281
2018/10/20, 110, 37, 11, 10,42.00,-1282
2018/10/21, 81, 54, 13, 8,39.00,-1283
2018/10/22, 77, 37, 20, 11,36.25,-1284
2018/10/23, 85, 37, 19, 11,38.00,-1285
2018/10/24, 83, 35, 19, 10,36.75,-1286
2018/10/25, 79, 33, 28, 8,37.00,-1287
2018/10/26, 97, 33, 18, 8,39.00,-1288
2018/10/27, 94, , , ,94.00,-1289
2018/10/29, 68, 34, 9, 8,29.75,-1290
2018/10/30, 78, 38, 10, 9,33.75,-1291
2018/10/31, 78, 30, 16, 11,33.75,-1292
2018/11/1, 96, 33, 10, 10,37.25,-1293
2018/11/2, 76, 42, 14, 9,35.25,-1294
2018/11/3, 67, 35, 6, 8,29.00,-1295
2018/11/4, 63, 36, 4, 7,27.50,-1296
2018/11/5, 53, 17, 12, 10,23.00,-1297
2018/11/6, 64, 40, 18, 9,32.75,-1298
2018/11/7, 89, 32, 17, 10,37.00,-1299
2018/11/8, 88, 28, 9, 7,33.00,-1300
2018/11/9, 55, 26, 7, 9,24.25,-1301
2018/11/10, 67, 24, 5, 9,26.25,-1302
2018/11/11, 68, 29, 15, 8,30.00,-1303
2018/11/12, 76, 24, 9, 10,29.75,-1304
2018/11/13, 73, 34, 7, 8,30.50,-1305
2018/11/14, 62, 34, 3, 7,26.50,-1306
2018/11/15, 73, 25, 9, 6,28.25,-1307
2018/11/16, 64, 27, 12, 11,28.50,-1308
2018/11/17, 76, 32, 13, 15,34.00,-1309
2018/11/18, 93, 34, 12, 15,38.50,-1310
2018/11/19, 72, 23, 13, 12,30.00,-1311
2018/11/20, 85, 27, 10, 10,33.00,-1312
2018/11/21, 79, 33, 9, 11,33.00,-1313
2018/11/22, 84, 34, 7, 12,34.25,-1314
2018/11/23, 85, 36, 5, 10,34.00,-1315
2018/11/24, 67, 34, 6, 11,29.50,-1316
2018/11/25, 79, 30, 4, 8,30.25,-1317
2018/11/26, 67, 21, 4, 7,24.75,-1318
2018/11/27, 58, 10, 7, 11,21.50,-1319
2018/11/28, 77, 33, 11, 11,33.00,-1320
2018/11/29, 76, 15, 11, 12,28.50,-1321
2018/11/30, 81, 17, 7, 12,29.25,-1322
2018/12/1, 59, 23, 10, 14,26.50,-1323
2018/12/2, 78, 33, 6, 11,32.00,-1324
2018/12/3, 58, 22, 5, 10,23.75,-1325
2018/12/4, 81, 25, 8, 11,31.25,-1326
2018/12/5, 89, 33, 10, 7,34.75,-1327
2018/12/6, 85, 37, 6, 10,34.50,-1328
2018/12/7, 79, 34, 6, 9,32.00,-1329
2018/12/8, 70, 31, 5, 8,28.50,-1330
2018/12/9, 67, 29, 4, 7,26.75,-1331
2018/12/10, 57, 25, 6, 8,24.00,-1332
2018/12/11, 59, 19, 7, 10,23.75,-1333
2018/12/12, 77, 13, 7, 10,26.75,-1334
2018/12/13, 81, 19, 6, 8,28.50,-1335
2018/12/14, 64, , 8, 12,28.00,-1336
2018/12/15, 83, 22, 12, 9,31.50,-1337
2018/12/16, 74, 34, 9, 7,31.00,-1338
2018/12/17, 60, 22, 8, 8,24.50,-1339
2018/12/18, 68, 24, 11, 8,27.75,-1340
2018/12/19, 66, 19, 10, 9,26.00,-1341
2018/12/20, 75, 18, 7, 9,27.25,-1342
2018/12/21, 68, 22, 6, 11,26.75,-1343
2018/12/22, 85, , , ,85.00,-1344
2018/12/24, 41, 20, 3, 7,17.75,-1345
2018/12/25, 55, 25, 1, 4,21.25,-1346
2018/12/26, 48, 25, 2, 4,19.75,-1347
2018/12/27, 55, 25, 3, 5,22.00,-1348
2018/12/28, 55, 26, 3, 5,22.25,-1349
2018/12/29, 55, 26, 4, 7,23.00,-1350
2018/12/30, 61, 28, 2, 5,24.00,-1351
2018/12/31, 52, , , ,52.00,-1352
2018/8/26, 43, 52, 4, 5,26.00,-1353
2018/8/27, 33, 45, 5, 6,22.25,-1354
2018/8/28, 43, 48, 4, 4,24.75,-1355
2018/8/29, 32, 48, 4, 5,22.25,-1356
2018/8/30, 33, 51, 6, 8,24.50,-1357
2018/8/31, 57, 58, 9, 10,33.50,-1358
2018/9/1, 67, 45, 9, 11,33.00,-1359
2018/9/2, 67, 49, 6, 9,32.75,-1360
2018/9/3, 52, 46, 6, 7,27.75,-1361
2018/9/4, 45, 49, 6, 5,26.25,-1362
2018/9/5, 33, 77, 4, 5,29.75,-1363
2018/9/6, 48, 61, 5, 6,30.00,-1364
2018/9/7, 63, 41, 4, 8,29.00,-1365
2018/9/8, 91, , , ,91.00,-1366
2018/9/11, 86, 58, 5, 7,39.00,-1367
2018/9/12, 68, 55, 5, 10,34.50,-1368
2018/9/13, 80, 45, 11, 12,37.00,-1369
2018/9/14, 104, 25, 5, 14,37.00,-1370
2018/9/15, 80, 38, 4, 10,33.00,-1371
2018/9/16, 63, 41, 7, 12,30.75,-1372
2018/9/17, 53, 35, 13, 12,28.25,-1373
2018/9/18, 78, 47, 8, 8,35.25,-1374
2018/9/19, 69, 46, 10, 6,32.75,-1375
2018/9/20, 54, 50, 4, 5,28.25,-1376
2018/9/21, 44, 40, 7, 6,24.25,-1377
2018/9/22, 48, 51, 4, 7,27.50,-1378
2018/9/23, 49, 7, 11, 8,18.75,-1379
2018/9/24, 41, , , ,41.00,-1380
2018/9/26, 48, 49, 6, 8,27.75,-1381
2018/9/27, 62, 46, 8, 8,31.00,-1382
2018/9/28, 69, 49, 7, 8,33.25,-1383
2018/9/29, 62, 52, 6, 7,31.75,-1384
2018/9/30, 62, 46, 6, 7,30.25,-1385
2018/10/1, 103, 45, 14, 10,43.00,-1386
2025/4/21, , 25, 2, 9,12.00,-1387
2025/1/16, , 24, , 6,15.00,-1388
2025/1/27, , 8, , 8,8.00,-1389
2025/2/3, , 8, , 10,9.00,-1390
2025/2/15, , 8, , 7,7.50,-1391
2025/2/24, , 13, 2, 10,8.33,-1392
2022/4/28, , 23, 9, 12,14.67,-1393
2022/2/11, , 29, 3, 7,13.00,-1394
2021/8/5, , 34, 2, 5,13.67,-1395
2021/6/21, , 26, 6, 6,12.67,-1396
2021/2/15, , 30, 5, 6,13.67,-1397
2020/9/30, , 18, 9, 7,11.33,-1398
2020/5/22, , 33, 3, 5,13.67,-1399
2020/1/1, , 21, 7, 7,11.67,-1400
2020/1/13, , 32, 6, 5,14.33,-1401
2020/2/12, , 36, 9, 11,18.67,-1402
2019/10/22, , 27, 5, 7,13.00,-1403
2019/4/8, , 54, 5, 13,24.00,-1404
2019/6/21, , 29, 3, 5,12.33,-1405
2019/6/22, , 31, 3, 6,13.33,-1406
2019/1/1, , 31, 3, 3,12.33,-1407
2019/3/3, , 46, 5, 9,20.00,-1408
2019/3/6, , 49, 9, 11,23.00,-1409
2018/10/9, , 3, 15, 8,8.67,-1410
2018/10/28, , 39, 5, 6,16.67,-1411
2018/12/23, , 2, 3, 8,4.33,-1412
2018/8/25, , 33, 5, 6,14.67,-1413
2018/9/10, , 51, 4, 8,21.00,-1414
2018/9/25, , 58, 3, 5,22.00,-1415
