date, pm25, pm10, o3, no2, so2, co
2025/6/2, 35, 31, 30, , 3, 6
2025/6/3, 38, 34, 24, , 3, 6
2025/6/4, 47, 24, 22, , 4, 5
2025/6/5, 47, 23, 26, , 3, 3
2025/6/6, 48, 28, 19, , 4, 5
2025/6/7, 42, 29, 29, , 3, 4
2025/6/8, 34, 26, 26, , 3, 2
2025/6/9, 38, 28, 28, , 3, 3
2025/6/10, 43, 20, 24, , 3, 4
2025/6/11, 51, 26, 37, , 3, 4
2025/6/12, 52, 19, 25, , 3, 3
2025/6/13, 38, 23, 22, , 3, 3
2025/6/14, 45, 19, 26, , 3, 2
2025/6/15, 37, 23, 27, , 4, 2
2025/6/16, 38, 12, 31, , 4, 3
2025/6/17, 35, 23, 16, , 4, 6
2025/6/18, 45, 37, 36, , 4, 5
2025/6/19, 37, 20, 30, , 3, 1
2025/6/20, 29, 51, 25, , 4, 4
2025/6/21, 27, , , , , 
2025/5/2, 45, 23, 34, , 2, 4
2025/5/3, 45, 22, 29, , 3, 7
2025/5/4, 39, 17, 37, , 2, 4
2025/5/5, 35, 17, 23, , 3, 8
2025/5/6, 38, 30, 27, , 3, 9
2025/5/7, 62, 25, 31, , 3, 6
2025/5/8, 44, 30, 17, , 3, 9
2025/5/9, 58, 29, 35, , 3, 10
2025/5/10, 58, 24, 27, , 3, 7
2025/5/11, 32, 15, 26, , 3, 5
2025/5/12, 25, 27, 27, , 3, 7
2025/5/13, 37, 21, 26, , 3, 5
2025/5/14, 41, 24, 35, , 3, 2
2025/5/15, 42, 21, 20, , 3, 2
2025/5/16, 39, 20, 20, , 2, 2
2025/5/17, 31, 14, 16, , 2, 4
2025/5/18, 35, 12, 22, , 2, 3
2025/5/19, 26, 28, 20, , 4, 9
2025/5/20, 60, 31, 30, , 3, 5
2025/5/21, 61, 24, 25, , 3, 5
2025/5/22, 45, 28, 27, , 3, 5
2025/5/23, 48, 23, 31, , 3, 3
2025/5/24, 28, 25, 27, , 3, 4
2025/5/25, 37, 18, 27, , 3, 3
2025/5/26, 37, 18, 24, , 3, 2
2025/5/27, 33, 24, 30, , 3, 4
2025/5/28, 46, 33, 22, , 4, 6
2025/5/29, 51, 30, 23, , 4, 7
2025/5/30, 43, 33, 27, , 3, 6
2025/5/31, 47, 26, 24, , 2, 4
2025/6/1, 32, 25, 26, , 3, 4
2025/4/2, 54, 20, 36, , 2, 4
2025/4/3, 41, 24, 36, , 2, 5
2025/4/4, 45, 27, 28, , 3, 7
2025/4/5, 53, 31, 31, , 3, 7
2025/4/6, 56, 21, 14, , 2, 3
2025/4/7, 25, 24, 21, , 3, 7
2025/4/8, 45, 26, 20, , 3, 7
2025/4/9, 47, 32, 25, , 3, 5
2025/4/10, 51, 17, 22, , 2, 2
2025/4/11, 34, 32, 13, , 3, 6
2025/4/12, 44, 32, 27, , 3, 6
2025/4/13, 49, 12, 34, , 3, 6
2025/4/14, 51, 31, 42, , 4, 5
2025/4/15, 53, 36, 40, , 5, 6
2025/4/16, 55, 36, 43, , 4, 5
2025/4/17, 47, 30, 38, , 4, 5
2025/4/18, 49, 19, 35, , 2, 3
2025/4/19, 26, 29, 50, , 3, 3
2025/4/20, 40, 22, 40, , 2, 2
2025/4/21, 29, 29, 37, , 2, 4
2025/4/22, 41, 27, 40, , 2, 4
2025/4/23, 42, 27, 39, , 2, 4
2025/4/24, 36, 23, 28, , 3, 5
2025/4/25, 46, 19, 34, , 3, 7
2025/4/26, 59, , 32, , 3, 6
2025/4/27, 48, , 34, , 2, 4
2025/4/28, 27, 27, 13, , 3, 6
2025/4/29, 44, 33, 24, , 4, 9
2025/4/30, 61, 21, 29, , 2, 5
2025/5/1, 35, 22, 21, , 2, 6
2025/1/2, 46, 18, 24, , 4, 1
2025/1/3, 29, 18, 20, , 4, 2
2025/1/4, 26, 16, 24, , 4, 1
2025/1/5, 27, 17, 26, , 4, 2
2025/1/6, 26, 23, 39, , 6, 5
2025/1/7, 49, 30, 37, , 6, 4
2025/1/8, 45, 25, 34, , 5, 4
2025/1/9, 41, 24, 28, , 6, 4
2025/1/10, 44, 25, 31, , 5, 3
2025/1/11, 42, 29, 44, , 6, 3
2025/1/12, 63, 27, 49, , 7, 3
2025/1/13, 57, 26, 36, , 5, 4
2025/1/14, 52, 21, 35, , 5, 2
2025/1/15, 38, 20, 37, , 5, 2
2025/1/16, 38, 19, 26, , 4, 1
2025/1/17, 29, 19, 28, , 5, 3
2025/1/18, 35, 22, 40, , 5, 3
2025/1/19, 42, 18, 48, , 5, 1
2025/1/20, 28, 22, 36, , 5, 3
2025/1/21, 45, 31, 51, , 8, 4
2025/1/22, 66, 25, 46, , 5, 2
2025/1/23, 47, 42, 60, , 7, 6
2025/1/24, 63, 39, 42, , 12, 5
2025/1/25, 65, 33, 32, , 6, 5
2025/1/26, 58, 32, 33, , 6, 3
2025/1/27, 41, 35, 31, , 5, 4
2025/1/28, 43, 51, 28, , 7, 4
2025/1/29, 54, 25, 4, , 5, 2
2025/1/30, 32, 43, 21, , 4, 2
2025/2/4, 28, 21, 27, , 4, 2
2025/2/5, 40, 35, 25, , 5, 2
2025/2/6, 43, 30, 26, , 5, 3
2025/2/7, 46, 44, 28, , 4, 3
2025/2/8, 47, 26, 33, , 4, 2
2025/2/9, 44, 33, 27, , 4, 1
2025/2/10, 30, 18, 19, , 4, 2
2025/2/11, 21, 34, 14, , 5, 4
2025/2/12, 34, 28, 29, , 6, 3
2025/2/13, 49, 12, 24, , 4, 2
2025/2/14, 31, , , , , 
2025/2/16, 30, 15, 22, , , 2
2025/2/17, 30, 7, 15, , , 4
2025/2/18, 37, 18, 12, , 1, 4
2025/2/19, 34, 21, 28, , 1, 4
2025/2/20, 41, 28, 22, , 2, 5
2025/2/21, 36, 26, 33, , 2, 6
2025/2/22, 63, , , , , 
2025/2/25, 47, 25, 24, , 2, 4
2025/2/26, 69, 15, 15, , 2, 4
2025/2/27, 26, 27, 27, , 2, 6
2025/2/28, 45, 31, 29, , 2, 7
2025/3/1, 53, 17, 30, , 1, 1
2025/3/2, 36, 14, 32, , 1, 2
2025/3/3, 24, 18, 35, , 1, 3
2025/3/4, 36, 19, 32, , 1, 1
2025/3/5, 41, 18, 23, , 2, 2
2025/3/6, 35, 16, 20, , 2, 4
2025/3/7, 40, 21, 29, , 2, 5
2025/3/8, 48, 21, 34, , 1, 3
2025/3/9, 44, 14, 27, , 1, 3
2025/3/10, 32, 18, 29, , 2, 4
2025/3/11, 43, , 19, , 2, 5
2025/3/12, 51, , 37, , 2, 5
2025/3/13, 59, , 20, , 2, 4
2025/3/14, 50, , 23, , 2, 4
2025/3/15, 51, , 35, , 2, 3
2025/3/16, 46, , 41, , 2, 1
2025/3/17, 49, , 28, , 2, 5
2025/3/18, 36, , 27, , 2, 4
2025/3/19, 54, , 41, , 2, 6
2025/3/20, 57, , 14, , 1, 8
2025/3/21, 52, , 29, , 2, 6
2025/3/22, 59, , 25, , 2, 3
2025/3/23, 44, , 39, , 2, 2
2025/3/24, 33, , 36, , 2, 4
2025/3/25, 51, 44, 36, , 3, 4
2025/3/26, 58, 39, 28, , 2, 3
2025/3/27, 44, 20, 22, , 2, 4
2025/3/28, 43, 22, 25, , 2, 5
2025/3/29, 48, 19, 34, , 2, 5
2025/3/30, 47, 17, 26, , 1, 4
2025/3/31, 26, 20, 17, , 2, 4
2025/4/1, 30, 28, 34, , 3, 6
2024/10/2, 60, 35, 47, , 4, 4
2024/10/3, 63, 31, 56, , 5, 4
2024/10/4, 59, 31, 52, , 6, 3
2024/10/5, 66, 29, 61, , 4, 2
2024/10/6, 51, 6, 23, , 2, 1
2024/10/7, 19, 23, 61, , 4, 2
2024/10/8, 51, 20, 44, , 3, 3
2024/10/9, 45, 24, 54, , 6, 3
2024/10/10, 56, 15, 32, , 4, 4
2024/10/11, 48, , 39, , 5, 3
2024/10/12, 49, , 54, , 5, 1
2024/10/13, 39, , 47, , 3, 1
2024/10/14, 29, , 51, , 3, 2
2024/10/15, 32, 36, 79, , 3, 4
2024/10/16, 43, 49, 69, , 5, 4
2024/10/17, 68, 45, 84, , 6, 3
2024/10/18, 65, 77, 73, , 6, 4
2024/10/19, 70, 50, 56, , 6, 5
2024/10/20, 73, 39, 59, , 3, 3
2024/10/21, 64, 41, 62, , 3, 4
2024/10/22, 69, 45, 62, , 4, 4
2024/10/23, 70, 38, 27, , 3, 3
2024/10/24, 58, 45, 47, , 6, 5
2024/10/25, 74, 46, 53, , 4, 4
2024/10/26, 64, 38, 58, , 5, 3
2024/10/27, 56, 38, 42, , 4, 4
2024/10/28, 65, 30, 32, , 4, 5
2024/10/29, 54, 43, 40, , 8, 7
2024/10/30, 64, 42, 37, , 4, 7
2024/10/31, 62, 25, 40, , 4, 6
2024/11/1, 57, 27, 38, , 3, 4
2024/11/2, 45, 24, 38, , 3, 3
2024/11/3, 41, 29, 27, , 5, 4
2024/11/4, 43, 26, 31, , 4, 5
2024/11/5, 45, 36, 47, , 4, 6
2024/11/6, 44, 44, 59, , 4, 6
2024/11/7, 61, 48, 48, , 5, 8
2024/11/8, 80, 49, 47, , 6, 6
2024/11/9, 76, 42, 53, , 5, 6
2024/11/10, 70, 42, 18, , 5, 8
2024/11/11, 64, 53, 21, , 4, 8
2024/11/12, 89, 60, 55, , 6, 5
2024/11/13, 108, 45, 42, , 6, 4
2024/11/14, 97, 49, 43, , 6, 5
2024/11/15, 96, 58, 49, , 5, 6
2024/11/16, 96, 44, 39, , 5, 3
2024/11/17, 78, 27, 34, , 3, 2
2024/11/18, 39, 14, 30, , 3, 3
2024/11/19, 62, 26, 35, , 4, 3
2024/11/20, 68, 41, 38, , 5, 4
2024/11/21, 61, 26, 24, , 3, 3
2024/11/22, 46, 25, 35, , 6, 4
2024/11/23, 64, 41, 42, , 5, 4
2024/11/24, 70, 26, 41, , 4, 4
2024/11/25, 59, 33, 40, , 4, 5
2024/11/26, 61, 29, 43, , 5, 5
2024/11/27, 62, 28, 37, , 5, 4
2024/11/28, 58, 26, 36, , 5, 4
2024/11/29, 63, 32, 31, , 6, 6
2024/11/30, 66, , 45, , 5, 4
2024/12/1, 42, , 59, , 5, 5
2024/12/2, 44, 58, 31, , 3, 3
2024/12/3, 52, 45, 44, , 3, 3
2024/12/4, 49, 32, 32, , 3, 4
2024/12/5, 30, 26, 46, , 3, 4
2024/12/6, 38, 26, 46, , 4, 4
2024/12/7, 45, 24, 40, , 4, 5
2024/12/8, 49, 22, 46, , 3, 3
2024/12/9, 28, 28, 39, , 5, 5
2024/12/10, 54, 18, 37, , 4, 4
2024/12/11, 46, 16, 34, , 3, 2
2024/12/12, 34, 24, 34, , 4, 3
2024/12/13, 42, 15, 22, , 4, 3
2024/12/14, 31, 20, 27, , 4, 3
2024/12/15, 42, 9, 34, , 3, 1
2024/12/16, 29, 19, 38, , 5, 3
2024/12/17, 51, 31, 36, , 5, 3
2024/12/18, 56, 34, 35, , 5, 5
2024/12/19, 50, 29, 34, , 5, 4
2024/12/20, 51, 28, 33, , 4, 2
2024/12/21, 46, 32, 38, , 5, 2
2024/12/22, 31, 25, 37, , 3, 1
2024/12/23, 32, 23, 30, , 4, 3
2024/12/24, 41, 24, 25, , 4, 4
2024/12/25, 47, 31, 38, , 4, 1
2024/12/26, 47, 17, 32, , 4, 1
2024/12/27, 33, 18, 31, , 4, 3
2024/12/28, 44, 16, 22, , 3, 1
2024/12/29, 26, 11, 28, , 3, 1
2024/12/30, 31, , , , , 
2024/7/2, 50, 30, 33, , 2, 4
2024/7/3, 44, 25, 37, , 3, 2
2024/7/4, 47, 26, 34, , 2, 1
2024/7/5, 40, 23, 32, , 2, 3
2024/7/6, 42, 29, 34, , 2, 4
2024/7/7, 43, 19, 40, , 2, 2
2024/7/8, 31, 28, 51, , 2, 2
2024/7/9, 35, 37, 43, , 3, 4
2024/7/10, 49, 36, 44, , 4, 3
2024/7/11, 38, 33, 51, , 4, 4
2024/7/12, 54, 41, 47, , 4, 2
2024/7/13, 45, 24, 43, , 2, 2
2024/7/14, 26, 19, 45, , 1, 1
2024/7/15, 22, 35, 50, , 2, 2
2024/7/16, 28, 42, 68, , 3, 3
2024/7/17, 37, 34, 58, , 2, 3
2024/7/18, 36, 33, 38, , 3, 5
2024/7/19, 45, 42, 35, , 3, 4
2024/7/20, 49, 28, 28, , 3, 5
2024/7/21, 35, 33, 41, , 2, 3
2024/7/22, 31, 35, 36, , 1, 2
2024/7/23, 27, 41, 39, , 3, 3
2024/7/24, 35, 46, 49, , 3, 4
2024/7/25, 47, 39, 48, , 3, 5
2024/7/26, 49, 41, 37, , 6, 6
2024/7/27, 55, 44, 39, , 4, 5
2024/7/28, 43, 30, 51, , 2, 2
2024/7/29, 26, 35, 43, , 2, 2
2024/7/30, 31, 43, 47, , 1, 1
2024/7/31, 32, 39, 58, , , 1
2024/8/1, 31, 34, 53, , , 1
2024/8/2, 35, 45, 57, , 2, 3
2024/8/3, 58, 49, 70, , 3, 4
2024/8/4, 70, 40, 55, , 1, 3
2024/8/5, 52, 38, 49, , 1, 2
2024/8/6, 47, 30, 45, , 2, 1
2024/8/7, 50, 36, 55, , 1, 2
2024/8/8, 54, 39, 57, , 3, 4
2024/8/9, 62, 44, 44, , 5, 6
2024/8/10, 76, 28, 43, , 3, 5
2024/8/11, 55, 27, 45, , 3, 2
2024/8/12, 61, 32, 43, , 2, 3
2024/8/13, 49, 33, 61, , , 2
2024/8/14, 33, 44, 57, , 3, 3
2024/8/15, 54, 36, 53, , 5, 4
2024/8/16, 48, 36, 61, , 1, 2
2024/8/17, 35, 32, 61, , , 2
2024/8/18, 31, 36, 83, , , 1
2024/8/19, 29, 31, 72, , , 2
2024/8/20, 36, 42, 63, , 2, 3
2024/8/21, 47, 40, 60, , 2, 4
2024/8/22, 54, 43, 63, , 2, 4
2024/8/23, 69, 42, 59, , 3, 4
2024/8/24, 67, 30, 48, , 1, 3
2024/8/25, 44, 33, 56, , 1, 3
2024/8/26, 54, 37, 74, , 2, 4
2024/8/27, 53, 43, 62, , 4, 4
2024/8/28, 49, 43, 78, , 1, 2
2024/8/29, 39, 42, 68, , 4, 1
2024/8/30, 54, 53, 84, , 2, 2
2024/8/31, 55, 50, 103, , 6, 3
2024/9/1, 76, 46, 101, , 5, 3
2024/9/2, 77, 46, 95, , 3, 4
2024/9/3, 66, 50, 59, , 6, 4
2024/9/4, 68, 58, 61, , 6, 8
2024/9/5, 115, 60, 59, , 3, 4
2024/9/6, 58, 57, 59, , 3, 4
2024/9/7, 59, 45, 60, , 9, 5
2024/9/8, 90, 45, 56, , 3, 5
2024/9/9, 46, 39, 62, , 3, 4
2024/9/10, 45, 45, 78, , 2, 4
2024/9/11, 41, 56, 60, , 6, 5
2024/9/12, 70, 51, 64, , 3, 5
2024/9/13, 57, 55, 73, , 5, 5
2024/9/14, 72, 53, 75, , 6, 5
2024/9/15, 58, 48, 52, , 3, 4
2024/9/16, 52, 42, 37, , 3, 4
2024/9/17, 51, 45, 74, , 2, 2
2024/9/18, 35, 44, 81, , 2, 2
2024/9/19, 40, 46, 50, , 3, 6
2024/9/20, 54, 51, 75, , 3, 8
2024/9/21, 76, 51, 56, , 4, 8
2024/9/22, 86, 40, 50, , 4, 5
2024/9/23, 67, 44, 26, , 4, 6
2024/9/24, 54, 54, 79, , 5, 6
2024/9/25, 70, 50, 61, , 5, 5
2024/9/26, 88, 57, 61, , 4, 3
2024/9/27, 79, 49, 59, , 6, 4
2024/9/28, 78, 30, 43, , 4, 3
2024/9/29, 64, 28, 60, , 3, 2
2024/9/30, 61, 27, 56, , 4, 2
2024/10/1, 58, 38, 48, , 4, 2
2024/4/2, 40, 12, 12, , 3, 3
2024/4/3, 33, , 26, , 4, 4
2024/4/4, 50, , 31, , 3, 4
2024/4/5, 56, , 36, , 4, 6
2024/4/6, 52, , 39, , 5, 5
2024/4/7, 60, , 40, , 6, 1
2024/4/8, 41, 49, 41, , 5, 4
2024/4/9, 58, 33, 40, , 4, 3
2024/4/10, 65, 46, 45, , 6, 4
2024/4/11, 74, 43, 52, , 6, 5
2024/4/12, 68, 44, 57, , 7, 6
2024/4/13, 79, 43, 64, , 5, 4
2024/4/14, 77, 40, 57, , 5, 2
2024/4/15, 69, 32, 24, , 3, 
2024/4/16, 39, 42, , , , 
2024/4/18, 19, 39, 16, , 7, 8
2024/4/19, 74, 21, 1, , 10, 39
2024/4/21, 54, , 30, , 3, 4
2024/4/22, 30, 41, 11, , 4, 6
2024/4/23, 27, 39, 29, , 6, 10
2024/4/24, 29, 31, 8, , 5, 8
2024/4/25, 36, 30, 10, , 4, 9
2024/4/26, 50, 35, 17, , 5, 12
2024/4/27, 55, 22, 23, , 3, 7
2024/4/28, 43, 17, 38, , 3, 5
2024/4/29, 28, 22, 17, , 3, 8
2024/4/30, 37, 27, 27, , 5, 7
2024/5/1, 45, 32, 35, , 5, 3
2024/5/2, 56, 29, 33, , 5, 2
2024/5/3, 54, 16, 26, , 3, 
2024/5/4, 32, 20, 28, , 3, 
2024/5/5, 35, 76, 10, , 6, 8
2024/5/6, 46, 27, 30, , 6, 5
2024/5/7, 51, 21, 26, , 4, 3
2024/5/8, 49, 27, 10, , 5, 8
2024/5/9, 59, 36, 21, , 9, 8
2024/5/10, 80, 30, 219, , 6, 3
2024/5/11, 49, 35, 28, , 7, 10
2024/5/12, 67, 37, 49, , 6, 5
2024/5/13, 53, 39, 33, , 6, 5
2024/5/14, 68, 25, 27, , 6, 2
2024/5/15, 56, 26, 32, , 5, 3
2024/5/16, 54, 19, 30, , 2, 2
2024/5/17, 43, 27, 31, , 4, 3
2024/5/18, 47, 25, 32, , 3, 2
2024/5/19, 44, 23, 29, , 3, 2
2024/5/20, 34, 26, 29, , 4, 2
2024/5/21, 37, 28, 32, , 3, 3
2024/5/22, 44, 31, 32, , 2, 3
2024/5/23, 53, 21, 26, , 1, 1
2024/5/24, 35, 24, 36, , 2, 2
2024/5/25, 38, 26, 33, , 3, 3
2024/5/26, 45, 28, 39, , 2, 2
2024/5/27, 42, 31, 35, , 3, 3
2024/5/28, 50, 24, 26, , 2, 2
2024/5/29, 41, 20, 18, , 2, 2
2024/5/30, 45, 25, 37, , 2, 3
2024/5/31, 46, 27, 27, , 2, 3
2024/6/1, 36, 29, 35, , 2, 2
2024/6/2, 33, 31, 46, , 3, 2
2024/6/3, 34, 29, 29, , 3, 3
2024/6/4, 45, 27, 21, , 2, 1
2024/6/5, 30, 19, 24, , 1, 2
2024/6/6, 37, 17, 27, , 1, 2
2024/6/7, 37, 33, 29, , 2, 3
2024/6/8, 52, 32, 32, , 1, 3
2024/6/9, 47, 31, 37, , 1, 1
2024/6/10, 44, 25, 33, , 1, 1
2024/6/11, 41, 32, 35, , 1, 1
2024/6/12, 45, 38, 35, , 2, 4
2024/6/13, 56, 24, 27, , 2, 2
2024/6/14, 43, 23, 27, , 2, 1
2024/6/15, 40, 19, 28, , 1, 2
2024/6/16, 39, 18, 35, , 1, 3
2024/6/17, 36, 29, 39, , 3, 3
2024/6/18, 39, 32, 61, , 4, 4
2024/6/19, 58, 30, 39, , 3, 4
2024/6/20, 55, 34, 35, , 3, 4
2024/6/21, 66, 20, 30, , 1, 4
2024/6/22, 45, 34, 45, , 2, 3
2024/6/23, 52, 31, 55, , 1, 1
2024/6/24, 50, 36, 52, , 1, 2
2024/6/25, 45, 32, 39, , 2, 2
2024/6/26, 40, 30, 42, , 2, 1
2024/6/27, 51, 27, 43, , 1, 1
2024/6/28, 46, 29, 40, , 1, 1
2024/6/29, 47, 32, 43, , 3, 2
2024/6/30, 48, 27, 37, , 2, 1
2024/7/1, 46, 34, 45, , 1, 3
2024/1/2, 78, 28, 29, , 2, 5
2024/1/3, 54, 16, 21, , 2, 3
2024/1/4, 40, 14, 28, , 2, 3
2024/1/5, 33, 17, 41, , 3, 4
2024/1/6, 42, 27, 55, , 3, 5
2024/1/7, 57, 28, 42, , 2, 5
2024/1/8, 44, 35, 38, , 3, 6
2024/1/9, 57, 29, 38, , 2, 4
2024/1/10, 57, 22, 40, , 2, 1
2024/1/11, 40, 24, 41, , 2, 1
2024/1/12, 45, 17, 37, , 1, 1
2024/1/13, 34, 17, 44, , 4, 3
2024/1/14, 38, 36, 49, , 4, 3
2024/1/15, 66, 32, 46, , 4, 4
2024/1/16, 54, 26, 34, , 3, 2
2024/1/17, 40, 20, 36, , 2, 2
2024/1/18, 36, 34, 40, , 2, 3
2024/1/19, 40, 31, 42, , 2, 2
2024/1/20, 37, 32, 38, , 3, 3
2024/1/21, 44, 34, 36, , 2, 1
2024/1/22, 36, 37, , , , 
2024/1/24, 44, 42, 63, , 4, 3
2024/1/25, 47, 45, 58, , 4, 4
2024/1/26, 57, 46, 60, , 4, 4
2024/1/27, 64, 135, 52, , 2, 3
2024/1/28, 61, 44, 55, , 3, 2
2024/1/29, 66, 43, 58, , 3, 3
2024/1/30, 70, 43, 58, , 4, 3
2024/1/31, 65, 40, 59, , 2, 2
2024/2/1, 63, 37, 48, , 2, 2
2024/2/2, 56, 27, 34, , 2, 1
2024/2/3, 41, 26, 46, , 2, 2
2024/2/4, 37, 13, 51, , 2, 1
2024/2/5, 28, 13, 26, , 2, 4
2024/2/6, 40, 26, 46, , 3, 4
2024/2/7, 48, 30, 18, , 4, 6
2024/2/8, 61, 31, 43, , 5, 6
2024/2/9, 87, 27, 37, , 3, 3
2024/2/10, 50, 24, 38, , 3, 2
2024/2/11, 44, 18, 41, , 2, 2
2024/2/12, 40, 14, 37, , 2, 1
2024/2/13, 32, 20, 46, , 2, 2
2024/2/14, 42, 29, 40, , 3, 4
2024/2/15, 48, 32, 37, , 2, 2
2024/2/16, 34, 43, 37, , 4, 4
2024/2/17, 52, 25, 33, , 3, 3
2024/2/18, 40, 30, 43, , 2, 1
2024/2/19, 45, 30, 33, , 3, 3
2024/2/20, 50, 12, 15, , 2, 3
2024/2/21, 35, 17, 21, , 3, 4
2024/2/22, 46, 25, 33, , 3, 4
2024/2/23, 58, 19, 31, , 3, 2
2024/2/24, 43, 19, 33, , 3, 1
2024/2/25, 36, 20, 40, , 3, 1
2024/2/26, 41, 15, 38, , 2, 2
2024/2/27, 40, 30, 52, , 4, 7
2024/2/28, 53, 37, 59, , 5, 5
2024/2/29, 72, 21, 57, , 3, 2
2024/3/1, 51, 23, 47, , 2, 1
2024/3/2, 40, 12, 35, , 2, 2
2024/3/3, 30, 11, 38, , 2, 1
2024/3/4, 33, 20, 42, , 2, 2
2024/3/5, 49, 20, 51, , 3, 3
2024/3/6, 50, 33, 53, , 3, 2
2024/3/7, 53, 32, 61, , 4, 3
2024/3/8, 65, 33, 48, , 4, 5
2024/3/9, 63, 31, 40, , 4, 4
2024/3/10, 50, 27, 43, , 3, 2
2024/3/11, 40, 36, 41, , 4, 3
2024/3/12, 48, 37, 41, , 4, 3
2024/3/13, 56, 36, 45, , 3, 2
2024/3/14, 51, 33, 36, , 4, 4
2024/3/15, 51, 31, 34, , 3, 3
2024/3/16, 55, 36, 42, , 4, 3
2024/3/17, 45, 43, 44, , 6, 3
2024/3/18, 56, 46, 42, , 6, 5
2024/3/19, 65, 44, 31, , 6, 11
2024/3/20, 88, 37, 33, , 4, 1
2024/3/21, 55, 27, 46, , 3, 3
2024/3/22, 54, 30, 31, , 3, 3
2024/3/23, 57, 35, 39, , 6, 8
2024/3/24, 80, 36, , , , 
2024/3/26, 34, 23, 25, , 4, 5
2024/3/27, 50, 24, 15, , 3, 6
2024/3/28, 41, 33, 39, , 4, 5
2024/3/29, 57, 22, 35, , 4, 4
2024/3/30, 54, 27, 45, , 6, 2
2024/3/31, 49, 18, 44, , 3, 1
2024/4/1, 41, 16, 34, , 3, 4
2023/10/2, 43, 44, 27, , 3, 3
2023/10/3, 53, 34, 28, , 2, 2
2023/10/4, 51, 45, 32, , 3, 2
2023/10/5, 66, 30, 2, , 3, 5
2023/10/6, 52, , , , , 
2023/10/9, 53, 35, , , 3, 3
2023/10/10, 53, 41, 51, , 5, 6
2023/10/11, 62, 35, 66, , 5, 6
2023/10/12, 55, 43, 60, , 5, 7
2023/10/13, 65, 40, 59, , 6, 5
2023/10/14, 57, 4, 44, , 4, 4
2023/10/15, 42, 25, 65, , 6, 4
2023/10/16, 49, 25, 60, , 5, 2
2023/10/17, 47, 31, 66, , 4, 4
2023/10/18, 52, 31, 60, , 6, 5
2023/10/19, 55, 34, 67, , 5, 5
2023/10/20, 45, 28, 53, , 4, 4
2023/10/21, 47, 29, 61, , 5, 4
2023/10/22, 57, 25, 66, , 5, 4
2023/10/23, 50, 32, 51, , 5, 6
2023/10/24, 53, 20, 51, , 4, 4
2023/10/25, 40, 19, 54, , 3, 4
2023/10/26, 48, 12, 38, , 3, 4
2023/10/27, 31, 13, 28, , 2, 4
2023/10/28, 33, 8, 30, , 3, 5
2023/10/29, 20, 14, 44, , 3, 7
2023/10/30, 36, 19, 48, , 4, 7
2023/10/31, 41, 18, 43, , 3, 2
2023/11/1, 31, 22, 33, , 4, 4
2023/11/2, 57, 24, 40, , 3, 3
2023/11/3, 42, 24, 43, , 3, 3
2023/11/4, 45, 24, 48, , 4, 3
2023/11/5, 40, 27, 53, , 5, 4
2023/11/6, 48, 38, 38, , 6, 4
2023/11/7, 54, 31, 50, , 8, 3
2023/11/8, 46, 33, 55, , 5, 4
2023/11/9, 47, 32, 52, , 4, 3
2023/11/10, 45, 36, 52, , 6, 3
2023/11/11, 39, 31, 55, , 7, 2
2023/11/12, 54, 34, 54, , 4, 2
2023/11/13, 48, 30, 42, , 4, 3
2023/11/14, 43, 38, 56, , 5, 3
2023/11/15, 46, 18, 53, , 3, 2
2023/11/16, 34, 30, 54, , 4, 3
2023/11/17, 38, 41, 56, , 3, 3
2023/11/18, 62, 30, 48, , 4, 3
2023/11/19, 51, 30, 41, , 3, 2
2023/11/20, 44, 22, 30, , 2, 3
2023/11/21, 36, 17, 29, , 2, 3
2023/11/22, 27, 9, 41, , 1, 3
2023/11/23, 29, 15, 42, , 1, 3
2023/11/24, 33, 25, 22, , 4, 3
2023/11/25, 48, 21, 46, , 2, 1
2023/11/26, 45, 22, 51, , 3, 
2023/11/27, 43, 28, 41, , 3, 3
2023/11/28, 39, 26, 36, , 2, 4
2023/11/29, 41, 25, 44, , 2, 2
2023/11/30, 47, 30, 46, , 3, 5
2023/12/1, 44, 37, 47, , 3, 4
2023/12/2, 53, 41, 55, , 4, 3
2023/12/3, 49, 37, 60, , 3, 1
2023/12/4, 48, 36, 49, , 4, 2
2023/12/5, 50, 33, 43, , 2, 3
2023/12/6, 57, 29, 41, , 2, 3
2023/12/7, 70, 26, 39, , 2, 3
2023/12/8, 49, 34, 43, , 3, 2
2023/12/9, 35, 33, 45, , 2, 2
2023/12/10, 27, 35, 46, , 2, 2
2023/12/11, 34, 41, 47, , 3, 3
2023/12/12, 43, 40, 37, , 3, 3
2023/12/13, 43, 34, 42, , 3, 3
2023/12/14, 34, 39, 44, , 2, 3
2023/12/15, 54, 14, 21, , 2, 4
2023/12/16, 26, 12, 23, , 1, 3
2023/12/17, 34, 11, 27, , 2, 3
2023/12/18, 32, 19, 28, , 2, 5
2023/12/19, 42, 13, 27, , 2, 4
2023/12/20, 32, 18, 38, , 3, 3
2023/12/21, 38, 26, 39, , 4, 5
2023/12/22, 52, 37, 52, , 3, 5
2023/12/23, 53, 15, 36, , 2, 3
2023/12/24, 39, 26, 46, , 3, 1
2023/12/25, 48, 19, 36, , 2, 
2023/12/26, 41, 17, 31, , 2, 2
2023/12/27, 27, 13, 20, , 1, 2
2023/12/28, 24, 11, 29, , 1, 2
2023/12/29, 26, 14, 33, , 2, 2
2023/12/30, 35, 12, 32, , 1, 1
2023/12/31, 27, 20, 31, , 2, 3
2024/1/1, 41, 34, 47, , 3, 3
2023/7/2, 37, 36, 45, , 2, 3
2023/7/3, 47, 31, 30, , 2, 2
2023/7/4, 48, 31, 38, , 3, 1
2023/7/5, 40, 30, 37, , 2, 3
2023/7/6, 44, 19, 27, , 2, 2
2023/7/7, 34, 17, 28, , 2, 2
2023/7/8, 36, 18, 33, , 2, 3
2023/7/9, 36, 14, 33, , 2, 2
2023/7/10, 29, 21, 37, , 3, 4
2023/7/11, 34, 25, 35, , 3, 4
2023/7/12, 40, 28, 24, , 3, 4
2023/7/13, 37, 29, 44, , 3, 3
2023/7/14, 35, 29, 31, , 3, 3
2023/7/15, 40, 22, 34, , 3, 5
2023/7/16, 39, 26, 37, , 2, 3
2023/7/17, 30, 26, 28, , 3, 4
2023/7/18, 39, 34, 45, , 2, 3
2023/7/19, 31, 34, 40, , 1, 1
2023/7/20, 25, 32, 37, , 1, 2
2023/7/21, 28, 30, 33, , 2, 2
2023/7/22, 30, 28, 40, , 1, 2
2023/7/23, 23, 26, 41, , 2, 2
2023/7/24, 29, 31, 36, , 2, 2
2023/7/25, 30, 36, 37, , 3, 2
2023/7/26, 37, 37, 38, , 3, 2
2023/7/27, 51, 35, 45, , 3, 2
2023/7/28, 59, 28, 33, , 3, 3
2023/7/29, 35, 31, 31, , 3, 2
2023/7/30, 26, 33, 36, , 3, 1
2023/7/31, 27, 31, 34, , 3, 1
2023/8/1, 30, 34, 35, , 2, 1
2023/8/2, 22, 36, 46, , 3, 3
2023/8/3, 31, 38, 48, , 4, 3
2023/8/4, 39, 37, 54, , 3, 2
2023/8/5, 36, 39, 37, , 3, 3
2023/8/6, 32, 40, 41, , 2, 1
2023/8/7, 33, 40, 35, , 3, 2
2023/8/8, 31, 27, 32, , 3, 2
2023/8/9, 23, 32, 40, , 3, 2
2023/8/10, 30, 41, 55, , 3, 3
2023/8/11, 47, 45, 42, , 3, 3
2023/8/12, 55, 39, 47, , 3, 3
2023/8/13, 47, 33, 44, , 3, 2
2023/8/14, 43, 33, 20, , 3, 5
2023/8/15, 55, 24, 17, , 2, 2
2023/8/16, 40, 31, 44, , 3, 3
2023/8/17, 58, 37, 32, , 3, 3
2023/8/18, 56, 47, 67, , 3, 4
2023/8/19, 57, 42, 64, , 3, 4
2023/8/20, 69, 14, 49, , 2, 2
2023/8/21, 29, 20, 40, , 2, 2
2023/8/22, 39, 19, 28, , 2, 3
2023/8/23, 46, 29, 77, , 3, 6
2023/8/24, 44, 27, 59, , 3, 5
2023/8/25, 42, 30, 55, , 3, 5
2023/8/26, 36, 39, 81, , 3, 5
2023/8/27, 42, 31, 85, , 2, 4
2023/8/28, 40, 34, 53, , 3, 3
2023/8/29, 42, 38, 72, , 4, 3
2023/8/30, 51, 40, 81, , 3, 2
2023/8/31, 47, 40, 72, , 5, 2
2023/9/1, 43, 40, 70, , 4, 3
2023/9/2, 48, 44, 82, , 5, 3
2023/9/3, 50, 33, 69, , 7, 2
2023/9/4, 60, 30, 71, , 5, 2
2023/9/5, 46, 29, 70, , 3, 2
2023/9/6, 33, 47, 103, , 3, 2
2023/9/7, 36, 40, 93, , 3, 3
2023/9/8, 48, 48, 89, , 5, 5
2023/9/9, 62, 49, 58, , 6, 5
2023/9/10, 62, 41, 60, , 5, 4
2023/9/11, 54, 37, 84, , 4, 3
2023/9/12, 44, 42, 58, , 5, 3
2023/9/13, 57, 45, 62, , 4, 3
2023/9/14, 56, 44, 44, , 3, 2
2023/9/15, 50, 30, 35, , 2, 2
2023/9/16, 34, 36, 46, , 2, 3
2023/9/17, 30, 44, 61, , 2, 2
2023/9/18, 5, 41, 41, , 2, 3
2023/9/19, 53, 47, 45, , 2, 3
2023/9/20, 42, 43, 46, , 2, 3
2023/9/21, 38, 53, 47, , 3, 3
2023/9/22, 53, 56, 45, , 3, 4
2023/9/23, 77, 50, 43, , 3, 4
2023/9/24, 68, 40, 42, , 2, 3
2023/9/25, 45, 40, 40, , 3, 5
2023/9/26, 50, 41, 32, , 3, 5
2023/9/27, 57, 47, 28, , 3, 5
2023/9/28, 61, 42, 32, , 3, 4
2023/9/29, 64, 2, 31, , 3, 5
2023/9/30, 56, , 21, , 2, 6
2023/10/1, 62, , 26, , 2, 2
2023/4/2, 57, 21, 41, , 2, 1
2023/4/3, 41, 19, 32, , 2, 3
2023/4/4, 41, 23, 30, , 3, 4
2023/4/5, 43, 20, 31, , 3, 4
2023/4/6, 52, 13, 39, , 2, 3
2023/4/7, 36, 8, 29, , 1, 1
2023/4/8, 22, 18, 32, , 2, 5
2023/4/9, 47, 21, 44, , 2, 2
2023/4/10, 37, 26, 32, , 3, 3
2023/4/11, 40, 25, 33, , 3, 3
2023/4/12, 53, 25, 30, , 2, 2
2023/4/13, 47, 24, 30, , 3, 3
2023/4/14, 45, 27, 40, , 3, 3
2023/4/15, 54, 23, 34, , 3, 2
2023/4/16, 43, 15, 28, , 2, 1
2023/4/17, 27, 11, 22, , 2, 3
2023/4/18, 45, 23, 30, , 3, 3
2023/4/19, 50, 21, 31, , 3, 4
2023/4/20, 49, 21, 33, , 3, 4
2023/4/21, 45, 17, 28, , 3, 3
2023/4/22, 44, 15, 28, , 3, 3
2023/4/23, 41, 11, 18, , 2, 3
2023/4/24, 36, 20, 31, , 3, 3
2023/4/25, 39, 20, 35, , 3, 2
2023/4/26, 44, 23, 20, , 4, 6
2023/4/27, 49, 26, 23, , 4, 5
2023/4/28, 49, 22, 28, , 3, 4
2023/4/29, 49, 17, 31, , 3, 2
2023/4/30, 34, 16, 28, , 2, 1
2023/5/1, 33, 14, 24, , 2, 2
2023/5/2, 38, 35, 26, , 4, 4
2023/5/3, 44, 24, 32, , 3, 3
2023/5/4, 41, 30, 28, , 3, 1
2023/5/5, 44, 34, 22, , 4, 6
2023/5/6, 41, 33, 31, , 5, 7
2023/5/7, 49, 33, 37, , 4, 4
2023/5/8, 40, 35, 37, , 4, 5
2023/5/9, 43, 31, 25, , 4, 5
2023/5/10, 45, 26, 27, , 3, 4
2023/5/11, 39, 19, 2, , 3, 4
2023/5/12, 33, 31, 33, , 4, 6
2023/5/13, 57, 26, 28, , 3, 5
2023/5/14, 47, 13, 20, , 3, 3
2023/5/15, 27, 22, 26, , 3, 4
2023/5/16, 37, 18, 29, , 3, 4
2023/5/17, 39, 29, 33, , 3, 4
2023/5/18, 45, 33, 33, , 5, 6
2023/5/19, 52, 31, 29, , 4, 5
2023/5/20, 49, 22, 27, , 3, 4
2023/5/21, 51, 12, 31, , 2, 2
2023/5/22, 32, 25, 25, , 2, 2
2023/5/23, 41, 15, 22, , 1, 3
2023/5/24, 49, 26, 39, , 3, 5
2023/5/25, 56, 15, 33, , 1, 2
2023/5/26, 33, 23, 34, , 1, 4
2023/5/27, 51, 27, 32, , 1, 4
2023/5/28, 50, 19, 35, , 1, 4
2023/5/29, 41, 22, 32, , 1, 3
2023/5/30, 44, 23, 29, , 1, 2
2023/5/31, 41, 27, 29, , 1, 3
2023/6/1, 47, 26, 26, , 2, 3
2023/6/2, 43, 28, 27, , 2, 2
2023/6/3, 41, 29, 29, , 2, 4
2023/6/4, 47, 27, 33, , 2, 3
2023/6/5, 40, 30, 24, , 2, 5
2023/6/6, 43, 31, 28, , 2, 4
2023/6/7, 50, 25, 28, , 2, 3
2023/6/8, 47, 26, 27, , 2, 3
2023/6/9, 50, 27, 27, , 2, 3
2023/6/10, 44, 32, 31, , 2, 5
2023/6/11, 53, 39, 33, , 2, 4
2023/6/12, 44, 37, 33, , 3, 3
2023/6/13, 49, 38, 38, , 3, 4
2023/6/14, 40, 39, 29, , 3, 4
2023/6/15, 43, 35, 24, , 3, 5
2023/6/16, 42, 32, 22, , 2, 2
2023/6/17, 42, 36, 30, , 2, 3
2023/6/18, 33, 26, 38, , 1, 
2023/6/19, 21, 44, 36, , 4, 2
2023/6/20, 33, 39, 35, , 1, 1
2023/6/21, 25, 35, 26, , 1, 1
2023/6/22, 28, 36, 33, , 2, 3
2023/6/23, 43, 41, 33, , 3, 3
2023/6/24, 52, 33, 35, , 2, 2
2023/6/25, 50, 28, 29, , 2, 1
2023/6/26, 44, 33, 20, , 2, 4
2023/6/27, 51, 38, 37, , 3, 4
2023/6/28, 50, 43, 38, , 3, 5
2023/6/29, 52, 37, 28, , 2, 1
2023/6/30, 21, 41, 26, , 2, 1
2023/7/1, 24, 36, 38, , 2, 2
2023/3/8, 27, 16, 19, , 2, 6
2023/3/9, 38, 9, 15, , 1, 6
2023/3/10, 25, 16, 20, , 3, 7
2023/3/11, 40, 7, 11, , 2, 8
2023/3/12, 29, 17, 19, , 2, 8
2023/3/13, 38, 15, 18, , 2, 9
2023/3/14, 44, 14, 10, , 3, 9
2023/3/15, 48, 17, 22, , 3, 9
2023/3/16, 46, 21, 16, , 2, 7
2023/3/17, 48, , , , , 
2023/3/19, 47, 20, 24, , 2, 6
2023/3/20, 41, 25, 26, , 3, 10
2023/3/21, 57, 32, 29, , 3, 9
2023/3/22, 68, 23, 33, , 3, 7
2023/3/23, 44, 15, 27, , 2, 5
2023/3/24, 41, 8, 20, , 2, 5
2023/3/25, 24, 15, 31, , 2, 5
2023/3/26, 31, 18, 44, , 2, 5
2023/3/27, 37, 21, 31, , 2, 6
2023/3/28, 48, 25, 61, , 3, 6
2023/3/29, 50, 19, 13, , 3, 2
2023/3/30, 50, 26, 49, , 3, 4
2023/3/31, 53, 28, 19, , 3, 7
2023/4/1, 59, 26, 46, , 4, 8
2022/4/2, 48, 21, 39, , 5, 6
2022/4/3, 51, 28, 44, , 3, 5
2022/4/4, 49, 29, 36, , 7, 5
2022/4/5, 66, 29, 33, , 4, 9
2022/4/6, 60, 31, 38, , 2, 5
2022/4/7, 61, 34, 36, , 3, 5
2022/4/8, 63, 34, 31, , 3, 6
2022/4/9, 56, 24, 28, , 2, 5
2022/4/10, 46, 17, 32, , 3, 4
2022/4/11, 35, 19, 20, , 2, 5
2022/4/12, 53, 30, 31, , 3, 6
2022/4/13, 51, 22, , , 4, 9
2022/4/14, 93, , , , , 
2022/4/29, 52, 29, 28, , 4, 8
2022/4/30, 58, 32, 26, , 2, 4
2022/5/1, 36, 33, 41, , 3, 4
2022/5/2, 49, 35, 35, , 3, 5
2022/5/3, 58, 39, 40, , 5, 6
2022/5/4, 61, 34, 33, , 6, 6
2022/5/5, 63, 14, 7, , 2, 6
2022/5/6, 52, , , , , 
2022/1/4, 65, 35, 40, , 4, 5
2022/1/5, 53, 11, 19, , 3, 4
2022/1/6, 37, , , , , 
2022/2/12, 33, 18, 36, , 3, 6
2022/2/13, 35, 18, 38, , 3, 6
2022/2/14, 35, 21, 39, , 3, 7
2022/2/15, 45, 20, 40, , 8, 5
2022/2/16, 53, 29, 67, , 6, 6
2022/2/17, 63, 32, 53, , 5, 5
2022/2/18, 59, 20, 31, , 4, 5
2022/2/19, 43, 21, 31, , 3, 5
2022/2/20, 37, 11, 27, , 2, 5
2022/2/21, 27, 15, 36, , 3, 5
2022/2/22, 35, 32, 45, , 6, 6
2022/2/23, 64, 31, 52, , 5, 7
2022/2/24, 71, 16, 37, , 4, 6
2022/2/25, 39, 18, 36, , 3, 7
2022/2/26, 41, 18, 37, , 3, 7
2022/2/27, 48, 16, 33, , 4, 7
2022/2/28, 40, 15, 36, , 4, 7
2022/3/1, 36, 13, 30, , 3, 6
2022/3/2, 34, 14, 29, , 5, 7
2022/3/3, 36, 18, 33, , 3, 6
2022/3/4, 40, 21, 39, , 8, 6
2022/3/5, 46, 12, 28, , 3, 6
2022/3/6, 40, 14, 27, , 3, 5
2022/3/7, 39, 14, 18, , 3, 6
2022/3/8, 39, 21, 18, , 4, 8
2022/3/9, 50, 31, 29, , 4, 8
2022/3/10, 56, 32, 34, , 5, 8
2022/3/11, 59, 26, 24, , 4, 7
2022/3/12, 44, 19, 15, , 4, 10
2022/3/13, 45, 24, 36, , 3, 6
2022/3/14, 39, 22, 37, , 4, 9
2022/3/15, 53, 17, 42, , 3, 6
2022/3/16, 42, 22, 28, , 3, 7
2022/3/17, 42, 20, 35, , 4, 6
2022/3/18, 42, 30, 38, , 5, 6
2022/3/19, 62, 19, 33, , 4, 5
2022/3/20, 47, 19, 35, , 4, 4
2022/3/21, 42, 23, 30, , 4, 6
2022/3/22, 47, 33, 45, , 7, 8
2022/3/23, 67, 28, 37, , 6, 6
2022/3/24, 55, 20, 29, , 4, 6
2022/3/25, 44, 28, 30, , 5, 7
2022/3/26, 61, 18, 25, , 4, 6
2022/3/27, 46, 24, 23, , 4, 8
2022/3/28, 62, 32, 35, , 5, 9
2022/3/29, 60, 17, 24, , 4, 7
2022/3/30, 45, 24, 34, , 5, 9
2022/3/31, 50, 28, 46, , 4, 8
2022/4/1, 66, 20, 30, , 2, 6
2021/10/2, 62, 39, 48, , 3, 12
2021/10/3, 61, 27, 37, , 2, 11
2021/10/4, 49, 42, 40, , 4, 8
2021/10/5, 60, 37, 33, , 3, 7
2021/10/6, 61, 46, 31, , 5, 8
2021/10/7, 68, 41, 31, , 3, 6
2021/10/8, 60, 43, 37, , 4, 7
2021/10/9, 69, 42, 35, , 2, 6
2021/10/10, 54, 23, 25, , 2, 9
2021/10/11, 56, 38, 39, , 5, 10
2021/10/12, 66, 43, 41, , 5, 7
2021/10/13, 67, 38, 35, , 5, 5
2021/10/14, 66, 36, 9, , 3, 7
2021/10/15, 67, 37, 7, , 5, 8
2021/10/16, 69, 26, 6, , 4, 7
2021/10/17, 48, 19, 4, , 3, 8
2021/10/18, 48, 34, 12, , 3, 10
2021/10/19, 61, 39, 17, , 4, 7
2021/10/20, 61, 31, 21, , 3, 9
2021/10/21, 59, 23, 4, , 4, 12
2021/10/22, 53, 33, 45, , 3, 9
2021/10/23, 56, 21, 44, , 2, 8
2021/10/24, 44, 26, 72, , 3, 9
2021/10/25, 45, 34, 77, , 3, 7
2021/10/26, 51, 26, 46, , 4, 7
2021/10/27, 55, 35, 49, , 4, 8
2021/10/28, 63, 36, 84, , 4, 8
2021/10/29, 62, 36, 38, , 4, 10
2021/10/30, 62, 28, 53, , 3, 8
2021/10/31, 59, 22, 41, , 3, 6
2021/11/1, 48, 16, 38, , 2, 5
2021/11/2, 34, 16, 38, , 2, 6
2021/11/3, 32, 27, 47, , 3, 8
2021/11/4, 50, 31, 47, , 4, 10
2021/11/5, 59, 28, 18, , 3, 10
2021/11/6, 59, 29, 46, , 3, 6
2021/11/7, 53, 33, 44, , 2, 5
2021/11/8, 56, 25, 40, , 2, 5
2021/11/9, 47, 16, 27, , 2, 4
2021/11/10, 35, 22, 27, , 3, 6
2021/11/11, 42, 34, 42, , 4, 7
2021/11/12, 63, 32, 26, , 3, 5
2021/11/13, 47, 33, 32, , 3, 5
2021/11/14, 54, 31, 45, , 3, 4
2021/11/15, 53, 33, 36, , 4, 5
2021/11/16, 50, 22, 30, , 2, 3
2021/11/17, 44, 19, 32, , 2, 3
2021/11/18, 35, 20, 37, , 2, 4
2021/11/19, 43, 15, 26, , 2, 7
2021/11/20, 31, 22, 37, , 2, 8
2021/11/21, 41, 31, 44, , 3, 10
2021/11/22, 56, 28, 27, , 2, 8
2021/11/23, 52, 20, 29, , 2, 6
2021/11/24, 38, 18, 33, , 2, 5
2021/11/25, 39, 22, 34, , 2, 6
2021/11/26, 54, 31, 46, , 4, 8
2021/11/27, 62, 35, 51, , 4, 10
2021/11/28, 63, 34, 57, , 6, 9
2021/11/29, 68, 18, 31, , 2, 8
2021/11/30, 37, 26, 31, , 3, 10
2021/12/1, 57, 28, 46, , 3, 7
2021/12/2, 63, 37, 43, , 9, 7
2021/12/3, 64, 31, 38, , 3, 8
2021/12/4, 61, 32, 43, , 4, 7
2021/12/5, 53, 32, 39, , 4, 8
2021/12/6, 43, 30, 39, , 3, 8
2021/12/7, 49, 45, 41, , 8, 9
2021/12/8, 57, 35, 34, , 5, 6
2021/12/9, 47, 33, 27, , 3, 7
2021/12/10, 47, 22, 34, , 2, 8
2021/12/11, 38, 19, 33, , 2, 9
2021/12/12, 30, 8, 20, , 1, 9
2021/12/13, 19, 11, 19, , 2, 10
2021/12/14, 31, 13, 17, , 2, 8
2021/12/15, 35, 22, 30, , 2, 6
2021/12/16, 47, 51, 24, , 2, 6
2021/12/17, 40, 16, 18, , 3, 10
2021/12/18, 47, 18, 21, , 3, 7
2021/12/19, 43, 16, 25, , 3, 6
2021/12/20, 32, 17, 24, , 5, 7
2021/12/21, 43, 16, 23, , 2, 7
2021/12/22, 33, 20, 28, , 2, 6
2021/12/23, 36, 24, 37, , 3, 4
2021/12/24, 40, 30, 36, , 3, 5
2021/12/25, 46, 27, 36, , 3, 5
2021/12/26, 53, 32, 46, , 4, 5
2021/12/27, 59, 27, 46, , 3, 6
2021/12/28, 56, 28, 50, , 3, 7
2021/12/29, 56, 27, 31, , 4, 7
2021/12/30, 52, 33, 41, , 8, 7
2021/12/31, 63, 40, 39, , 8, 7
2022/1/1, 66, 43, 42, , 5, 6
2022/1/2, 79, 30, 37, , 6, 6
2022/1/3, 57, 37, 49, , 9, 7
2021/7/2, 48, 48, 25, , 5, 8
2021/7/3, 61, 43, 25, , 4, 5
2021/7/4, 34, 38, 35, , 3, 4
2021/7/5, 29, 53, 43, , 4, 6
2021/7/6, 45, 44, 10, , 5, 6
2021/7/7, 62, , , , , 
2021/8/6, 54, 56, 40, , 4, 7
2021/8/7, 64, 55, 36, , 2, 7
2021/8/8, 58, 52, 49, , 2, 6
2021/8/9, 67, 48, 39, , 3, 7
2021/8/10, 66, 50, 35, , 2, 6
2021/8/11, 51, 49, 38, , 2, 6
2021/8/12, 54, 49, 35, , 3, 5
2021/8/13, 56, 34, 37, , 3, 5
2021/8/14, 61, 51, 37, , 2, 4
2021/8/15, 68, 39, 35, , 2, 2
2021/8/16, 46, 28, 35, , 1, 4
2021/8/17, 50, 48, 35, , 2, 4
2021/8/18, 52, 44, 38, , 2, 4
2021/8/19, 57, 44, 41, , 2, 4
2021/8/20, 64, 52, 43, , 5, 4
2021/8/21, 68, 46, 38, , 2, 6
2021/8/22, 64, 38, 38, , 2, 4
2021/8/23, 48, 40, 37, , 3, 5
2021/8/24, 60, 39, 35, , 3, 4
2021/8/25, 58, 30, 31, , 2, 5
2021/8/26, 49, 39, 36, , 3, 6
2021/8/27, 60, 41, 39, , 4, 6
2021/8/28, 66, 44, 37, , 4, 7
2021/8/29, 55, 49, 36, , 5, 7
2021/8/30, 57, 38, 29, , 4, 8
2021/8/31, 62, 44, 40, , 3, 13
2021/9/1, 68, 44, 38, , 4, 9
2021/9/2, 58, 37, 37, , 4, 7
2021/9/3, 51, 63, 36, , 7, 7
2021/9/4, 68, 44, 41, , 4, 6
2021/9/5, 49, 33, 38, , 2, 6
2021/9/6, 41, 23, 18, , 2, 10
2021/9/7, 49, 38, 41, , 4, 8
2021/9/8, 65, 44, 31, , 5, 8
2021/9/9, 70, 38, 37, , 6, 6
2021/9/10, 54, 45, 38, , 7, 5
2021/9/11, 64, 33, 36, , 4, 6
2021/9/12, 57, 24, 34, , 2, 6
2021/9/13, 43, 33, 42, , 4, 6
2021/9/14, 49, 59, 48, , 7, 7
2021/9/15, 56, 50, 48, , 4, 6
2021/9/16, 63, 44, 50, , 3, 6
2021/9/17, 39, 37, 55, , 2, 5
2021/9/18, 41, 46, 52, , 4, 9
2021/9/19, 64, 46, 49, , 2, 9
2021/9/20, 59, 42, 43, , 2, 7
2021/9/21, 50, 38, 39, , 3, 7
2021/9/22, 64, 44, 40, , 3, 6
2021/9/23, 58, 50, 40, , 2, 5
2021/9/24, 53, 54, 44, , 2, 6
2021/9/25, 55, 46, 56, , 2, 4
2021/9/26, 32, 48, 56, , 1, 3
2021/9/27, 33, 51, 53, , 3, 5
2021/9/28, 48, 61, 44, , 3, 5
2021/9/29, 63, 57, 41, , 2, 7
2021/9/30, 47, 34, 35, , 2, 10
2021/10/1, 44, 50, 38, , 3, 14
2021/4/2, 51, 20, 29, , 2, 6
2021/4/3, 40, 18, 25, , 2, 6
2021/4/4, 39, 23, 23, , 3, 8
2021/4/5, 49, 31, 28, , 2, 7
2021/4/6, 54, 33, 28, , 2, 6
2021/4/7, 50, 37, 31, , 3, 5
2021/4/8, 57, 27, 31, , 2, 4
2021/4/9, 40, 31, 28, , 2, 4
2021/4/10, 51, 26, 31, , 3, 5
2021/4/11, 51, 33, 32, , 3, 7
2021/4/12, 50, 34, 22, , 4, 8
2021/4/13, 57, 37, 27, , 3, 5
2021/4/14, 41, 37, 30, , 3, 5
2021/4/15, 50, 32, 26, , 2, 4
2021/4/16, 47, 35, 33, , 2, 4
2021/4/17, 48, 38, 21, , 3, 5
2021/4/18, 52, 42, 34, , 3, 5
2021/4/19, 57, 23, 15, , 3, 7
2021/4/20, 48, 34, 29, , 3, 7
2021/4/21, 53, 23, 30, , 2, 7
2021/4/22, 42, 31, 33, , 4, 6
2021/4/23, 55, 32, 27, , 2, 5
2021/4/24, 52, 12, 42, , 2, 4
2021/4/25, 38, 22, 34, , 2, 3
2021/4/26, 50, 24, 25, , 2, 5
2021/4/27, 39, 20, 22, , 3, 8
2021/4/28, 50, 20, 20, , 3, 8
2021/4/29, 47, 24, 21, , 3, 9
2021/4/30, 59, 16, 17, , 3, 7
2021/5/1, 39, 18, 47, , 2, 5
2021/5/2, 40, 13, 22, , 2, 5
2021/5/3, 33, 21, 15, , 3, 9
2021/5/4, 51, 33, 29, , 3, 8
2021/5/5, 50, 26, 28, , 2, 7
2021/5/6, 50, 24, 27, , 3, 5
2021/5/7, 40, 36, 31, , 3, 5
2021/5/8, 54, 23, 30, , 2, 3
2021/5/9, 48, 25, 21, , 2, 2
2021/5/10, 37, 31, 13, , 2, 4
2021/5/11, 24, 29, 16, , 3, 4
2021/5/12, 31, 34, 17, , 4, 6
2021/5/13, 55, 38, 20, , 4, 5
2021/5/14, 50, 32, 25, , 3, 4
2021/5/15, 51, 26, 25, , 3, 2
2021/5/16, 46, 13, 17, , 2, 2
2021/5/17, 32, 17, 12, , 2, 4
2021/5/18, 43, 24, 20, , 4, 5
2021/5/19, 45, 37, 28, , 4, 4
2021/5/20, 54, 32, 25, , 4, 4
2021/5/21, 56, , 26, , 5, 5
2021/5/22, 58, 26, 23, , 3, 4
2021/5/23, 42, 22, 23, , 2, 3
2021/5/24, 37, 30, 20, , 3, 4
2021/5/25, 44, 36, 18, , 3, 5
2021/5/26, 57, 37, 21, , 4, 5
2021/5/27, 57, 40, 21, , 4, 5
2021/5/28, 55, 36, 26, , 3, 5
2021/5/29, 53, 33, 24, , 3, 6
2021/5/30, 52, 32, 33, , 3, 8
2021/5/31, 59, 35, 20, , 5, 10
2021/6/1, 67, 36, 21, , 5, 8
2021/6/2, 66, 34, 28, , 4, 5
2021/6/3, 55, 37, 28, , 4, 5
2021/6/4, 56, 36, 28, , 5, 7
2021/6/5, 63, 38, 26, , 4, 5
2021/6/6, 46, 26, 23, , 3, 4
2021/6/7, 41, 14, 16, , 3, 4
2021/6/8, 34, 17, 12, , 4, 5
2021/6/9, 45, 26, 24, , 3, 5
2021/6/10, 52, 33, 25, , 4, 5
2021/6/11, 60, 37, 25, , 4, 5
2021/6/12, 66, 34, 27, , 4, 6
2021/6/13, 59, 13, 25, , 3, 5
2021/6/14, 32, 20, 18, , 3, 5
2021/6/15, 45, 19, 15, , 4, 7
2021/6/16, 48, 32, 22, , 6, 7
2021/6/17, 54, 34, 26, , 5, 5
2021/6/18, 53, 40, 19, , 4, 7
2021/6/19, 55, 52, 24, , 4, 8
2021/6/20, 62, , , , , 
2021/6/22, 42, 31, 28, , 5, 7
2021/6/23, 52, 33, 26, , 5, 6
2021/6/24, 58, 32, 27, , 4, 5
2021/6/25, 50, 25, 26, , 4, 4
2021/6/26, 43, 32, 28, , 4, 5
2021/6/27, 62, 31, 27, , 4, 5
2021/6/28, 56, 36, 22, , 5, 7
2021/6/29, 59, 48, 30, , 5, 5
2021/6/30, 48, 40, 23, , 5, 5
2021/7/1, 46, 39, 29, , 5, 7
2021/1/5, 25, 24, 14, , 2, 4
2021/1/6, 29, 15, 18, , 3, 5
2021/1/7, 43, 21, 29, , 3, 6
2021/1/8, 44, 22, 25, , 3, 5
2021/1/9, 50, 20, 29, , 3, 4
2021/1/10, 50, 19, 30, , 2, 4
2021/1/11, 37, 22, 30, , 2, 5
2021/1/12, 47, 26, 27, , 4, 6
2021/1/13, 54, 34, 29, , 4, 6
2021/1/14, 55, 43, 28, , 3, 6
2021/1/15, 60, 32, 28, , 2, 5
2021/1/16, 41, 27, 25, , 1, 5
2021/1/17, 43, 23, 30, , 1, 5
2021/1/18, 35, 32, 27, , 2, 5
2021/1/19, 38, 33, 32, , 3, 6
2021/1/20, 57, 27, 32, , 3, 6
2021/1/21, 47, 31, 26, , 2, 6
2021/1/22, 51, 15, 13, , 2, 5
2021/1/23, 40, 26, 27, , 2, 5
2021/1/24, 47, 23, 28, , 2, 4
2021/1/25, 39, 29, 24, , 2, 5
2021/1/26, 55, 25, 21, , 2, 4
2021/1/27, 44, 33, 31, , 2, 4
2021/1/28, 44, 34, 27, , 2, 4
2021/1/29, 45, 37, 30, , 2, 5
2021/1/30, 42, 33, 34, , 2, 5
2021/1/31, 47, 43, 34, , 4, 4
2021/2/1, 48, 39, 27, , 2, 5
2021/2/2, 47, 38, 29, , 2, 5
2021/2/3, 54, 39, 31, , 3, 6
2021/2/4, 49, 39, 34, , 3, 7
2021/2/5, 63, 28, 24, , 2, 6
2021/2/6, 48, 38, 33, , 3, 8
2021/2/7, 65, 39, 29, , 3, 7
2021/2/8, 45, 36, 21, , 2, 6
2021/2/9, 44, 37, 29, , 2, 7
2021/2/10, 51, 20, 20, , 2, 8
2021/2/11, 42, 14, 17, , 2, 7
2021/2/12, 34, 23, 19, , 2, 8
2021/2/13, 52, 14, 3, , 2, 6
2021/2/14, 52, , , , , 
2021/2/16, 39, 13, 29, , 1, 6
2021/2/17, 27, 16, 24, , 2, 4
2021/2/18, 32, 17, 26, , 1, 4
2021/2/19, 32, 29, 16, , 1, 3
2021/2/20, 29, 21, 25, , 2, 3
2021/2/21, 39, 18, 20, , 2, 2
2021/2/22, 26, 18, 17, , 2, 4
2021/2/23, 39, 43, 33, , 2, 6
2021/2/24, 63, 36, 27, , 2, 4
2021/2/25, 51, 27, 25, , 2, 6
2021/2/26, 54, 30, 23, , 2, 4
2021/2/27, 46, 20, 23, , 2, 4
2021/2/28, 36, 19, 28, , 2, 3
2021/3/1, 39, 15, 19, , 2, 5
2021/3/2, 34, 16, 13, , 2, 6
2021/3/3, 43, 16, 14, , 2, 6
2021/3/4, 47, 21, 21, , 2, 10
2021/3/5, 44, 24, 20, , 2, 8
2021/3/6, 51, 36, 39, , 3, 8
2021/3/7, 69, 29, 34, , 2, 7
2021/3/8, 56, 18, 19, , 2, 5
2021/3/9, 45, 17, 14, , 2, 6
2021/3/10, 27, 16, 15, , 2, 6
2021/3/11, 36, 21, 15, , 3, 7
2021/3/12, 44, 20, 13, , 2, 7
2021/3/13, 42, 23, 21, , 2, 9
2021/3/14, 51, 20, 25, , 2, 7
2021/3/15, 39, 18, 26, , 2, 8
2021/3/16, 41, 23, 28, , 2, 7
2021/3/17, 44, 33, 20, , 3, 11
2021/3/18, 68, 18, 20, , 2, 9
2021/3/19, 48, 30, 25, , 3, 9
2021/3/20, 61, 24, 23, , 2, 6
2021/3/21, 39, 27, 29, , 2, 6
2021/3/22, 44, 19, 18, , 2, 6
2021/3/23, 41, 22, 26, , 3, 6
2021/3/24, 45, 34, 34, , 3, 8
2021/3/25, 66, 30, 34, , 3, 7
2021/3/26, 52, 36, 36, , 3, 6
2021/3/27, 63, 34, 30, , 2, 5
2021/3/28, 63, 26, 32, , 3, 4
2021/3/29, 51, 26, 28, , 2, 5
2021/3/30, 39, 39, 23, , 3, 6
2021/3/31, 44, 31, 26, , 3, 7
2021/4/1, 42, 30, 29, , 3, 7
2020/10/2, 52, 45, 54, , 3, 5
2020/10/3, 59, 41, 43, , 2, 5
2020/10/4, 69, 34, 52, , 8, 5
2020/10/5, 61, 35, 63, , 2, 4
2020/10/6, 40, 46, 60, , 3, 4
2020/10/7, 43, 46, 62, , 2, 3
2020/10/8, 50, 19, 78, , 3, 4
2020/10/9, 36, 34, 72, , 2, 3
2020/10/10, 39, 43, 76, , 2, 3
2020/10/11, 49, 38, 72, , 2, 4
2020/10/12, 64, 42, 65, , 3, 4
2020/10/13, 47, 49, 63, , 3, 4
2020/10/14, 49, 41, 54, , 4, 5
2020/10/15, 63, 43, 55, , 4, 6
2020/10/16, 58, 42, 42, , 4, 6
2020/10/17, 54, 42, 34, , 3, 5
2020/10/18, 46, 31, 38, , 4, 6
2020/10/19, 51, 24, 37, , 1, 7
2020/10/20, 46, 36, 43, , 1, 7
2020/10/21, 62, 32, 34, , 3, 7
2020/10/22, 56, 23, 41, , 3, 5
2020/10/23, 38, 39, 38, , 4, 7
2020/10/24, 48, 37, 35, , 2, 5
2020/10/25, 66, 29, 43, , 2, 4
2020/10/26, 55, 35, 45, , 3, 4
2020/10/27, 57, 29, 27, , 3, 5
2020/10/28, 55, 17, 26, , 2, 4
2020/10/29, 30, 33, 41, , 2, 3
2020/10/30, 58, 31, 30, , 3, 5
2020/10/31, 56, 37, 36, , 3, 5
2020/11/1, 65, 40, 34, , 2, 5
2020/11/2, 56, 47, 38, , 2, 4
2020/11/3, 65, 46, 40, , 3, 4
2020/11/4, 53, 54, 41, , 4, 5
2020/11/5, 69, 63, 50, , 4, 6
2020/11/6, 88, 58, 48, , 8, 6
2020/11/7, 92, 56, 49, , 9, 6
2020/11/8, 82, 59, 58, , 3, 5
2020/11/9, 76, 52, 39, , 5, 6
2020/11/10, 69, 59, 48, , 4, 7
2020/11/11, 86, 58, 44, , 5, 5
2020/11/12, 77, 56, 45, , 6, 5
2020/11/13, 90, 58, 46, , 4, 6
2020/11/14, 95, 59, 49, , 7, 5
2020/11/15, 107, 54, 44, , 5, 6
2020/11/16, 85, 63, 37, , 6, 6
2020/11/17, 97, 55, 37, , 5, 6
2020/11/18, 89, 49, 34, , 5, 6
2020/11/19, 79, , 25, , 4, 7
2020/11/20, 80, 23, 21, , 4, 7
2020/11/21, 55, 23, 31, , 4, 7
2020/11/22, 48, 34, 37, , 4, 7
2020/11/23, 69, 27, 25, , 4, 10
2020/11/24, 61, 33, 29, , 5, 7
2020/11/25, 54, 32, 35, , 5, 7
2020/11/26, 56, 20, 37, , 3, 6
2020/11/27, 45, 29, 19, , 6, 9
2020/11/28, 68, 36, 40, , 4, 8
2020/11/29, 67, 29, 40, , 4, 7
2020/11/30, 60, 33, 30, , 5, 5
2020/12/1, 54, 30, 31, , 2, 5
2020/12/2, 54, 17, 23, , 2, 8
2020/12/3, 42, 24, 20, , 3, 8
2020/12/4, 56, 14, 24, , 2, 6
2020/12/5, 37, 26, 25, , 3, 8
2020/12/6, 55, 22, 28, , 2, 7
2020/12/7, 47, 27, 33, , 3, 6
2020/12/8, 48, 24, 25, , 3, 7
2020/12/9, 53, 30, 28, , 4, 8
2020/12/10, 54, 29, 15, , 1, 6
2020/12/11, 49, 29, 31, , 2, 6
2020/12/12, 52, 44, 37, , 3, 8
2020/12/13, 67, 27, 35, , 2, 4
2020/12/14, 52, 32, 32, , 3, 5
2020/12/15, 49, 28, 32, , 2, 5
2020/12/16, 52, 32, 39, , 4, 5
2020/12/17, 56, 21, 20, , 4, 5
2020/12/18, 54, 26, 26, , 3, 6
2020/12/19, 52, 26, 31, , 2, 5
2020/12/20, 48, 21, 38, , 1, 4
2020/12/21, 27, 22, 31, , 2, 5
2020/12/22, 47, 29, 33, , 4, 5
2020/12/23, 59, 28, 30, , 3, 7
2020/12/24, 51, 17, 28, , 2, 6
2020/12/25, 39, 12, 26, , 1, 5
2020/12/26, 33, 12, 18, , 2, 6
2020/12/27, 39, 16, 25, , 2, 5
2020/12/28, 40, 10, 21, , 2, 5
2020/12/29, 28, 17, 29, , 2, 6
2020/12/30, 44, 16, 24, , 2, 5
2020/12/31, 37, 29, 27, , 4, 5
2021/1/1, 56, 45, 33, , 5, 6
2021/1/2, 98, 10, 25, , 2, 3
2021/1/3, 28, 13, 20, , 2, 3
2021/1/4, 30, 11, 16, , 1, 4
2020/7/2, 56, 25, 17, , 2, 4
2020/7/3, 55, 28, 14, , 1, 4
2020/7/4, 49, 21, 16, , 1, 3
2020/7/5, 46, 20, 21, , 1, 3
2020/7/6, 46, 24, 22, , 2, 3
2020/7/7, 48, 26, 17, , 1, 4
2020/7/8, 48, 30, 18, , 2, 6
2020/7/9, 59, 33, 21, , 3, 4
2020/7/10, 52, 34, 23, , 2, 4
2020/7/11, 51, 30, 22, , 2, 4
2020/7/12, 50, 34, 30, , 2, 4
2020/7/13, 54, 18, 21, , 2, 5
2020/7/14, 43, 29, 27, , 2, 5
2020/7/15, 39, 24, 27, , 2, 4
2020/7/16, 37, 33, 32, , 1, 3
2020/7/17, 24, 34, 56, , 2, 3
2020/7/18, 35, 34, 43, , 2, 3
2020/7/19, 36, 28, 37, , 2, 3
2020/7/20, 34, 31, 30, , 3, 5
2020/7/21, 44, 31, 38, , 3, 5
2020/7/22, 44, 29, 34, , 3, 5
2020/7/23, 53, 31, 31, , 3, 5
2020/7/24, 45, 42, 33, , 3, 6
2020/7/25, 54, 26, 32, , 2, 6
2020/7/26, 52, 25, 34, , 2, 4
2020/7/27, 35, 29, 33, , 3, 5
2020/7/28, 45, 44, 36, , 4, 6
2020/7/29, 42, 34, 36, , 4, 6
2020/7/30, 50, 35, 33, , 3, 10
2020/7/31, 53, 41, 31, , 3, 12
2020/8/1, 41, 38, 38, , 2, 11
2020/8/2, 35, 34, 47, , 2, 10
2020/8/3, 34, 49, 40, , 3, 9
2020/8/4, 48, 41, 47, , 3, 3
2020/8/5, 43, 49, 41, , 3, 6
2020/8/6, 48, 47, 37, , 3, 7
2020/8/7, 58, 67, 65, , 3, 6
2020/8/8, 42, 49, 38, , 2, 6
2020/8/9, 45, 48, 37, , 2, 5
2020/8/10, 34, 44, 42, , 3, 7
2020/8/11, 53, 56, 47, , 5, 7
2020/8/12, 61, 49, 40, , 4, 4
2020/8/13, 61, 50, 37, , 4, 4
2020/8/14, 56, 32, 40, , 3, 4
2020/8/15, 45, 42, 38, , 3, 4
2020/8/16, 66, 35, 54, , 2, 3
2020/8/17, 47, 41, 42, , 3, 4
2020/8/18, 6, 22, 36, , 2, 4
2020/8/19, 37, 27, 32, , 2, 5
2020/8/20, 45, 20, 31, , 3, 5
2020/8/21, 42, 20, 31, , 3, 6
2020/8/22, 39, 31, 44, , 4, 7
2020/8/23, 55, 29, 45, , 2, 5
2020/8/24, 50, 39, 47, , 4, 7
2020/8/25, 56, 41, 46, , 5, 6
2020/8/26, 69, 40, 44, , 4, 4
2020/8/27, 59, 37, 56, , 5, 4
2020/8/28, 60, 25, 38, , 3, 4
2020/8/29, 47, 27, 32, , 3, 6
2020/8/30, 51, 27, 56, , 3, 5
2020/8/31, 41, 32, 62, , 3, 7
2020/9/1, 59, 25, 37, , 4, 5
2020/9/2, 53, 37, 49, , 4, 5
2020/9/3, 53, 34, 49, , 4, 5
2020/9/4, 54, 38, 43, , 4, 5
2020/9/5, 57, 35, 46, , 3, 3
2020/9/6, 35, 29, 65, , 3, 2
2020/9/7, 43, 44, 47, , 3, 3
2020/9/8, 54, 34, 51, , 3, 3
2020/9/9, 44, 40, 65, , 4, 5
2020/9/10, 59, 44, 62, , 4, 4
2020/9/11, 53, 49, 61, , 4, 4
2020/9/12, 63, 44, 50, , 4, 5
2020/9/13, 53, 42, 45, , 3, 2
2020/9/14, 39, 35, 51, , 3, 3
2020/9/15, 36, 46, 42, , 5, 4
2020/9/16, 61, 53, 51, , 6, 6
2020/9/17, 70, 37, 51, , 4, 5
2020/9/18, 62, 30, 51, , 4, 5
2020/9/19, 57, 41, 48, , 6, 7
2020/9/20, 73, 32, 46, , 4, 4
2020/9/21, 57, 36, 59, , 4, 3
2020/9/22, 49, 38, 64, , 3, 3
2020/9/23, 42, 41, 58, , 2, 2
2020/9/24, 56, , , , , 
2020/10/1, 47, 45, 50, , 3, 3
2020/4/2, 22, 19, 33, , , 4
2020/4/3, 40, 24, 36, , , 3
2020/4/4, 39, 23, 34, , , 3
2020/4/5, 37, 18, 27, , , 3
2020/4/6, 32, 18, 37, , , 2
2020/4/7, 26, 21, 35, , , 3
2020/4/8, 28, 24, 34, , , 3
2020/4/9, 36, 23, 35, , , 3
2020/4/10, 35, 23, 37, , , 3
2020/4/11, 41, 9, 28, , , 3
2020/4/12, 24, 49, 29, , , 3
2020/4/13, 33, 37, 30, , , 3
2020/4/14, 22, 13, 26, , , 4
2020/4/15, 21, 10, 34, , , 4
2020/4/16, 28, 18, 32, , , 4
2020/4/17, 39, 23, 63, , 1, 6
2020/4/18, 56, 17, 46, , , 5
2020/4/19, 40, 17, 39, , , 4
2020/4/20, 33, 22, 35, , , 5
2020/4/21, 42, 22, 33, , , 5
2020/4/22, 36, 20, 32, , , 5
2020/4/23, 36, 15, 27, , , 4
2020/4/24, 33, 16, 26, , , 4
2020/4/25, 36, 11, 33, , , 3
2020/4/26, 25, 20, 37, , , 3
2020/4/27, 43, 28, 38, , 1, 5
2020/4/28, 50, 25, 32, , , 4
2020/4/29, 45, 24, 36, , , 4
2020/4/30, 49, 20, 28, , , 4
2020/5/1, 37, 20, 22, , , 4
2020/5/2, 43, 17, 22, , , 4
2020/5/3, 32, 16, 19, , , 4
2020/5/4, 30, 21, 25, , , 5
2020/5/5, 36, 28, 26, , 1, 5
2020/5/6, 45, 29, 30, , 1, 5
2020/5/7, 41, 24, 30, , 1, 5
2020/5/8, 46, 27, 25, , , 5
2020/5/9, 35, 25, 26, , , 4
2020/5/10, 38, 21, 27, , , 6
2020/5/11, 42, 23, 24, , , 5
2020/5/12, 45, 13, 21, , , 2
2020/5/13, 37, 14, 30, , 1, 2
2020/5/14, 34, 33, 37, , 2, 5
2020/5/15, 53, 30, 37, , 1, 6
2020/5/16, 49, 24, 27, , 1, 5
2020/5/17, 33, 9, 9, , 1, 5
2020/5/18, 27, 22, 25, , 1, 6
2020/5/19, 37, 37, 17, , 4, 12
2020/5/20, 54, , , , , 
2020/5/23, 56, 34, 31, , 1, 4
2020/5/24, 42, 25, 30, , 1, 3
2020/5/25, 30, 26, 27, , 1, 4
2020/5/26, 33, 36, 24, , 1, 2
2020/5/27, 22, 34, 29, , 1, 3
2020/5/28, 33, 30, 29, , 1, 4
2020/5/29, 44, 19, 26, , 1, 4
2020/5/30, 35, 15, 23, , 1, 3
2020/5/31, 25, 15, 25, , 1, 3
2020/6/1, 24, 17, 22, , 1, 4
2020/6/2, 38, 17, 22, , 1, 5
2020/6/3, 39, 23, 27, , 2, 6
2020/6/4, 46, 29, 37, , 3, 5
2020/6/5, 46, 31, 23, , 2, 7
2020/6/6, 46, 27, 42, , 2, 5
2020/6/7, 42, 24, 31, , 1, 4
2020/6/8, 45, 30, 34, , 2, 5
2020/6/9, 57, 31, 28, , 2, 4
2020/6/10, 31, 33, 40, , 1, 3
2020/6/11, 42, 34, 27, , 1, 3
2020/6/12, 55, 28, 24, , 1, 4
2020/6/13, 48, 39, 23, , 2, 5
2020/6/14, 64, 17, 18, , 1, 4
2020/6/15, 33, 20, 16, , 1, 4
2020/6/16, 23, 27, 20, , 1, 4
2020/6/17, 37, 30, 23, , 1, 4
2020/6/18, 54, 20, 23, , 1, 5
2020/6/19, 37, 18, 19, , 1, 5
2020/6/20, 38, 17, 13, , 2, 5
2020/6/21, 39, 16, 17, , 1, 4
2020/6/22, 31, 23, 19, , 2, 5
2020/6/23, 35, 26, 17, , 2, 5
2020/6/24, 45, 34, 21, , 3, 5
2020/6/25, 46, 31, 18, , 2, 6
2020/6/26, 57, 26, 16, , 2, 6
2020/6/27, 41, 27, 24, , 1, 6
2020/6/28, 47, 27, 24, , 1, 6
2020/6/29, 50, 36, 20, , 2, 7
2020/6/30, 58, 34, 24, , 1, 3
2020/7/1, 52, 35, 21, , 1, 3
2020/1/2, 46, 18, 17, , 2, 7
2020/1/3, 35, 24, 28, , 2, 8
2020/1/4, 45, 31, 38, , 2, 7
2020/1/5, 45, 26, 27, , 2, 5
2020/1/6, 29, 16, 22, , 2, 6
2020/1/7, 36, 37, 33, , 2, 7
2020/1/8, 51, 35, 45, , 3, 6
2020/1/9, 72, 61, 35, , 3, 5
2020/1/10, 57, 50, 33, , 2, 6
2020/1/11, 58, 42, 28, , 1, 5
2020/1/12, 44, 37, 26, , , 4
2020/1/13, 35, 42, 31, , , 4
2020/1/14, 44, 54, 47, , 3, 7
2020/1/15, 83, 48, 32, , 4, 10
2020/1/16, 106, 61, 27, , 1, 5
2020/1/17, 47, 53, 26, , , 5
2020/1/18, 34, 43, 24, , 1, 5
2020/1/19, 30, 32, 31, , 1, 5
2020/1/20, 31, 30, 30, , , 6
2020/1/21, 39, 15, 17, , , 6
2020/1/22, 32, 13, 20, , , 4
2020/1/23, 30, 25, 24, , 1, 4
2020/1/24, 36, 22, 30, , 1, 5
2020/1/25, 37, 29, 32, , 1, 6
2020/1/26, 45, 22, 33, , , 4
2020/1/27, 42, 20, 25, , , 5
2020/1/28, 39, 31, 23, , 1, 7
2020/1/29, 53, 24, 22, , , 4
2020/1/30, 46, 36, 31, , 2, 6
2020/1/31, 60, 42, 43, , 1, 9
2020/2/1, 72, 35, 24, , 3, 9
2020/2/2, 62, 35, 37, , , 5
2020/2/3, 38, 37, 36, , 2, 8
2020/2/4, 55, 39, 36, , 1, 7
2020/2/5, 54, 54, 51, , 5, 10
2020/2/6, 75, 53, 47, , 4, 8
2020/2/7, 74, 63, 54, , 3, 9
2020/2/8, 84, , , , , 
2020/2/13, 74, 48, 43, , 2, 7
2020/2/14, 66, 53, 50, , 2, 7
2020/2/15, 69, 50, 58, , 2, 7
2020/2/16, 53, 50, 43, , 1, 6
2020/2/17, 54, 54, 36, , 2, 5
2020/2/18, 55, 53, 42, , 2, 5
2020/2/19, 41, 46, 35, , 2, 6
2020/2/20, 58, 44, 35, , 2, 6
2020/2/21, 46, 21, 24, , 1, 6
2020/2/22, 40, 16, 23, , 1, 6
2020/2/23, 38, 27, 53, , 1, 6
2020/2/24, 45, 18, 29, , 1, 6
2020/2/25, 40, 25, 33, , 1, 4
2020/2/26, 44, 18, 23, , 1, 5
2020/2/27, 38, 17, 28, , 1, 5
2020/2/28, 40, 27, 34, , 1, 6
2020/2/29, 50, 35, 47, , 2, 7
2020/3/1, 62, 39, 50, , 1, 7
2020/3/2, 58, 6, 45, , 2, 7
2020/3/3, 63, 39, 41, , 2, 6
2020/3/4, 54, 36, 38, , 2, 6
2020/3/5, 57, 38, 36, , 2, 6
2020/3/6, 59, 25, 24, , 2, 7
2020/3/7, 52, 20, 30, , 1, 7
2020/3/8, 45, 32, 42, , 1, 6
2020/3/9, 47, 43, 43, , 2, 9
2020/3/10, 72, 34, 27, , 1, 9
2020/3/11, 75, 31, 35, , , 7
2020/3/12, 62, 25, 34, , 1, 6
2020/3/13, 55, , 36, , 1, 6
2020/3/14, 42, , 24, , , 5
2020/3/15, 26, , 32, , , 5
2020/3/16, 26, 19, 24, , , 5
2020/3/17, 26, 11, 38, , , 4
2020/3/18, 29, 21, 44, , , 4
2020/3/19, 45, 21, 39, , , 4
2020/3/20, 35, 8, 29, , , 3
2020/3/21, 20, 20, 30, , , 4
2020/3/22, 30, 24, 34, , , 3
2020/3/23, 35, 30, 41, , , 4
2020/3/24, 51, 35, 50, , , 4
2020/3/25, 70, 28, 46, , , 4
2020/3/26, 67, 26, 49, , , 4
2020/3/27, 50, 19, 33, , , 4
2020/3/28, 37, 10, 41, , , 4
2020/3/29, 22, 9, 20, , , 4
2020/3/30, 26, , , , , 
2019/10/2, 79, 30, 38, , 2, 6
2019/10/3, 66, 27, 37, , 3, 6
2019/10/4, 62, 43, 36, , 3, 7
2019/10/5, 67, 33, 39, , 2, 4
2019/10/6, 62, 27, 34, , , 3
2019/10/7, 41, 16, 35, , 1, 4
2019/10/8, 37, 37, 36, , 6, 5
2019/10/9, 65, 35, 45, , 1, 5
2019/10/10, 58, 35, 36, , 2, 5
2019/10/11, 61, 36, 31, , 2, 5
2019/10/12, 59, 50, 46, , 3, 4
2019/10/13, 70, 39, 33, , 1, 4
2019/10/14, 57, 55, 39, , 3, 4
2019/10/15, 57, 44, 33, , 2, 6
2019/10/16, 68, 43, 33, , 2, 5
2019/10/17, 66, 38, 34, , 2, 6
2019/10/18, 68, 39, 41, , 2, 7
2019/10/19, 64, 27, 5, , 1, 6
2019/10/20, 60, , , , , 
2019/10/23, 39, 22, 22, , 3, 9
2019/10/24, 53, 36, 22, , 5, 11
2019/10/25, 72, 44, 31, , 4, 11
2019/10/26, 80, 35, 27, , 2, 7
2019/10/27, 59, 29, 38, , 1, 5
2019/10/28, 47, 27, 26, , 1, 4
2019/10/29, 45, 33, 36, , 2, 6
2019/10/30, 56, 32, 32, , 2, 6
2019/10/31, 58, 35, 40, , 2, 6
2019/11/1, 61, 31, 42, , 1, 5
2019/11/2, 47, 18, 44, , 1, 5
2019/11/3, 36, 20, 35, , , 4
2019/11/4, 41, 19, 33, , 1, 4
2019/11/5, 35, 30, 33, , 1, 6
2019/11/6, 47, 31, 35, , 2, 6
2019/11/7, 52, 36, 25, , 2, 7
2019/11/8, 60, 42, 41, , 4, 6
2019/11/9, 50, 29, 28, , 3, 6
2019/11/10, 42, 21, 32, , 2, 5
2019/11/11, 36, 16, 19, , 3, 7
2019/11/12, 39, 24, 25, , 3, 7
2019/11/13, 49, 14, 24, , 2, 6
2019/11/14, 39, 18, 23, , 2, 4
2019/11/15, 40, 18, 7, , 3, 6
2019/11/16, 41, 25, 21, , 3, 6
2019/11/17, 44, 22, 26, , 2, 4
2019/11/18, 32, 29, 30, , 2, 5
2019/11/19, 52, 37, 26, , 3, 6
2019/11/20, 58, 26, 39, , 3, 6
2019/11/21, 49, 23, 26, , 2, 6
2019/11/22, 46, 30, 34, , 3, 6
2019/11/23, 57, 32, 32, , 3, 8
2019/11/24, 63, 32, 40, , 2, 6
2019/11/25, 65, 35, 35, , 3, 6
2019/11/26, 47, 39, 28, , 4, 6
2019/11/27, 51, 38, 25, , 3, 6
2019/11/28, 45, 36, 28, , 3, 5
2019/11/29, 51, 40, 32, , 3, 6
2019/11/30, 65, 36, 33, , 2, 5
2019/12/1, 48, 24, 34, , 3, 7
2019/12/2, 45, 36, 35, , 4, 8
2019/12/3, 55, 42, 37, , 3, 7
2019/12/4, 62, 32, 33, , 3, 7
2019/12/5, 58, 27, 37, , 3, 8
2019/12/6, 60, 20, 36, , 2, 7
2019/12/7, 51, 14, 32, , 2, 6
2019/12/8, 33, 21, 32, , 2, 6
2019/12/9, 29, 26, 26, , 4, 7
2019/12/10, 53, 27, 34, , 3, 6
2019/12/11, 62, 31, 39, , 4, 6
2019/12/12, 55, 21, 28, , 3, 6
2019/12/13, 48, 38, 31, , 3, 8
2019/12/14, 69, 45, 35, , 3, 8
2019/12/15, 70, 48, 45, , 3, 8
2019/12/16, 67, 44, 38, , 3, 7
2019/12/17, 63, 28, 41, , 3, 7
2019/12/18, 59, 37, 31, , 3, 8
2019/12/19, 59, 33, 30, , 3, 9
2019/12/20, 64, 41, 29, , 4, 10
2019/12/21, 70, 47, 31, , 4, 8
2019/12/22, 53, 40, 28, , 3, 7
2019/12/23, 46, 39, 26, , 3, 6
2019/12/25, 53, 41, 36, , 2, 6
2019/12/26, 45, 39, 29, , 3, 6
2019/12/27, 47, 33, 28, , 3, 7
2019/12/28, 47, 40, 32, , 3, 7
2019/12/29, 55, 34, 34, , 2, 5
2019/12/30, 43, , , , , 
2019/7/2, 51, 49, 31, , 2, 8
2019/7/3, 72, 48, 23, , 2, 8
2019/7/4, 73, 45, 23, , 3, 9
2019/7/5, 71, 43, 29, , 3, 6
2019/7/6, 58, 43, 24, , 3, 5
2019/7/7, 43, 28, 25, , , 5
2019/7/8, 33, 37, 23, , 1, 7
2019/7/9, 51, 39, 29, , 2, 8
2019/7/10, 47, 55, 33, , 1, 6
2019/7/11, 41, 51, 35, , 1, 7
2019/7/12, 56, 47, 32, , 2, 10
2019/7/13, 68, 45, 26, , 2, 11
2019/7/14, 64, 24, 24, , , 8
2019/7/15, 48, 26, 28, , 1, 9
2019/7/16, 52, 34, 26, , 2, 8
2019/7/17, 52, 50, 31, , 2, 6
2019/7/18, 42, 48, 30, , 1, 5
2019/7/19, 40, 50, 30, , 1, 5
2019/7/20, 40, 44, 25, , 1, 4
2019/7/21, 33, 41, 27, , 1, 5
2019/7/22, 38, 42, 29, , 1, 6
2019/7/23, 52, 29, 21, , 1, 7
2019/7/24, 51, 24, 27, , 1, 8
2019/7/25, 49, 35, 29, , 2, 8
2019/7/26, 66, 39, 31, , 2, 7
2019/7/27, 48, 42, 32, , 2, 8
2019/7/28, 45, 36, 27, , , 7
2019/7/29, 36, 48, 36, , 2, 6
2019/7/30, 49, 52, 35, , 2, 5
2019/7/31, 48, 43, 29, , 1, 4
2019/8/1, 33, 51, 32, , 1, 5
2019/8/2, 52, 51, 33, , 2, 8
2019/8/3, 73, 42, 27, , , 5
2019/8/4, 46, 24, 32, , , 5
2019/8/5, 33, 58, 41, , 1, 5
2019/8/6, 48, 63, 39, , 1, 4
2019/8/7, 48, 47, 36, , 2, 5
2019/8/8, 45, 50, 35, , , 5
2019/8/9, 37, 47, 33, , 1, 6
2019/8/10, 39, 44, 31, , 1, 6
2019/8/11, 44, 21, 33, , , 4
2019/8/12, 36, 45, 37, , 1, 5
2019/8/13, 38, 58, 34, , 1, 5
2019/8/14, 41, 98, 59, , 1, 7
2019/8/15, 77, 63, 67, , 1, 6
2019/8/16, 90, 46, 61, , 1, 4
2019/8/17, 72, 56, 51, , 2, 7
2019/8/18, 71, 42, 34, , 1, 5
2019/8/19, 46, 48, 34, , 1, 4
2019/8/20, 40, 51, 33, , 1, 4
2019/8/21, 32, 53, 40, , 1, 4
2019/8/22, 39, 46, 44, , 1, 4
2019/8/23, 45, 49, 44, , , 5
2019/8/24, 32, 51, 42, , , 4
2019/8/25, 34, 41, 47, , , 4
2019/8/26, 43, 47, 52, , , 4
2019/8/27, 37, 45, 50, , 1, 5
2019/8/28, 52, 69, 40, , 1, 6
2019/8/29, 55, 46, 45, , 1, 6
2019/8/30, 41, 65, 50, , 1, 6
2019/8/31, 60, 57, 44, , 1, 6
2019/9/1, 71, 40, 23, , 1, 7
2019/9/2, 56, 57, 50, , 2, 6
2019/9/3, 76, 58, 46, , 3, 7
2019/9/4, 74, 58, 41, , 2, 6
2019/9/5, 87, 53, 41, , 2, 6
2019/9/6, 70, 62, 35, , 2, 6
2019/9/7, 67, 50, 44, , 1, 6
2019/9/8, 37, 45, 49, , 1, 5
2019/9/9, 38, 53, 44, , 1, 6
2019/9/10, 45, 66, 42, , 3, 7
2019/9/11, 65, 58, 37, , 4, 8
2019/9/12, 61, 57, 33, , 3, 8
2019/9/13, 94, 61, 43, , 2, 6
2019/9/14, 50, 58, 38, , 1, 6
2019/9/15, 42, 48, 37, , 1, 6
2019/9/16, 49, 58, 45, , 2, 7
2019/9/17, 67, 55, 38, , 2, 6
2019/9/18, 72, 48, 37, , 2, 5
2019/9/19, 72, 85, 39, , 1, 5
2019/9/20, 65, 49, 51, , 2, 7
2019/9/21, 67, 52, 43, , 3, 8
2019/9/22, 74, 41, 38, , 2, 6
2019/9/23, 54, 47, 44, , 2, 7
2019/9/24, 58, 45, 45, , 2, 8
2019/9/25, 52, 45, 53, , 2, 8
2019/9/26, 67, 56, 46, , 4, 7
2019/9/27, 66, 43, 44, , 2, 6
2019/9/28, 64, 34, 40, , 1, 5
2019/9/29, 48, 31, 41, , 1, 5
2019/9/30, 49, 26, 38, , 2, 7
2019/10/1, 72, 35, 48, , 1, 7
2019/4/2, 54, 27, 31, , 1, 6
2019/4/3, 59, 20, 30, , 1, 6
2019/4/4, 47, 23, 18, , 1, 5
2019/4/5, 43, 27, 29, , 1, 7
2019/4/6, 67, 23, 46, , 1, 7
2019/4/7, 67, 31, 58, , 3, 7
2019/4/8, 74, 45, 57, , 3, 9
2019/4/9, 84, 30, 45, , 2, 8
2019/4/10, 79, 28, 46, , 2, 6
2019/4/11, 56, 37, 39, , 2, 7
2019/4/12, 68, 42, 47, , 2, 8
2019/4/13, 74, 33, 44, , 3, 7
2019/4/14, 48, 35, 40, , 2, 8
2019/4/15, 59, 30, 30, , 2, 8
2019/4/16, 63, 40, 36, , 3, 9
2019/4/17, 72, 36, 31, , 1, 8
2019/4/18, 61, 34, 36, , 2, 10
2019/4/19, 66, 20, 23, , 1, 8
2019/4/20, 39, 20, 29, , 2, 7
2019/4/21, 45, 30, 23, , 1, 7
2019/4/22, 32, 24, 16, , 2, 11
2019/4/23, 62, 28, 29, , 2, 10
2019/4/24, 67, 23, 23, , 3, 9
2019/4/25, 54, 30, 33, , 4, 9
2019/4/26, 69, 28, 27, , 2, 7
2019/4/27, 59, 29, 26, , 4, 11
2019/4/28, 62, 27, 31, , 3, 7
2019/4/29, 47, 38, 28, , 3, 7
2019/4/30, 63, 36, 23, , 4, 7
2019/5/1, 48, 38, 42, , 4, 6
2019/5/2, 57, 43, 36, , 3, 8
2019/5/3, 68, 38, 30, , 3, 7
2019/5/4, 56, 38, 33, , 3, 8
2019/5/5, 51, 18, 35, , 1, 5
2019/5/6, 41, 34, 30, , 2, 7
2019/5/7, 52, 34, 29, , 2, 8
2019/5/8, 71, 29, 15, , 1, 7
2019/5/9, 58, 29, 29, , 1, 6
2019/5/10, 56, 27, 30, , 1, 5
2019/5/11, 52, 32, 36, , 1, 5
2019/5/12, 73, 27, 30, , 1, 5
2019/5/13, 56, 37, 11, , 3, 9
2019/5/14, 78, 28, 19, , 3, 7
2019/5/15, 76, 35, 26, , 3, 5
2019/5/16, 61, 34, 32, , 2, 5
2019/5/17, 73, 46, 27, , 1, 2
2019/5/18, 87, 29, 28, , 1, 4
2019/5/19, 51, 15, 17, , 1, 6
2019/5/20, 42, 35, 29, , 2, 8
2019/5/21, 71, 30, 28, , 2, 6
2019/5/22, 52, 31, 29, , 2, 5
2019/5/23, 66, 27, 27, , 2, 6
2019/5/24, 58, 25, 28, , 2, 5
2019/5/25, 51, 28, 30, , 1, 5
2019/5/26, 47, 18, 26, , 1, 6
2019/5/27, 45, 24, 30, , 1, 6
2019/5/28, 65, 23, 27, , 2, 6
2019/5/29, 61, 23, 28, , 1, 6
2019/5/30, 55, 23, 22, , 1, 7
2019/5/31, 59, 19, 25, , 1, 7
2019/6/1, 51, 25, 30, , 1, 6
2019/6/2, 47, 25, 30, , 1, 6
2019/6/3, 47, 31, 24, , 3, 8
2019/6/4, 57, 30, 25, , 2, 6
2019/6/5, 46, 35, 28, , 2, 7
2019/6/6, 48, 30, 30, , 1, 7
2019/6/7, 55, 39, 31, , 2, 7
2019/6/8, 66, 37, 31, , 2, 6
2019/6/9, 66, 37, 27, , 2, 6
2019/6/10, 56, 28, 18, , 1, 5
2019/6/11, 54, 27, 21, , 1, 6
2019/6/12, 65, 34, 19, , 3, 7
2019/6/13, 73, 47, 13, , 2, 7
2019/6/14, 75, 29, 22, , 2, 9
2019/6/15, 72, 36, 32, , 2, 8
2019/6/16, 69, 29, 29, , 1, 5
2019/6/17, 51, 36, 23, , , 4
2019/6/18, 39, 30, 25, , 1, 4
2019/6/19, 34, 34, 31, , 1, 4
2019/6/20, 44, 40, 22, , 1, 5
2019/6/21, 38, 40, 25, , 1, 6
2019/6/22, 36, 42, 27, , 1, 5
2019/6/23, 35, 28, 26, , , 5
2019/6/24, 33, 37, 24, , 1, 7
2019/6/25, 58, 52, 32, , 3, 7
2019/6/26, 57, 60, 33, , 5, 7
2019/6/27, 67, 55, 30, , 5, 4
2019/6/28, 64, 44, 27, , 2, 6
2019/6/29, 46, 34, 23, , 2, 5
2019/6/30, 52, 36, 22, , , 4
2019/7/1, 40, 39, 29, , 1, 6
2019/1/2, 42, 45, 29, , 3, 4
2019/1/3, 42, 43, 27, , 3, 5
2019/1/4, 42, 41, 28, , 4, 6
2019/1/5, 47, 53, 35, , 5, 6
2019/1/6, 62, 46, 33, , 4, 8
2019/1/7, 69, 33, 26, , 3, 8
2019/1/8, 68, 30, 25, , 3, 7
2019/1/9, 72, 26, 27, , 3, 9
2019/1/10, 67, 17, 21, , 3, 7
2019/1/11, 57, 25, 28, , 3, 7
2019/1/12, 62, 31, 33, , 2, 7
2019/1/13, 61, 19, 9, , 2, 6
2019/1/14, 58, 33, 28, , 2, 7
2019/1/15, 68, 37, 36, , 3, 7
2019/1/16, 78, 41, 31, , 4, 8
2019/1/17, 75, 31, 26, , 5, 8
2019/1/18, 90, 44, 33, , 5, 7
2019/1/19, 70, 36, 31, , 4, 6
2019/1/20, 86, 36, 24, , 3, 5
2019/1/21, 62, 35, 26, , 3, 6
2019/1/22, 64, 43, 31, , 4, 7
2019/1/23, 67, 41, 50, , 4, 6
2019/1/24, 59, 48, 28, , 2, 6
2019/1/25, 52, 46, 31, , 3, 8
2019/1/26, 76, 44, 34, , 4, 9
2019/1/27, 60, 40, 37, , 3, 7
2019/1/28, 56, 29, 29, , 2, 6
2019/1/29, 38, 36, 39, , 2, 7
2019/1/30, 56, 21, 39, , 3, 6
2019/1/31, 66, 23, 30, , 2, 6
2019/2/1, 58, 24, 31, , 2, 6
2019/2/2, 62, 41, 32, , 2, 6
2019/2/3, 55, 24, 35, , 2, 5
2019/2/4, 70, 24, 27, , 2, 6
2019/2/5, 64, 21, 26, , 3, 6
2019/2/6, 72, 45, 28, , 3, 7
2019/2/7, 91, 44, 17, , 2, 7
2019/2/8, 71, 32, 35, , 2, 8
2019/2/9, 68, 23, 26, , 2, 7
2019/2/10, 76, 37, 29, , 2, 6
2019/2/11, 59, 32, 31, , 3, 7
2019/2/12, 61, 39, 32, , 4, 8
2019/2/13, 72, 40, 26, , 4, 8
2019/2/14, 59, 43, 17, , 5, 11
2019/2/15, 91, 61, 23, , 6, 11
2019/2/16, 101, 57, 49, , 7, 7
2019/2/17, 91, 56, 46, , 3, 7
2019/2/18, 88, 31, 29, , 3, 6
2019/2/19, 77, 28, 24, , 3, 6
2019/2/20, 69, 24, 32, , 3, 6
2019/2/21, 79, 34, 34, , 6, 8
2019/2/22, 88, 45, 40, , 5, 9
2019/2/23, 91, 39, 35, , 3, 8
2019/2/24, 80, 13, 20, , 2, 7
2019/2/25, 51, 22, 28, , 2, 8
2019/2/26, 68, 27, 35, , 3, 9
2019/2/27, 76, 40, 42, , 3, 10
2019/2/28, 54, 36, 46, , 3, 9
2019/3/1, 61, 27, 43, , 3, 6
2019/3/2, 66, , , , , 
2019/3/3, 75, 28, 43, , 2, 6
2019/3/4, 76, 34, 46, , 3, 5
2019/3/5, 69, 35, 53, , 3, 5
2019/3/6, 82, 38, 55, , 3, 7
2019/3/7, 79, 41, 52, , 4, 9
2019/3/8, 87, 39, 59, , 4, 8
2019/3/9, 72, 34, 44, , 3, 6
2019/3/10, 57, 40, 38, , 3, 8
2019/3/11, 45, 35, 37, , 2, 7
2019/3/12, 68, 38, 31, , 2, 7
2019/3/13, 66, 47, 38, , 3, 7
2019/3/14, 83, 37, 41, , 5, 9
2019/3/15, 91, 37, 42, , 3, 7
2019/3/16, 55, 50, 45, , 6, 8
2019/3/17, 73, 40, 43, , 4, 7
2019/3/18, 71, 40, 53, , 4, 9
2019/3/19, 85, 26, 30, , 3, 8
2019/3/20, 62, 31, 38, , 3, 10
2019/3/21, 69, 27, 39, , 2, 8
2019/3/22, 46, 28, 34, , 4, 14
2019/3/23, 77, 40, 52, , 4, 12
2019/3/24, 75, 47, 56, , 3, 10
2019/3/25, 73, 32, 61, , 5, 9
2019/3/26, 74, 33, 33, , 3, 7
2019/3/27, 75, 36, 58, , 2, 8
2019/3/28, 84, 44, 30, , 1, 6
2019/3/29, 63, 32, 33, , 2, 7
2019/3/30, 68, 57, 35, , 3, 13
2019/3/31, 83, 34, 45, , 2, 8
2019/4/1, 71, 26, 13, , 1, 6
2018/10/2, 90, 61, 57, , 3, 6
2018/10/3, 89, 60, 60, , 5, 6
2018/10/4, 92, 48, 61, , 5, 6
2018/10/5, 87, 52, 52, , 4, 6
2018/10/6, 85, 53, 50, , 4, 7
2018/10/7, 92, 37, 48, , 6, 5
2018/10/8, 107, , , , , 
2018/10/9, 62, 30, 5, , 2, 7
2018/10/10, 67, 32, 32, , 3, 6
2018/10/11, 61, 43, 29, , 10, 8
2018/10/12, 69, 48, 38, , 4, 7
2018/10/13, 73, 46, 43, , 5, 7
2018/10/14, 76, 39, 48, , 2, 5
2018/10/15, 61, 55, 52, , 4, 7
2018/10/16, 96, 45, 43, , 3, 5
2018/10/17, 83, 59, 47, , 4, 8
2018/10/18, 99, 55, 45, , 5, 6
2018/10/19, 95, 46, 52, , 3, 7
2018/10/20, 95, 34, 51, , 1, 7
2018/10/21, 69, 35, 60, , , 6
2018/10/22, 63, 43, 44, , 3, 7
2018/10/23, 76, 48, 31, , 4, 10
2018/10/24, 73, 67, 48, , 5, 10
2018/10/25, 78, 57, 28, , 7, 14
2018/10/26, 101, 44, 34, , 4, 5
2018/10/27, 82, 43, 36, , 5, 5
2018/10/28, 73, 42, 46, , 3, 5
2018/10/29, 74, 47, 44, , 4, 5
2018/10/30, 80, 56, 46, , 4, 4
2018/10/31, 74, 50, 43, , 5, 5
2018/11/1, 82, 60, 43, , 5, 4
2018/11/2, 66, 53, 51, , 4, 3
2018/11/3, 57, 31, 39, , 1, 1
2018/11/4, 52, 17, 40, , , 1
2018/11/5, 39, 30, 27, , 2, 5
2018/11/6, 64, 27, 38, , 3, 5
2018/11/7, 74, 45, 39, , 4, 6
2018/11/8, 74, 30, 36, , 2, 5
2018/11/9, 61, 29, 34, , 1, 5
2018/11/10, 54, 26, 33, , 2, 5
2018/11/11, 59, 25, 38, , 3, 4
2018/11/12, 55, 28, 25, , 4, 5
2018/11/13, 57, 31, 41, , 3, 4
2018/11/14, 64, 35, 36, , 1, 4
2018/11/15, 65, 27, 37, , 2, 4
2018/11/16, 62, 28, 28, , 3, 7
2018/11/17, 58, 47, 42, , 5, 8
2018/11/18, 82, 39, 41, , 2, 5
2018/11/19, 59, 31, 37, , 2, 5
2018/11/20, 63, 36, 28, , 3, 6
2018/11/21, 79, 38, 47, , 3, 5
2018/11/22, 82, 32, 39, , 2, 5
2018/11/23, 67, 27, 37, , 2, 3
2018/11/24, 71, 31, 15, , 3, 3
2018/11/25, 92, 32, , , , 
2018/11/28, 67, 32, 38, , 4, 7
2018/11/29, 67, 35, 27, , 4, 6
2018/11/30, 63, 25, 22, , 3, 7
2018/12/1, 63, 29, 34, , 3, 6
2018/12/2, 57, 29, 40, , 3, 5
2018/12/3, 56, 36, 33, , 3, 5
2018/12/4, 67, 36, 32, , 4, 7
2018/12/5, 76, 29, 31, , 3, 5
2018/12/6, 78, 45, 41, , 3, 5
2018/12/7, 74, 36, 42, , 3, 5
2018/12/8, 67, 34, 37, , 3, 6
2018/12/9, 63, 32, 34, , 3, 6
2018/12/10, 53, 38, 30, , 5, 6
2018/12/11, 60, 33, 31, , 4, 7
2018/12/12, 60, 38, 25, , 4, 7
2018/12/13, 58, 41, 29, , 4, 7
2018/12/14, 56, 42, , , 3, 12
2018/12/15, 63, 37, 30, , 6, 8
2018/12/16, 62, 35, 40, , 6, 5
2018/12/17, 55, 41, 30, , 5, 7
2018/12/18, 66, 40, 34, , 3, 7
2018/12/19, 71, 34, 30, , 4, 7
2018/12/20, 66, 35, 26, , 6, 9
2018/12/21, 65, 39, 30, , 3, 7
2018/12/22, 66, , , , , 
2018/12/24, 53, 58, 14, , 3, 8
2018/12/25, 59, 32, 21, , 4, 5
2018/12/26, 44, 43, 29, , 4, 6
2018/12/27, 50, 39, 32, , 3, 5
2018/12/28, 46, 41, 31, , 3, 6
2018/12/29, 50, 48, 35, , 4, 5
2018/12/30, 47, 47, 36, , 3, 5
2018/12/31, 46, , , , , 
2018/7/2, 44, , , , , 
2018/7/3, 64, , , , , 
2018/7/4, 64, , , , , 
2018/7/5, 51, , , , , 
2018/7/6, 47, , , , , 
2018/7/7, 53, , , , , 
2018/7/8, 52, , , , , 
2018/7/9, 45, , , , , 
2018/7/10, 43, , , , , 
2018/7/11, 50, , , , , 
2018/7/12, 55, , , , , 
2018/7/13, 42, , , , , 
2018/7/14, 41, , , , , 
2018/7/15, 41, , , , , 
2018/7/16, 32, , , , , 
2018/7/17, 46, , , , , 
2018/7/18, 47, , , , , 
2018/7/19, 57, , , , , 
2018/7/20, 56, , , , , 
2018/7/21, 65, , , , , 
2018/7/22, 61, , , , , 
2018/7/23, 58, , , , , 
2018/7/24, 63, , , , , 
2018/7/25, 54, , , , , 
2018/7/26, 62, , , , , 
2018/7/27, 69, , , , , 
2018/7/28, 63, , , , , 
2018/7/29, 58, , , , , 
2018/7/30, 66, , , , , 
2018/7/31, 52, , , , , 
2018/8/1, 59, , , , , 
2018/8/2, 66, , , , , 
2018/8/3, 63, , , , , 
2018/8/4, 64, , , , , 
2018/8/5, 50, , , , , 
2018/8/6, 57, , , , , 
2018/8/7, 43, , , , , 
2018/8/8, 34, , , , , 
2018/8/9, 33, , , , , 
2018/8/10, 34, , , , , 
2018/8/11, 29, , , , , 
2018/8/12, 32, , , , , 
2018/8/13, 26, , , , , 
2018/8/14, 69, , , , , 
2018/8/15, 68, , , , , 
2018/8/16, 67, , , , , 
2018/8/17, 47, , , , , 
2018/8/18, 52, , , , , 
2018/8/19, 60, , , , , 
2018/8/20, 41, , , , , 
2018/8/21, 44, , , , , 
2018/8/22, 34, , , , , 
2018/8/23, 44, , , , , 
2018/8/24, 54, , , , , 
2018/8/25, 56, 49, 39, , 2, 7
2018/8/26, 55, 35, 49, , , 4
2018/8/27, 34, 40, 42, , , 5
2018/8/28, 52, 44, 46, , 1, 5
2018/8/29, 54, 41, 46, , , 4
2018/8/30, 30, 51, 50, , 1, 7
2018/8/31, 64, 55, 61, , 1, 8
2018/9/1, 79, 62, 49, , 2, 8
2018/9/2, 63, 43, 53, , 1, 6
2018/9/3, 77, 43, 50, , 2, 6
2018/9/4, 54, 36, 45, , , 5
2018/9/5, 33, 52, 66, , , 5
2018/9/6, 64, 57, 64, , 2, 7
2018/9/7, 88, 64, 57, , 2, 7
2018/9/8, 94, 47, 35, , 3, 8
2018/9/9, 65, 41, 46, , 1, 6
2018/9/10, 37, 47, 54, , 1, 7
2018/9/11, 52, 51, 59, , 3, 8
2018/9/12, 83, 49, 61, , 3, 9
2018/9/13, 90, 59, 63, , 1, 6
2018/9/14, 86, 25, 35, , 1, 7
2018/9/15, 66, 29, 49, , 1, 6
2018/9/16, 66, 26, 47, , 1, 8
2018/9/17, 51, 42, 41, , 6, 8
2018/9/18, 64, 44, 52, , 3, 7
2018/9/19, 72, 50, 52, , 4, 6
2018/9/20, 70, 46, 50, , 2, 5
2018/9/21, 43, 37, 66, , 2, 5
2018/9/22, 47, 42, , , , 
2018/9/26, 57, 46, 51, , 2, 6
2018/9/27, 64, 41, 44, , 1, 6
2018/9/28, 70, 51, 55, , 2, 7
2018/9/29, 78, 52, 58, , 1, 7
2018/9/30, 69, 45, 57, , 1, 8
2018/10/1, 73, 55, 56, , 3, 9
2018/4/2, 36, , , , , 
2018/4/3, 40, , , , , 
2018/4/4, 66, , , , , 
2018/4/5, 49, , , , , 
2018/4/6, 51, , , , , 
2018/4/7, 50, , , , , 
2018/4/8, 61, , , , , 
2018/4/9, 50, , , , , 
2018/4/10, 61, , , , , 
2018/4/11, 49, , , , , 
2018/4/12, 74, , , , , 
2018/4/13, 63, , , , , 
2018/4/14, 67, , , , , 
2018/4/15, 70, , , , , 
2018/4/16, 51, , , , , 
2018/4/17, 62, , , , , 
2018/4/18, 56, , , , , 
2018/4/19, 62, , , , , 
2018/4/20, 52, , , , , 
2018/4/21, 47, , , , , 
2018/4/22, 54, , , , , 
2018/4/23, 51, , , , , 
2018/4/24, 59, , , , , 
2018/4/25, 75, , , , , 
2018/4/26, 64, , , , , 
2018/4/27, 76, , , , , 
2018/4/28, 81, , , , , 
2018/4/29, 47, , , , , 
2018/4/30, 61, , , , , 
2018/5/1, 54, , , , , 
2018/5/2, 58, , , , , 
2018/5/3, 61, , , , , 
2018/5/4, 63, , , , , 
2018/5/5, 57, , , , , 
2018/5/6, 54, , , , , 
2018/5/7, 57, , , , , 
2018/5/8, 44, , , , , 
2018/5/9, 56, , , , , 
2018/5/10, 57, , , , , 
2018/5/11, 76, , , , , 
2018/5/12, 76, , , , , 
2018/5/13, 68, , , , , 
2018/5/14, 46, , , , , 
2018/5/15, 54, , , , , 
2018/5/16, 67, , , , , 
2018/5/17, 63, , , , , 
2018/5/18, 62, , , , , 
2018/5/19, 57, , , , , 
2018/5/20, 66, , , , , 
2018/5/21, 60, , , , , 
2018/5/22, 45, , , , , 
2018/5/23, 70, , , , , 
2018/5/24, 55, , , , , 
2018/5/25, 64, , , , , 
2018/5/26, 61, , , , , 
2018/5/27, 54, , , , , 
2018/5/28, 58, , , , , 
2018/5/29, 66, , , , , 
2018/5/30, 64, , , , , 
2018/5/31, 76, , , , , 
2018/6/1, 75, , , , , 
2018/6/2, 71, , , , , 
2018/6/3, 55, , , , , 
2018/6/4, 47, , , , , 
2018/6/5, 62, , , , , 
2018/6/6, 61, , , , , 
2018/6/7, 59, , , , , 
2018/6/8, 62, , , , , 
2018/6/9, 53, , , , , 
2018/6/10, 66, , , , , 
2018/6/11, 56, , , , , 
2018/6/12, 61, , , , , 
2018/6/13, 67, , , , , 
2018/6/14, 69, , , , , 
2018/6/15, 62, , , , , 
2018/6/16, 65, , , , , 
2018/6/18, 34, , , , , 
2018/6/19, 34, , , , , 
2018/6/20, 44, , , , , 
2018/6/21, 53, , , , , 
2018/6/22, 44, , , , , 
2018/6/23, 57, , , , , 
2018/6/24, 66, , , , , 
2018/6/25, 55, , , , , 
2018/6/26, 66, , , , , 
2018/6/27, 82, , , , , 
2018/6/28, 59, , , , , 
2018/6/29, 64, , , , , 
2018/6/30, 63, , , , , 
2018/7/1, 62, , , , , 
2018/1/2, 66, , , , , 
2018/1/3, 79, , , , , 
2018/1/4, 85, , , , , 
2018/1/5, 75, , , , , 
2018/1/6, 78, , , , , 
2018/1/7, 74, , , , , 
2018/1/8, 44, , , , , 
2018/1/9, 72, , , , , 
2018/1/10, 83, , , , , 
2018/1/11, 80, , , , , 
2018/1/12, 76, , , , , 
2018/1/13, 84, , , , , 
2018/1/14, 61, , , , , 
2018/1/15, 32, , , , , 
2018/1/16, 49, , , , , 
2018/1/17, 63, , , , , 
2018/1/18, 43, , , , , 
2018/1/19, 54, , , , , 
2018/1/20, 58, , , , , 
2018/1/21, 48, , , , , 
2018/1/23, 47, , , , , 
2018/1/24, 61, , , , , 
2018/1/25, 58, , , , , 
2018/1/26, 57, , , , , 
2018/1/27, 68, , , , , 
2018/1/28, 53, , , , , 
2018/1/29, 53, , , , , 
2018/1/30, 66, , , , , 
2018/1/31, 87, , , , , 
2018/2/1, 78, , , , , 
2018/2/2, 76, , , , , 
2018/2/3, 77, , , , , 
2018/2/6, 23, , , , , 
2018/2/7, 45, , , , , 
2018/2/8, 43, , , , , 
2018/2/9, 45, , , , , 
2018/2/10, 52, , , , , 
2018/2/11, 50, , , , , 
2018/2/12, 66, , , , , 
2018/2/13, 80, , , , , 
2018/2/14, 71, , , , , 
2018/2/15, 69, , , , , 
2018/2/16, 51, , , , , 
2018/2/17, 58, , , , , 
2018/2/18, 60, , , , , 
2018/2/19, 50, , , , , 
2018/2/20, 40, , , , , 
2018/2/21, 43, , , , , 
2018/2/22, 46, , , , , 
2018/2/23, 42, , , , , 
2018/2/24, 38, , , , , 
2018/2/25, 34, , , , , 
2018/2/26, 39, , , , , 
2018/2/27, 52, , , , , 
2018/2/28, 50, , , , , 
2018/3/1, 48, , , , , 
2018/3/2, 61, , , , , 
2018/3/3, 64, , , , , 
2018/3/4, 50, , , , , 
2018/3/5, 48, , , , , 
2018/3/6, 56, , , , , 
2018/3/7, 72, , , , , 
2018/3/8, 64, , , , , 
2018/3/9, 55, , , , , 
2018/3/10, 55, , , , , 
2018/3/11, 50, , , , , 
2018/3/12, 42, , , , , 
2018/3/13, 57, , , , , 
2018/3/14, 74, , , , , 
2018/3/15, 83, , , , , 
2018/3/16, 96, , , , , 
2018/3/17, 70, , , , , 
2018/3/18, 69, , , , , 
2018/3/19, 53, , , , , 
2018/3/20, 59, , , , , 
2018/3/21, 78, , , , , 
2018/3/22, 69, , , , , 
2018/3/23, 66, , , , , 
2018/3/24, 85, , , , , 
2018/3/25, 64, , , , , 
2018/3/26, 54, , , , , 
2018/3/27, 71, , , , , 
2018/3/28, 74, , , , , 
2018/3/29, 61, , , , , 
2018/3/30, 59, , , , , 
2018/3/31, 52, , , , , 
2018/4/1, 30, , , , , 
2017/10/2, 65, , , , , 
2017/10/3, 83, , , , , 
2017/10/4, 57, , , , , 
2017/10/5, 51, , , , , 
2017/10/6, 49, , , , , 
2017/10/7, 65, , , , , 
2017/10/8, 68, , , , , 
2017/10/9, 67, , , , , 
2017/10/10, 61, , , , , 
2017/10/11, 69, , , , , 
2017/10/12, 76, , , , , 
2017/10/13, 69, , , , , 
2017/10/14, 69, , , , , 
2017/10/15, 68, , , , , 
2017/10/16, 51, , , , , 
2017/10/17, 42, , , , , 
2017/10/18, 50, , , , , 
2017/10/19, 43, , , , , 
2017/10/20, 68, , , , , 
2017/10/21, 70, , , , , 
2017/10/22, 77, , , , , 
2017/10/23, 75, , , , , 
2017/10/24, 65, , , , , 
2017/10/25, 71, , , , , 
2017/10/26, 70, , , , , 
2017/10/27, 75, , , , , 
2017/10/28, 79, , , , , 
2017/10/29, 48, , , , , 
2017/10/30, 39, , , , , 
2017/10/31, 59, , , , , 
2017/11/1, 76, , , , , 
2017/11/2, 72, , , , , 
2017/11/7, 60, , , , , 
2017/11/8, 78, , , , , 
2017/11/9, 95, , , , , 
2017/11/10, 92, , , , , 
2017/11/11, 81, , , , , 
2017/11/12, 80, , , , , 
2017/11/13, 75, , , , , 
2017/11/14, 80, , , , , 
2017/11/17, 71, , , , , 
2017/11/18, 70, , , , , 
2017/11/19, 64, , , , , 
2017/11/20, 41, , , , , 
2017/11/21, 69, , , , , 
2017/11/22, 91, , , , , 
2017/11/24, 79, , , , , 
2017/11/25, 79, , , , , 
2017/11/26, 77, , , , , 
2017/11/27, 61, , , , , 
2017/11/28, 77, , , , , 
2017/12/6, 54, , , , , 
2017/12/7, 72, , , , , 
2017/12/8, 76, , , , , 
2017/12/9, 69, , , , , 
2017/12/10, 58, , , , , 
2017/12/11, 44, , , , , 
2017/12/12, 44, , , , , 
2017/12/13, 52, , , , , 
2017/12/14, 62, , , , , 
2017/12/15, 78, , , , , 
2017/12/16, 79, , , , , 
2017/12/17, 79, , , , , 
2017/12/18, 71, , , , , 
2017/12/19, 77, , , , , 
2017/12/20, 78, , , , , 
2017/12/21, 67, , , , , 
2017/12/22, 66, , , , , 
2017/12/23, 60, , , , , 
2017/12/24, 61, , , , , 
2017/12/25, 46, , , , , 
2017/12/26, 32, , , , , 
2017/12/27, 42, , , , , 
2017/12/28, 52, , , , , 
2017/12/29, 55, , , , , 
2017/12/30, 54, , , , , 
2018/1/1, 49, , , , , 
2017/7/2, 41, , , , , 
2017/7/3, 37, , , , , 
2017/7/4, 53, , , , , 
2017/7/5, 58, , , , , 
2017/7/6, 62, , , , , 
2017/7/7, 45, , , , , 
2017/7/8, 43, , , , , 
2017/7/9, 43, , , , , 
2017/7/10, 33, , , , , 
2017/7/11, 47, , , , , 
2017/7/12, 49, , , , , 
2017/7/13, 37, , , , , 
2017/7/14, 63, , , , , 
2017/7/15, 68, , , , , 
2017/7/16, 80, , , , , 
2017/7/17, 79, , , , , 
2017/7/18, 59, , , , , 
2017/7/19, 47, , , , , 
2017/7/20, 54, , , , , 
2017/7/21, 61, , , , , 
2017/7/22, 61, , , , , 
2017/7/23, 44, , , , , 
2017/7/24, 36, , , , , 
2017/7/25, 47, , , , , 
2017/7/26, 36, , , , , 
2017/7/27, 36, , , , , 
2017/7/28, 42, , , , , 
2017/7/29, 57, , , , , 
2017/7/30, 59, , , , , 
2017/7/31, 42, , , , , 
2017/8/1, 48, , , , , 
2017/8/2, 64, , , , , 
2017/8/3, 77, , , , , 
2017/8/4, 59, , , , , 
2017/8/5, 59, , , , , 
2017/8/6, 55, , , , , 
2017/8/7, 43, , , , , 
2017/8/8, 51, , , , , 
2017/8/9, 53, , , , , 
2017/8/10, 56, , , , , 
2017/8/11, 62, , , , , 
2017/8/12, 76, , , , , 
2017/8/13, 84, , , , , 
2017/8/14, 63, , , , , 
2017/8/15, 50, , , , , 
2017/8/16, 61, , , , , 
2017/8/17, 69, , , , , 
2017/8/18, 72, , , , , 
2017/8/19, 66, , , , , 
2017/8/20, 56, , , , , 
2017/8/21, 61, , , , , 
2017/8/22, 59, , , , , 
2017/8/23, 38, , , , , 
2017/8/24, 64, , , , , 
2017/8/25, 75, , , , , 
2017/8/26, 54, , , , , 
2017/8/27, 58, , , , , 
2017/8/28, 53, , , , , 
2017/8/29, 65, , , , , 
2017/8/30, 67, , , , , 
2017/8/31, 46, , , , , 
2017/9/1, 41, , , , , 
2017/9/2, 49, , , , , 
2017/9/3, 49, , , , , 
2017/9/4, 28, , , , , 
2017/9/5, 47, , , , , 
2017/9/6, 55, , , , , 
2017/9/11, 52, , , , , 
2017/9/12, 58, , , , , 
2017/9/13, 67, , , , , 
2017/9/15, 71, , , , , 
2017/9/16, 69, , , , , 
2017/9/17, 60, , , , , 
2017/9/18, 49, , , , , 
2017/9/19, 59, , , , , 
2017/9/20, 91, , , , , 
2017/9/21, 97, , , , , 
2017/9/22, 103, , , , , 
2017/9/23, 95, , , , , 
2017/9/24, 78, , , , , 
2017/9/25, 67, , , , , 
2017/9/26, 78, , , , , 
2017/9/27, 76, , , , , 
2017/9/28, 80, , , , , 
2017/9/29, 92, , , , , 
2017/9/30, 87, , , , , 
2017/10/1, 70, , , , , 
2017/4/2, 64, , , , , 
2017/4/5, 80, , , , , 
2017/4/6, 79, , , , , 
2017/4/7, 70, , , , , 
2017/4/8, 80, , , , , 
2017/4/9, 48, , , , , 
2017/4/10, 35, , , , , 
2017/4/11, 67, , , , , 
2017/4/12, 68, , , , , 
2017/4/13, 79, , , , , 
2017/4/14, 56, , , , , 
2017/4/15, 60, , , , , 
2017/4/16, 45, , , , , 
2017/4/17, 39, , , , , 
2017/4/18, 58, , , , , 
2017/4/19, 57, , , , , 
2017/4/20, 62, , , , , 
2017/4/21, 46, , , , , 
2017/4/22, 57, , , , , 
2017/4/23, 71, , , , , 
2017/4/24, 71, , , , , 
2017/4/25, 73, , , , , 
2017/4/26, 66, , , , , 
2017/4/27, 50, , , , , 
2017/4/28, 66, , , , , 
2017/4/29, 56, , , , , 
2017/4/30, 50, , , , , 
2017/5/1, 41, , , , , 
2017/5/2, 42, , , , , 
2017/5/3, 56, , , , , 
2017/5/4, 59, , , , , 
2017/5/5, 46, , , , , 
2017/5/6, 58, , , , , 
2017/5/7, 49, , , , , 
2017/5/8, 33, , , , , 
2017/5/9, 43, , , , , 
2017/5/10, 47, , , , , 
2017/5/11, 45, , , , , 
2017/5/12, 41, , , , , 
2017/5/13, 40, , , , , 
2017/5/14, 52, , , , , 
2017/5/15, 68, , , , , 
2017/5/16, 75, , , , , 
2017/5/17, 68, , , , , 
2017/5/18, 65, , , , , 
2017/5/19, 71, , , , , 
2017/5/20, 69, , , , , 
2017/5/21, 69, , , , , 
2017/5/22, 45, , , , , 
2017/5/23, 52, , , , , 
2017/5/24, 74, , , , , 
2017/5/25, 54, , , , , 
2017/5/26, 49, , , , , 
2017/5/27, 54, , , , , 
2017/5/28, 60, , , , , 
2017/5/29, 40, , , , , 
2017/5/30, 61, , , , , 
2017/5/31, 58, , , , , 
2017/6/1, 66, , , , , 
2017/6/2, 72, , , , , 
2017/6/3, 60, , , , , 
2017/6/4, 48, , , , , 
2017/6/5, 35, , , , , 
2017/6/6, 45, , , , , 
2017/6/7, 45, , , , , 
2017/6/8, 67, , , , , 
2017/6/9, 48, , , , , 
2017/6/10, 65, , , , , 
2017/6/11, 75, , , , , 
2017/6/12, 41, , , , , 
2017/6/13, 43, , , , , 
2017/6/14, 65, , , , , 
2017/6/15, 71, , , , , 
2017/6/16, 56, , , , , 
2017/6/17, 60, , , , , 
2017/6/18, 62, , , , , 
2017/6/19, 62, , , , , 
2017/6/20, 49, , , , , 
2017/6/21, 63, , , , , 
2017/6/22, 77, , , , , 
2017/6/23, 80, , , , , 
2017/6/24, 87, , , , , 
2017/6/25, 76, , , , , 
2017/6/26, 59, , , , , 
2017/6/27, 66, , , , , 
2017/6/28, 66, , , , , 
2017/6/29, 81, , , , , 
2017/6/30, 77, , , , , 
2017/7/1, 59, , , , , 
2017/1/3, 43, , , , , 
2017/1/4, 61, , , , , 
2017/1/5, 55, , , , , 
2017/1/6, 55, , , , , 
2017/1/7, 62, , , , , 
2017/1/8, 61, , , , , 
2017/1/9, 45, , , , , 
2017/1/10, 41, , , , , 
2017/1/11, 44, , , , , 
2017/1/12, 64, , , , , 
2017/1/13, 70, , , , , 
2017/1/14, 78, , , , , 
2017/1/15, 45, , , , , 
2017/1/16, 37, , , , , 
2017/1/17, 55, , , , , 
2017/1/18, 57, , , , , 
2017/1/19, 58, , , , , 
2017/1/20, 68, , , , , 
2017/1/21, 52, , , , , 
2017/1/22, 41, , , , , 
2017/1/23, 35, , , , , 
2017/1/24, 71, , , , , 
2017/1/25, 86, , , , , 
2017/1/26, 86, , , , , 
2017/1/27, 89, , , , , 
2017/1/28, 70, , , , , 
2017/1/29, 52, , , , , 
2017/1/30, 53, , , , , 
2017/1/31, 57, , , , , 
2017/2/1, 58, , , , , 
2017/2/2, 67, , , , , 
2017/2/3, 69, , , , , 
2017/2/4, 61, , , , , 
2017/2/5, 57, , , , , 
2017/2/6, 45, , , , , 
2017/2/7, 60, , , , , 
2017/2/8, 65, , , , , 
2017/2/9, 28, , , , , 
2017/2/10, 72, , , , , 
2017/2/11, 88, , , , , 
2017/2/12, 47, , , , , 
2017/2/13, 25, , , , , 
2017/2/14, 34, , , , , 
2017/2/15, 58, , , , , 
2017/2/16, 76, , , , , 
2017/2/17, 60, , , , , 
2017/2/18, 51, , , , , 
2017/2/19, 62, , , , , 
2017/2/20, 50, , , , , 
2017/2/21, 50, , , , , 
2017/2/22, 52, , , , , 
2017/2/23, 45, , , , , 
2017/2/24, 74, , , , , 
2017/2/25, 52, , , , , 
2017/2/26, 49, , , , , 
2017/2/27, 56, , , , , 
2017/2/28, 63, , , , , 
2017/3/1, 38, , , , , 
2017/3/2, 57, , , , , 
2017/3/3, 63, , , , , 
2017/3/4, 47, , , , , 
2017/3/5, 69, , , , , 
2017/3/6, 61, , , , , 
2017/3/7, 63, , , , , 
2017/3/8, 45, , , , , 
2017/3/9, 52, , , , , 
2017/3/10, 73, , , , , 
2017/3/11, 63, , , , , 
2017/3/12, 72, , , , , 
2017/3/13, 36, , , , , 
2017/3/14, 59, , , , , 
2017/3/15, 51, , , , , 
2017/3/16, 51, , , , , 
2017/3/17, 75, , , , , 
2017/3/18, 76, , , , , 
2017/3/21, 52, , , , , 
2017/3/22, 71, , , , , 
2017/3/23, 66, , , , , 
2017/3/26, 57, , , , , 
2017/3/27, 48, , , , , 
2017/3/28, 69, , , , , 
2017/3/29, 64, , , , , 
2017/3/30, 61, , , , , 
2017/3/31, 48, , , , , 
2017/4/1, 56, , , , , 
2016/10/9, 59, , , , , 6
2016/10/10, 64, , , , 1, 6
2016/10/11, 62, , , , 1, 6
2016/10/12, 60, , , , 1, 7
2016/10/13, 70, , , , 1, 10
2016/10/14, 66, , , , 2, 11
2016/10/15, 80, , , , 1, 9
2016/10/16, 66, , , , , 7
2016/10/17, 63, , , , 2, 6
2016/10/18, 72, , , , 2, 6
2016/10/19, 78, , , , 1, 5
2016/10/20, 66, , , , 2, 6
2016/10/21, 72, , , , 2, 7
2016/10/22, 68, , , , 2, 6
2016/10/23, 67, , , , , 5
2016/10/24, 57, , , , 1, 6
2016/10/25, 64, , , , , 5
2016/10/26, 56, , , , 1, 6
2016/10/27, 66, , , , 1, 6
2016/10/28, 82, , , , 3, 10
2016/10/29, 104, , , , 2, 7
2016/10/30, 77, , , , 1, 6
2016/10/31, 73, , , , 1, 8
2016/11/1, 88, , , , 1, 8
2016/11/2, 86, , , , 1, 7
2016/11/3, 67, , , , 1, 6
2016/11/4, 70, , , , 2, 7
2016/11/5, 72, , , , , 6
2016/11/6, 46, , , , , 7
2016/11/7, 55, , , , 1, 7
2016/11/8, 57, , , , , 
2016/11/29, 94, , , , , 
2016/11/30, 74, , , , , 
2016/12/1, 62, , , , , 
2016/12/2, 90, , , , , 
2016/12/3, 73, , , , , 
2016/12/4, 60, , , , , 
2016/12/5, 54, , , , , 
2016/12/6, 57, , , , , 
2016/12/7, 39, , , , , 
2016/12/8, 63, , , , , 
2016/12/9, 72, , , , , 
2016/12/10, 64, , , , , 
2016/12/11, 60, , , , , 
2016/12/12, 67, , , , , 
2016/12/13, 76, , , , , 
2016/12/14, 81, , , , , 
2016/12/15, 76, , , , , 
2016/12/16, 65, , , , , 
2016/12/17, 70, , , , , 
2016/12/18, 78, , , , , 
2016/12/19, 66, , , , , 
2016/12/20, 74, , , , , 
2016/12/21, 56, , , , , 
2016/12/22, 68, , , , , 
2016/12/23, 82, , , , , 
2016/12/24, 86, , , , , 
2016/12/25, 84, , , , , 
2016/12/26, 60, , , , , 
2016/12/27, 51, , , , , 
2016/12/28, 66, , , , , 
2016/12/29, 73, , , , , 
2016/12/30, 79, , , , , 
2016/12/31, 58, , , , , 
2017/1/1, 62, , , , , 
2017/1/2, 67, , , , , 
2016/7/2, 46, 38, 32, 18, 5, 8
2016/7/3, 53, 37, 37, 17, 4, 9
2016/7/4, 57, 40, 32, 16, 4, 8
2016/7/5, 54, 42, 29, 21, 7, 11
2016/7/6, 77, 46, 31, 19, 8, 10
2016/7/7, 70, 55, 26, 16, 5, 6
2016/7/8, 49, 52, 39, 18, 5, 6
2016/7/9, 40, 46, 40, 12, 2, 5
2016/7/10, 34, 41, 41, 15, 2, 6
2016/7/11, 38, 52, 37, 20, 5, 7
2016/7/12, 56, 44, 40, 22, 7, 4
2016/7/13, 53, 51, 34, 22, 7, 6
2016/7/14, 66, 45, 34, 26, 9, 7
2016/7/15, 84, 43, 46, 25, 7, 5
2016/7/16, 65, 57, 52, 30, 10, 7
2016/7/17, 69, 37, 41, 18, 4, 4
2016/7/18, 45, 40, 39, 22, 5, 5
2016/7/19, 55, 44, 38, 22, 8, 5
2016/7/20, 59, 41, 36, 23, 6, 4
2016/7/21, 55, 41, 30, 25, 8, 7
2016/7/22, 64, 45, 32, 25, 8, 8
2016/7/23, 67, 58, 37, 22, 6, 6
2016/7/24, 64, 49, 38, 17, 4, 5
2016/7/25, 58, 47, 30, 21, 5, 6
2016/7/26, 56, 58, 37, 23, 7, 6
2016/7/27, 47, 61, 32, 24, 7, 7
2016/7/28, 48, 46, 41, 19, 4, 6
2016/7/29, 62, 45, 35, 22, 5, 7
2016/7/30, 61, 48, 38, 24, 5, 12
2016/7/31, 58, , , , , 
2016/8/6, 53, 58, 47, 23, 6, 6
2016/8/7, 62, 52, 39, 18, 3, 5
2016/8/8, 49, 44, 17, 22, 5, 7
2016/8/9, 44, 58, , , , 
2016/4/2, 58, 20, 30, 21, 4, 12
2016/4/3, 45, 25, 39, 25, 4, 13
2016/4/4, 43, 33, 31, 27, 5, 14
2016/4/5, 71, 16, 13, 25, 5, 13
2016/4/6, 46, 52, 38, 23, 9, 9
2016/4/7, 75, 28, 42, 18, 6, 8
2016/4/8, 57, 36, 32, 17, 5, 8
2016/4/9, 59, 37, 33, 17, 5, 8
2016/4/10, 58, 37, 32, 13, 3, 6
2016/4/11, 47, 17, 24, 14, 3, 6
2016/4/12, 38, 20, 20, 19, 4, 6
2016/4/13, 46, 21, 31, 22, 6, 7
2016/4/14, 56, 44, 39, 23, 6, 8
2016/4/15, 66, 44, 40, 26, 9, 13
2016/4/16, 87, 41, 40, 25, 7, 14
2016/4/17, 74, 34, 29, 15, 4, 9
2016/4/18, 48, 36, 20, 15, 5, 8
2016/4/19, 43, 48, 35, 21, 8, 7
2016/4/20, 68, 44, 35, 16, 4, 6
2016/4/21, 59, 49, 35, 18, 6, 7
2016/4/22, 67, 44, 31, 17, 5, 7
2016/4/23, 56, 40, 34, 15, 4, 6
2016/4/24, 51, 27, 29, 9, 1, 4
2016/4/25, 33, 30, 35, 17, 3, 6
2016/4/26, 58, 42, 48, 21, 4, 6
2016/4/27, 67, 35, 39, 16, 3, 5
2016/4/28, 57, 21, 30, 23, 3, 7
2016/4/29, 53, 35, 36, 27, 8, 11
2016/4/30, 79, 27, 24, 19, 5, 8
2016/5/1, 55, 27, 29, 19, 4, 9
2016/5/2, 47, 29, 33, 19, 5, 8
2016/5/3, 58, 26, 33, 18, 5, 7
2016/5/4, 55, 38, 34, 18, 6, 8
2016/5/5, 66, 40, 33, 17, 6, 7
2016/5/6, 65, 36, 36, 15, 5, 7
2016/5/7, 61, 13, 30, 17, 4, 8
2016/5/8, 44, 35, 33, 14, 4, 8
2016/5/9, 58, 32, 30, 15, 4, 7
2016/5/10, 66, 31, 26, 21, 5, 9
2016/5/11, 65, 36, 35, 22, 7, 11
2016/5/12, 76, 37, 31, 17, 7, 8
2016/5/13, 56, 31, 26, 15, 6, 5
2016/5/14, 40, 34, 24, 16, 7, 6
2016/5/15, 42, 33, 28, 11, 3, 4
2016/5/16, 30, 39, 28, 14, 5, 5
2016/5/17, 42, 32, 27, 16, 5, 5
2016/5/18, 50, 40, 29, 18, 6, 7
2016/5/19, 62, 56, 32, 19, 10, 9
2016/5/20, 68, 47, 29, 18, 8, 10
2016/5/21, 62, 45, 30, 16, 6, 9
2016/5/22, 49, 39, 26, 12, 5, 7
2016/5/23, 37, 44, 28, 14, 4, 7
2016/5/24, 40, 47, 6, 20, 9, 11
2016/5/25, 62, 36, 25, 18, 9, 8
2016/5/26, 72, 42, 40, 19, 8, 7
2016/5/27, 72, 43, 36, 16, 6, 6
2016/5/28, 58, 38, 40, 18, 6, 6
2016/5/29, 66, 29, 24, 13, 4, 5
2016/5/30, 43, 36, 27, 22, 7, 8
2016/5/31, 73, 36, 35, 27, 10, 10
2016/6/1, 84, 44, 34, 21, 8, 10
2016/6/2, 70, 29, 24, 17, 6, 7
2016/6/3, 62, 29, 24, 27, 8, 9
2016/6/4, 63, 38, 37, 26, 11, 14
2016/6/5, 73, 34, 44, 18, 8, 9
2016/6/6, 58, 28, 29, 24, 8, 10
2016/6/7, 66, 42, 35, 23, 9, 21
2016/6/8, 67, 36, 26, 24, 9, 8
2016/6/9, 59, 45, 38, 22, 8, 8
2016/6/10, 59, 44, 33, 22, 7, 9
2016/6/11, 70, 32, 30, 16, 3, 6
2016/6/12, 38, 27, 31, 13, 3, 5
2016/6/13, 38, 28, 27, 13, 3, 6
2016/6/14, 48, 45, 31, 18, 6, 8
2016/6/15, 61, 33, 30, 14, 3, 6
2016/6/16, 35, 37, 27, 19, 6, 7
2016/6/17, 44, 37, 30, 21, 7, 7
2016/6/18, 55, 45, 31, 19, 6, 8
2016/6/19, 59, 37, 31, 16, 4, 8
2016/6/20, 53, 41, 24, 20, 4, 7
2016/6/21, 63, 37, 32, 20, 6, 7
2016/6/22, 50, 49, 33, 22, 9, 8
2016/6/23, 57, 38, 30, 17, 5, 8
2016/6/24, 48, 28, 23, 20, 5, 7
2016/6/25, 62, 38, 37, 23, 6, 8
2016/6/26, 68, 35, 32, 14, 4, 6
2016/6/27, 40, 31, 35, 12, 3, 5
2016/6/28, 30, 42, 32, 15, 4, 6
2016/6/29, 39, 38, 29, 17, 4, 7
2016/6/30, 39, 43, 29, 20, 5, 8
2016/7/1, 50, 43, 28, 21, 5, 8
2016/1/8, 49, , 24, 18, 1, 5
2016/1/9, 50, , 30, 16, 4, 4
2016/1/10, 54, , 21, 7, , 3
2016/1/11, 25, , 23, 12, 1, 4
2016/1/12, 40, , 20, 11, 1, 4
2016/1/13, 42, , 12, 11, , 4
2016/1/14, 40, , 25, 12, 1, 4
2016/1/15, 42, , 34, 17, 4, 5
2016/1/16, 73, , 33, 15, 3, 6
2016/1/17, 71, , 32, 9, 1, 4
2016/1/18, 55, , 27, 11, 3, 5
2016/1/19, 70, , 30, 12, 3, 5
2016/1/20, 67, , 24, 13, 2, 5
2016/1/21, 63, , 26, 17, 3, 5
2016/1/22, 76, , 31, 17, 4, 6
2016/1/23, 74, , 35, 15, 2, 5
2016/1/24, 58, , 30, 13, 2, 5
2016/1/25, 49, , 19, 15, 1, 6
2016/1/26, 48, , 35, 20, 4, 8
2016/1/27, 83, , 40, 20, 5, 6
2016/1/28, 85, , 34, 20, 5, 6
2016/1/29, 82, , 29, 20, 7, 7
2016/1/30, 94, , 26, 18, 3, 5
2016/1/31, 70, , 30, 20, 4, 7
2016/2/1, 63, , 39, 20, 3, 8
2016/2/2, 80, , 45, 19, 8, 6
2016/2/3, 87, , 33, 18, 4, 8
2016/2/4, 93, , 29, 16, 4, 7
2016/2/5, 76, , 35, 16, 2, 6
2016/2/6, 65, , 43, 19, 3, 7
2016/2/7, 71, , 33, 13, 2, 5
2016/2/8, 46, , 29, 12, 2, 5
2016/2/9, 46, , 22, 12, 2, 5
2016/2/10, 42, , 26, 13, 4, 5
2016/2/11, 46, , 25, 14, 4, 6
2016/2/12, 49, , 32, 16, 4, 6
2016/2/13, 53, , 31, 17, 3, 7
2016/2/14, 59, , 26, 15, 2, 7
2016/2/15, 52, , 28, 14, 2, 6
2016/2/16, 53, , 27, 12, 2, 6
2016/2/17, 45, , 23, 16, 3, 6
2016/2/18, 51, , 30, 16, 2, 6
2016/2/19, 56, , 31, 16, 2, 7
2016/2/20, 71, , 32, 14, 1, 6
2016/2/21, 63, , 28, 8, , 5
2016/2/22, 45, , 27, 13, 1, 6
2016/2/23, 51, , 32, 15, 2, 6
2016/2/24, 59, , 24, 18, 2, 7
2016/2/25, 71, , 28, 15, 2, 7
2016/2/26, 64, , 24, 13, 1, 6
2016/2/27, 57, , 30, 16, 3, 7
2016/2/28, 65, , 27, 13, 2, 6
2016/2/29, 54, , 26, 10, 1, 5
2016/3/1, 48, , 21, 14, 2, 6
2016/3/2, 59, , 31, 13, 2, 7
2016/3/3, 57, , 22, 14, 2, 7
2016/3/4, 56, , 19, 12, 1, 6
2016/3/5, 45, , 22, 11, 1, 6
2016/3/6, 47, , 26, 9, , 5
2016/3/7, 34, , 19, 18, 2, 8
2016/3/8, 48, , 29, 15, 2, 8
2016/3/9, 59, , 27, 15, 2, 6
2016/3/10, 64, , 34, 17, 2, 7
2016/3/11, 70, , 35, 18, 2, 8
2016/3/12, 55, , 25, 19, 1, 7
2016/3/13, 47, , 26, 15, 1, 7
2016/3/14, 49, , 27, 23, 3, 10
2016/3/15, 77, , 33, 19, 2, 9
2016/3/16, 68, 43, 30, 16, 2, 8
2016/3/17, 74, , 15, 15, 2, 10
2016/3/18, 54, 37, 23, 13, 3, 10
2016/3/19, 58, 42, 23, 12, 2, 7
2016/3/20, 45, 32, 25, 10, 2, 7
2016/3/21, 37, 49, 22, 15, 4, 9
2016/3/22, 62, 48, 30, 16, 5, 8
2016/3/23, 62, 48, 38, 18, 5, 8
2016/3/24, 63, 50, 44, 17, 6, 8
2016/3/25, 62, 50, 44, 13, 4, 8
2016/3/26, 52, 31, 6, 12, 3, 7
2016/3/27, 41, 51, 40, 10, 3, 8
2016/3/28, 61, 40, 38, 19, 3, 10
2016/3/29, 67, 42, 52, 24, 8, 11
2016/3/30, 89, 42, 35, 25, 4, 10
2016/3/31, 57, 50, 40, 28, 6, 9
2016/4/1, 76, 29, 23, 20, 4, 10
2015/10/2, 93, 67, 38, 29, 4, 8
2015/10/3, 125, 59, 38, 28, 6, 9
2015/10/4, 91, 51, 38, 17, 1, 5
2015/10/5, 50, 53, 45, 19, 1, 6
2015/10/6, 50, 53, 41, 22, 1, 7
2015/10/7, 59, 57, 44, 22, 2, 6
2015/10/8, 60, 75, 53, 22, 2, 7
2015/10/9, 66, 63, 45, 23, 1, 8
2015/10/10, 72, 36, 40, 20, , 7
2015/10/11, 66, 43, 35, 18, , 7
2015/10/12, 66, 47, 35, 17, 1, 6
2015/10/13, 63, 40, 34, 16, 1, 3
2015/10/14, 59, 24, 29, 19, 1, 5
2015/10/15, 61, 33, 19, 28, 3, 8
2015/10/16, 71, 31, 20, 28, 2, 10
2015/10/17, 64, 39, 35, 26, 2, 11
2015/10/18, 64, 37, 38, 21, , 9
2015/10/19, 59, 34, 44, 19, 1, 10
2015/10/20, 50, 53, 39, 22, 2, 11
2015/10/21, 61, 47, 37, 20, 2, 8
2015/10/22, 65, 50, 45, 20, 2, 7
2015/10/23, 68, 50, 46, 26, 2, 8
2015/10/24, 84, 35, 41, 16, 1, 7
2015/10/25, 57, 21, 39, 16, 1, 8
2015/10/26, 42, 42, 45, 24, 2, 9
2015/10/27, 72, 44, 47, 26, 4, 10
2015/10/28, 81, 53, 45, 20, 4, 7
2015/10/29, 66, 35, 39, 21, 2, 8
2015/10/30, 68, 48, 41, 28, 5, 8
2015/10/31, 87, 31, 36, 20, 1, 6
2015/11/1, 57, 21, 33, 13, , 5
2015/11/2, 50, 36, 32, 14, 1, 5
2015/11/3, 79, 37, 36, 19, 2, 6
2015/11/4, 82, 41, 33, 27, 4, 7
2015/11/5, 89, , , , , 
2015/11/11, 71, 47, 37, 24, 5, 8
2015/11/12, 67, 47, 41, 23, 3, 9
2015/11/13, 78, 45, 39, 22, 2, 8
2015/11/14, 66, 45, 34, 20, 3, 8
2015/11/15, 50, 28, 26, 17, 4, 7
2015/11/16, 54, 37, 31, 22, 3, 8
2015/11/17, 70, 37, 25, 30, 9, 8
2015/11/18, 81, 32, 29, 24, 5, 9
2015/11/19, 69, 27, 29, 14, 1, 7
2015/11/20, 52, 30, 30, 15, 1, 6
2015/11/21, 48, 27, 24, 21, 2, 8
2015/11/22, 57, 36, 33, 20, 4, 8
2015/11/23, 74, 45, 23, 24, 4, 9
2015/11/24, 88, , , , , 
2015/7/2, 42, 53, 24, 13, 2, 4
2015/7/3, 33, 65, 35, 16, 2, 5
2015/7/4, 48, 43, 30, 17, 1, 5
2015/7/5, 46, 40, 32, 12, , 4
2015/7/6, 39, 36, 31, 14, , 4
2015/7/7, 52, 19, 28, 10, , 4
2015/7/8, 35, 35, 28, 14, 2, 5
2015/7/9, 50, 45, 29, 15, 3, 5
2015/7/10, 52, 46, 22, 16, 3, 8
2015/7/11, 49, 39, 24, 15, 1, 7
2015/7/12, 50, 30, 27, 11, 1, 5
2015/7/13, 46, 40, 33, 15, 2, 6
2015/7/14, 59, 45, 25, 22, 5, 5
2015/7/15, 64, 48, 28, 19, 8, 5
2015/7/16, 62, 39, 28, 15, 3, 3
2015/7/17, 54, 50, 35, 17, 1, 3
2015/7/18, 41, 36, 31, 18, 2, 4
2015/7/19, 50, 42, 33, 17, 2, 4
2015/7/20, 62, 37, 28, 17, 2, 3
2015/7/21, 61, 40, 26, 16, 2, 3
2015/7/22, 60, 23, 14, 17, 3, 4
2015/7/23, 51, 30, 15, 18, 5, 3
2015/7/24, 55, 31, 29, 15, 1, 2
2015/7/25, 28, 35, 28, 12, 1, 3
2015/7/26, 28, 30, 34, 10, , 2
2015/7/27, 33, 35, 21, 14, 1, 3
2015/7/28, 40, 40, 23, 14, 3, 3
2015/7/29, 50, 40, 26, 15, 2, 3
2015/7/30, 47, 41, 26, 19, 2, 4
2015/7/31, 48, 43, 30, 21, 2, 5
2015/8/1, 51, 51, 30, 18, 2, 5
2015/8/2, 58, 36, 32, 11, , 3
2015/8/3, 33, 38, 35, 10, 1, 3
2015/8/4, 33, 43, 31, 10, 1, 3
2015/8/5, 30, 50, 36, 11, 1, 4
2015/8/6, 32, 51, 45, 13, 2, 4
2015/8/7, 35, 54, 33, 19, 3, 6
2015/8/8, 52, 54, 37, 19, 3, 6
2015/8/9, 64, 33, 33, 11, 2, 4
2015/8/10, 64, 43, 37, 14, 4, 5
2015/8/11, 67, 58, 36, 17, 5, 5
2015/8/12, 64, 55, 35, 18, 8, 5
2015/8/13, 58, 57, 41, 17, 6, 5
2015/8/14, 58, 47, 25, 19, 6, 5
2015/8/15, 77, 43, 31, 17, 4, 6
2015/8/16, 60, 35, 30, 16, 3, 5
2015/8/17, 37, 52, 39, 15, 3, 4
2015/8/18, 40, 56, 54, 18, 4, 4
2015/8/19, 53, 55, 44, 18, 4, 5
2015/8/20, 43, 52, 37, 13, 3, 4
2015/8/21, 41, 65, 42, 15, 3, 4
2015/8/22, 49, 66, 47, 23, 5, 6
2015/8/23, 70, 53, 41, 17, 4, 5
2015/8/24, 74, 51, 32, 19, 3, 5
2015/8/25, 55, 44, 31, 23, 3, 6
2015/8/26, 68, 51, 42, 20, 5, 6
2015/8/27, 67, 67, 43, 23, 4, 6
2015/8/28, 80, 49, 33, 18, 4, 5
2015/8/29, 45, 50, 36, 13, 2, 4
2015/8/30, 39, 58, 39, 11, 2, 4
2015/8/31, 29, 52, 36, 16, 2, 5
2015/9/1, 41, 48, 37, 16, 2, 5
2015/9/2, 48, 54, 39, 19, 2, 6
2015/9/3, 46, 54, 45, 20, 3, 6
2015/9/4, 52, 58, 49, 24, 6, 6
2015/9/5, 70, 53, 47, 23, 4, 6
2015/9/6, 63, 50, 20, 20, 4, 6
2015/9/7, 64, 46, 39, 17, 3, 5
2015/9/8, 64, 80, 49, 15, 7, 4
2015/9/9, 74, 59, 43, 17, 5, 5
2015/9/10, 70, 60, 63, 24, 5, 6
2015/9/11, 72, 58, 72, 28, 4, 5
2015/9/12, 75, 66, 72, 25, 3, 5
2015/9/13, 59, 74, 99, 10, 2, 3
2015/9/14, 47, 62, 113, 16, 2, 5
2015/9/15, 59, 66, 85, 22, 3, 6
2015/9/16, 68, 63, 50, 22, 3, 7
2015/9/17, 72, 71, 50, 23, 3, 7
2015/9/18, 96, 59, 41, 28, 1, 7
2015/9/19, 109, 53, 14, 42, 4, 14
2015/9/20, 112, 57, 47, 18, 1, 4
2015/9/21, 64, 62, 44, 26, 1, 6
2015/9/22, 76, 57, 42, 23, 2, 6
2015/9/23, 71, 71, 34, 21, 6, 5
2015/9/24, 70, 61, 42, 23, 4, 6
2015/9/25, 64, 60, 42, 25, 2, 7
2015/9/26, 63, 64, 39, 20, 2, 6
2015/9/27, 61, 45, 39, 16, 1, 5
2015/9/28, 55, 58, 51, 18, 1, 5
2015/9/29, 74, 68, 56, 22, 3, 5
2015/9/30, 84, 68, 47, 28, 3, 6
2015/10/1, 99, 56, 33, 24, 1, 5
2015/4/2, 69, , 39, 22, 5, 6
2015/4/3, 52, , 38, 20, 4, 7
2015/4/4, 51, , 36, 15, 2, 5
2015/4/5, 48, , 31, 13, 2, 5
2015/4/6, 47, , 39, 21, 3, 8
2015/4/7, 57, , 35, 20, 3, 6
2015/4/8, 42, , 39, 22, 5, 8
2015/4/9, 67, , 32, 21, 4, 10
2015/4/10, 60, , 42, 25, 3, 11
2015/4/11, 61, , 40, 26, 4, 8
2015/4/12, 57, , 39, 13, 2, 5
2015/4/13, 35, , 40, 17, 4, 6
2015/4/14, 49, , 27, 20, 4, 9
2015/4/15, 54, , 39, 23, 6, 10
2015/4/16, 75, , 34, 34, 7, 11
2015/4/17, 65, , 25, 44, 6, 11
2015/4/18, 73, , 44, 34, 5, 12
2015/4/19, 74, , 38, 25, 2, 12
2015/4/20, 59, , 36, 19, 2, 8
2015/4/21, 70, , 33, 20, 5, 7
2015/4/22, 50, , 36, 18, 5, 7
2015/4/23, 51, , 33, 18, 5, 7
2015/4/24, 46, , 26, 20, 4, 8
2015/4/25, 59, , 31, 21, 3, 9
2015/4/26, 59, , 29, 13, 1, 6
2015/4/27, 29, , 25, 14, 3, 7
2015/4/28, 42, , 29, 20, 6, 8
2015/4/29, 51, , 33, 19, 4, 8
2015/4/30, 52, , 29, 23, 7, 7
2015/5/1, 55, , , , , 
2015/5/5, 76, , 34, 26, 4, 9
2015/5/6, 55, , 22, 26, 6, 8
2015/5/7, 50, , 36, 17, 5, 6
2015/5/8, 50, , 28, 18, 4, 7
2015/5/9, 52, , 12, 16, 3, 6
2015/5/10, 39, , 18, 10, 2, 5
2015/5/11, 30, , 27, 13, 3, 6
2015/5/12, 37, , 26, 16, 4, 6
2015/5/13, 48, , 30, 17, 5, 6
2015/5/14, 49, , 24, 17, 5, 6
2015/5/15, 43, , 32, 21, 4, 9
2015/5/16, 68, , 27, 21, 5, 9
2015/5/17, 74, , 29, 16, 6, 8
2015/5/18, 61, , 26, 20, 7, 10
2015/5/19, 66, , 20, 18, 4, 10
2015/5/20, 61, , 32, 17, 3, 8
2015/5/21, 69, , 28, 17, 2, 5
2015/5/22, 58, , 28, 17, 3, 7
2015/5/23, 65, , 29, 20, 4, 7
2015/5/24, 61, , 31, 13, 3, 5
2015/5/25, 47, , 23, 17, 3, 7
2015/5/26, 65, , 30, 21, 6, 7
2015/5/27, 64, , 28, 18, 4, 6
2015/5/28, 57, , 21, 19, 2, 6
2015/5/29, 55, , 24, 17, 2, 5
2015/5/30, 57, , 29, 18, 2, 6
2015/5/31, 56, , 27, 12, 4, 7
2015/6/1, 44, , 22, 14, 3, 6
2015/6/2, 39, , 26, 18, 4, 6
2015/6/3, 43, , 26, 15, 3, 5
2015/6/4, 42, , 29, 15, 3, 5
2015/6/5, 34, , 29, 20, 3, 6
2015/6/6, 45, , 30, 18, 2, 6
2015/6/7, 50, , 33, 11, 1, 5
2015/6/8, 50, , 28, 15, 1, 6
2015/6/9, 52, , 27, 16, 3, 7
2015/6/10, 63, , 28, 13, 2, 6
2015/6/11, 57, , 25, 16, 3, 7
2015/6/12, 57, , 25, 17, 2, 7
2015/6/13, 48, , 26, 14, 2, 6
2015/6/14, 46, , 32, 14, 1, 7
2015/6/15, 45, , 26, 15, 2, 8
2015/6/16, 46, , 26, 15, 2, 6
2015/6/17, 41, , 26, 13, 2, 5
2015/6/18, 41, , 25, 15, 2, 5
2015/6/19, 39, , 33, 10, 1, 3
2015/6/20, 33, , 28, 12, 1, 3
2015/6/21, 34, , 28, 14, 1, 4
2015/6/22, 40, , 24, 13, 1, 5
2015/6/23, 40, , 24, 8, 1, 3
2015/6/24, 28, , 24, 9, 1, 4
2015/6/25, 30, , 30, 8, 1, 4
2015/6/26, 25, , 26, 10, 1, 5
2015/6/27, 30, , 32, 9, 1, 4
2015/6/28, 31, , 32, 10, 1, 4
2015/6/29, 27, , 26, 17, 1, 7
2015/6/30, 43, , 29, 17, 3, 7
2015/7/1, 51, 63, 29, 14, 2, 4
2015/1/2, 92, , 33, 12, 5, 4
2015/1/3, 39, , 33, 10, 9, 4
2015/1/4, 54, , 37, 13, 10, 5
2015/1/5, 42, , 39, 16, 13, 7
2015/1/6, 57, , 39, 19, 7, 6
2015/1/7, 52, , 34, 18, 6, 7
2015/1/8, 52, , 34, 22, 7, 8
2015/1/9, 60, , 30, 22, 8, 8
2015/1/10, 62, , 32, 20, 7, 7
2015/1/11, 49, , 33, 15, 6, 6
2015/1/12, 39, , 30, 16, 7, 8
2015/1/13, 44, , 37, 18, 8, 8
2015/1/14, 54, , 34, 24, 9, 8
2015/1/15, 73, , 39, 21, 4, 6
2015/1/16, 62, , 34, 28, 4, 7
2015/1/17, 64, , 33, 21, 2, 7
2015/1/18, 40, , 36, 17, 1, 7
2015/1/19, 36, , 47, 23, 5, 16
2015/1/20, 53, , 25, 24, 1, 4
2015/1/21, 54, , 31, 18, 2, 3
2015/1/22, 52, , 29, 18, 2, 5
2015/1/23, 43, , 25, 23, 1, 7
2015/1/24, 53, , 28, 23, 2, 6
2015/1/25, 53, , 46, 13, 1, 3
2015/1/26, 52, , 30, 19, 1, 4
2015/1/27, 68, , 27, 16, 2, 4
2015/1/28, 44, , 37, 21, 4, 6
2015/1/29, 55, , 26, 23, 7, 7
2015/1/30, 69, , 30, 19, 5, 5
2015/1/31, 61, , 34, 16, 3, 5
2015/2/1, 52, , 28, 12, 4, 4
2015/2/2, 40, , 30, 14, 6, 4
2015/2/3, 44, , 25, 17, 7, 6
2015/2/4, 43, , 31, 16, 5, 6
2015/2/5, 50, , 35, 15, 6, 5
2015/2/6, 45, , 37, 19, 8, 6
2015/2/7, 66, , 24, 21, 3, 5
2015/2/8, 38, , 24, 12, 1, 4
2015/2/9, 27, , 18, 10, 2, 3
2015/2/10, 25, , 29, 14, 4, 4
2015/2/11, 44, , 40, 14, 4, 3
2015/2/12, 56, , 41, 16, 6, 3
2015/2/13, 60, , 32, 14, 4, 5
2015/2/14, 46, , 32, 15, 4, 7
2015/2/15, 54, , 41, 15, 4, 6
2015/2/16, 44, , 48, 14, 3, 5
2015/2/17, 46, , 55, 12, 4, 4
2015/2/18, 50, , 38, 14, 6, 6
2015/2/19, 51, , 22, 12, 3, 4
2015/2/20, 38, , 31, 16, 5, 5
2015/2/21, 47, , 39, 20, 5, 6
2015/2/22, 55, , 57, 16, 5, 5
2015/2/23, 53, , 36, 21, 5, 5
2015/2/24, 52, , 46, 26, 8, 6
2015/2/25, 70, , 38, 20, 6, 5
2015/2/26, 59, , 53, 17, 4, 5
2015/2/27, 70, , 48, 19, 5, 6
2015/2/28, 62, , 40, 22, 4, 6
2015/3/1, 62, , 41, 16, 3, 5
2015/3/2, 46, , 38, 18, 4, 5
2015/3/3, 52, , 40, 22, 13, 4
2015/3/4, 58, , 39, 17, 3, 5
2015/3/5, 42, , 44, 21, 5, 6
2015/3/6, 60, , 41, 22, 5, 6
2015/3/7, 59, , 35, 21, 3, 6
2015/3/8, 44, , 32, 17, 3, 5
2015/3/9, 35, , 27, 19, 4, 7
2015/3/10, 46, , 26, 17, 5, 6
2015/3/11, 38, , 30, 21, 6, 8
2015/3/12, 52, , 24, 20, 5, 7
2015/3/13, 55, , 25, 21, 5, 7
2015/3/14, 47, , 30, 17, 3, 5
2015/3/15, 47, , 33, 13, 2, 5
2015/3/16, 37, , 31, 15, 2, 6
2015/3/17, 58, , 16, 18, 4, 7
2015/3/18, 18, , 19, 21, 3, 7
2015/3/19, 33, , 17, 22, 4, 7
2015/3/20, 44, , 18, 27, 5, 8
2015/3/21, 43, , 25, 26, 3, 8
2015/3/22, 43, , , , 2, 7
2015/3/23, 71, , , , 4, 8
2014/11/2, 65, , 44, 15, 1, 6
2014/11/3, 58, , 37, 14, 3, 5
2014/11/4, 52, , 34, 23, 1, 6
2014/11/5, 38, , 51, 27, 4, 8
2014/11/6, 65, , 41, 24, 3, 7
2014/11/7, 75, , 44, 23, 7, 6
2014/11/8, 74, , 44, 22, 3, 5
2014/11/9, 71, , 44, 20, 2, 5
2014/11/10, 61, , 37, 22, , 6
2014/11/11, 46, , 33, 25, , 6
2014/11/12, 37, , 22, 20, , 6
2014/11/13, 40, , 29, 20, 2, 8
2014/11/14, 56, , 28, 25, 3, 7
2014/11/15, 55, , 37, 28, 2, 6
2014/11/16, 58, , 38, 23, 2, 5
2014/11/17, 57, , 32, 21, 3, 5
2014/11/18, 51, , 34, 22, 4, 7
2014/11/19, 67, , 30, 19, , 8
2014/11/20, 53, , 31, 20, 1, 8
2014/11/21, 60, , 24, 25, 2, 7
2014/11/22, 64, , 32, 21, 1, 7
2014/11/23, 57, , 34, 19, 4, 6
2014/11/24, 50, , 34, 23, 5, 8
2014/11/25, 74, , 37, 26, 3, 8
2014/11/26, 71, , 34, 20, 10, 9
2014/11/27, 51, , 36, 25, 4, 6
2014/11/28, 59, , 38, 24, 5, 8
2014/11/29, 69, , 38, 20, 5, 7
2014/11/30, 51, , 37, 17, 2, 6
2014/12/1, 44, , , , , 
2025/1/1, , 29, 26, , 5, 1
2025/1/31, , 39, , , , 
2025/2/3, , 13, 26, , 5, 
2025/2/15, , 18, 13, , , 5
2025/2/24, , 30, 14, , 2, 4
2024/4/17, , 50, 22, , 4, 6
2024/1/23, , 40, 42, , 2, 1
2024/3/25, , 25, 27, , 2, 4
2023/10/8, , 35, , , 3, 2
2023/3/7, , 9, 6, , 2, 6
2023/3/18, , 12, 2, , 4, 13
2022/4/28, , 29, 33, , 3, 7
2022/2/11, , 19, 35, , 3, 6
2021/8/5, , 60, 48, , 2, 4
2021/6/21, , 25, 21, , 4, 6
2021/2/15, , 27, 26, , 3, 6
2020/9/30, , 19, 2, , 3, 7
2020/4/1, , 15, 31, , , 3
2020/5/22, , 33, 31, , 1, 4
2020/1/1, , 22, 23, , 2, 6
2020/2/12, , 55, 33, , 3, 9
2019/10/22, , 21, 30, , 1, 7
2019/12/24, , 47, 27, , 3, 7
2019/1/1, , 48, 38, , 3, 3
2018/11/26, , 18, 23, , 4, 5
2018/11/27, , 23, 23, , 3, 7
2018/9/25, , 43, 62, , 1, 5
2016/8/5, , 49, 41, 19, 4, 4
2016/8/10, , 54, , , , 
2016/8/11, , 44, , , , 
2016/8/12, , 51, , , , 
2016/8/13, , 60, , , , 
2016/8/14, , 33, , , , 
2016/8/15, , 52, , , , 
2016/8/16, , 65, , , , 
2015/11/10, , 44, 32, 22, 4, 8
2024/4/20, , , 26, , 6, 9
2016/1/7, , , 4, 24, 1, 5
2015/4/1, , , 34, 19, 5, 9
2015/5/4, , , 39, 28, 5, 13
2015/1/1, , , 44, 16, 8, 5
2014/11/1, , , 47, 25, 2, 7
2016/10/8, , , , , 1, 6
2015/3/24, , , , , 6, 5
2015/3/25, , , , , 3, 5
2015/3/26, , , , , 7, 6
2015/3/27, , , , , 4, 7
2015/3/28, , , , , 4, 7
2015/3/29, , , , , 6, 6
2015/3/30, , , , , 4, 8
2015/3/31, , , , , 7, 7