date, pm25, pm10, o3, so2, co
2025/6/2, 22, , 26, 1, 10
2025/6/3, 30, , 32, 1, 10
2025/6/4, 28, , 30, , 3
2025/6/5, 29, , 36, , 3
2025/6/6, 26, , 20, 2, 5
2025/6/7, 40, , 29, 2, 4
2025/6/8, 30, , 29, 1, 2
2025/6/9, 32, , 26, 1, 2
2025/6/10, 36, , 34, 1, 4
2025/6/11, 32, , 44, 2, 4
2025/6/12, 32, , 33, 1, 4
2025/6/13, 20, , 33, 1, 5
2025/6/14, 21, , 31, 1, 5
2025/6/15, 25, , 34, 2, 5
2025/6/16, 27, , 36, 1, 6
2025/6/17, 20, , 28, 1, 8
2025/6/18, 34, , 42, 2, 8
2025/6/19, 20, , 30, 2, 9
2025/6/20, 20, , 32, 3, 11
2025/6/21, 25, , , , 
2025/5/2, 24, , 42, 1, 5
2025/5/3, 33, , 39, 1, 105
2025/5/4, 31, , 41, 2, 500
2025/5/5, 29, , 24, 1, 129
2025/5/6, 29, , 31, 6, 4
2025/5/7, 41, , 46, 1, 3
2025/5/8, 33, , 22, 2, 6
2025/5/9, 49, , 40, 2, 8
2025/5/10, 45, , 28, 2, 8
2025/5/11, 33, , 27, 1, 7
2025/5/12, 18, , 29, 1, 6
2025/5/13, 24, , 27, 3, 7
2025/5/14, 33, , 40, , 9
2025/5/15, 30, , 28, , 10
2025/5/16, 21, , 25, , 6
2025/5/17, 22, , 31, , 4
2025/5/18, 17, , 39, , 3
2025/5/19, 27, , 23, 2, 6
2025/5/20, 34, , 37, 3, 3
2025/5/21, 38, , 33, 2, 6
2025/5/22, 34, , 24, 1, 6
2025/5/23, 36, , 27, 1, 7
2025/5/24, 32, , 28, 1, 7
2025/5/25, 31, , 30, 1, 7
2025/5/26, 24, , 31, , 7
2025/5/27, 17, , 39, , 6
2025/5/28, 26, , 24, 2, 6
2025/5/29, 39, , 27, 2, 7
2025/5/30, 34, , 33, 2, 7
2025/5/31, 32, , 34, , 5
2025/6/1, 23, , 31, 1, 8
2025/4/2, 34, , 54, 1, 4
2025/4/3, 29, , 48, 2, 5
2025/4/4, 28, , 39, 2, 8
2025/4/5, 39, , 42, 2, 7
2025/4/6, 41, , 22, 2, 3
2025/4/7, 19, , 33, 2, 9
2025/4/8, 30, , 29, 2, 10
2025/4/9, 32, , 42, 3, 7
2025/4/10, 40, , 32, 2, 5
2025/4/11, 21, , 23, 2, 12
2025/4/12, 35, , 43, 3, 11
2025/4/13, 34, , 41, 2, 9
2025/4/14, 33, , 43, 3, 10
2025/4/15, 37, , 39, 3, 11
2025/4/16, 39, , 52, 2, 7
2025/4/17, 44, , 33, 2, 8
2025/4/18, 32, , 36, 2, 8
2025/4/19, 31, , 55, 3, 7
2025/4/20, 33, , 40, 2, 6
2025/4/21, 24, , 46, 2, 7
2025/4/22, 33, , 53, 2, 4
2025/4/23, 28, , 53, 2, 4
2025/4/24, 22, , 39, 2, 7
2025/4/25, 31, , 40, 3, 9
2025/4/26, 42, , 41, 3, 7
2025/4/27, 43, , 44, 2, 3
2025/4/28, 20, , 21, 2, 8
2025/4/29, 30, , 33, 1, 6
2025/4/30, 43, , 36, , 4
2025/5/1, 29, , 38, , 4
2025/1/2, 27, , 32, , 2
2025/1/3, 20, , 24, 1, 3
2025/1/4, 18, , 30, , 4
2025/1/5, 17, , 33, , 4
2025/1/6, 15, , 43, 3, 5
2025/1/7, 29, , 42, 5, 8
2025/1/8, 44, , 44, 2, 8
2025/1/9, 35, , 39, 3, 7
2025/1/10, 26, , 36, 2, 7
2025/1/11, 32, , 56, 4, 8
2025/1/12, 45, , 69, 4, 8
2025/1/13, 38, , 43, 4, 8
2025/1/14, 35, , 45, 6, 5
2025/1/15, 36, , 50, 6, 2
2025/1/16, 31, , 36, 3, 2
2025/1/17, 22, , 40, 5, 4
2025/1/18, 24, , 50, 7, 3
2025/1/19, 31, , 58, 3, 3
2025/1/20, 21, , 50, 3, 6
2025/1/21, 32, , 70, 7, 5
2025/1/22, 45, , 59, 5, 6
2025/1/23, 40, , 72, 10, 8
2025/1/24, 50, , 44, 8, 8
2025/1/25, 53, , 42, 7, 7
2025/1/26, 43, , 36, 4, 6
2025/1/27, 36, , 34, 2, 7
2025/1/28, 32, , 38, 3, 5
2025/1/29, 29, , 37, 4, 5
2025/1/30, 32, , 32, 6, 8
2025/1/31, 37, , 57, 22, 7
2025/2/1, 65, , , , 
2025/2/4, 33, , 40, 1, 4
2025/2/5, 23, , 18, 4, 6
2025/2/6, 37, , , 9, 7
2025/2/7, 32, , , 7, 8
2025/2/8, 43, , , 2, 6
2025/2/9, 30, , , 1, 6
2025/2/10, 17, , , 1, 8
2025/2/11, 22, , , 1, 10
2025/2/12, 18, , , 2, 8
2025/2/13, 28, , , 1, 7
2025/2/14, 9, , , , 
2025/2/16, 16, , 34, 1, 2
2025/2/17, 13, , 23, 1, 4
2025/2/18, 21, , 23, 1, 3
2025/2/19, 18, , 37, 1, 3
2025/2/20, 25, , 32, 1, 4
2025/2/21, 23, , 34, 1, 5
2025/2/22, 27, , , , 
2025/2/25, 15, , 37, 2, 5
2025/2/26, 32, , 25, 2, 6
2025/2/27, 49, , 41, 2, 9
2025/2/28, 42, , 45, 2, 7
2025/3/1, 39, , 41, 1, 6
2025/3/2, 18, , 45, 1, 6
2025/3/3, 20, , 54, 1, 7
2025/3/4, 21, , 48, 1, 8
2025/3/5, 39, , 33, 2, 9
2025/3/6, 23, , 39, 2, 9
2025/3/7, 21, , 49, 2, 7
2025/3/8, 28, , 45, 2, 3
2025/3/9, 28, , 38, 2, 4
2025/3/10, 24, , 47, 2, 4
2025/3/11, 25, , 30, 3, 9
2025/3/12, 36, , 43, 3, 8
2025/3/13, 41, , 34, 2, 9
2025/3/14, 37, , 36, 4, 9
2025/3/15, 43, , 49, 2, 3
2025/3/16, 18, , 53, 2, 4
2025/3/17, 23, , 32, 1, 4
2025/3/18, 21, , 42, 2, 6
2025/3/19, 31, , 54, 3, 7
2025/3/20, 38, , 41, 2, 5
2025/3/21, 26, , 41, 3, 6
2025/3/22, 37, , 30, 2, 5
2025/3/23, 32, , 46, 2, 6
2025/3/24, 32, , 43, 2, 7
2025/3/25, 36, , 42, 4, 8
2025/3/26, 40, , 39, 2, 4
2025/3/27, 27, , 34, 2, 4
2025/3/28, 27, , 36, 2, 4
2025/3/29, 33, , 46, 2, 5
2025/3/30, 30, , 34, 2, 4
2025/3/31, 21, , 48, 1, 5
2025/4/1, 23, , 48, 2, 5
2024/10/2, 51, , 61, 13, 
2024/10/3, 38, , 58, 5, 
2024/10/4, 27, , 71, 8, 
2024/10/5, 60, , 84, 4, 
2024/10/6, 26, , 38, 2, 
2024/10/7, 25, , 75, 5, 
2024/10/8, 43, , 44, 4, 
2024/10/9, 39, , 44, 4, 
2024/10/10, 30, , 27, 3, 
2024/10/11, 48, , 29, 8, 
2024/10/12, 62, , 34, 8, 
2024/10/13, 49, , 47, 4, 
2024/10/14, 43, , 54, 3, 
2024/10/15, 5, , 87, 2, 1
2024/10/16, 17, , , , 
2024/10/18, 31, , 91, 8, 9
2024/10/19, 40, , 105, 7, 11
2024/10/20, 34, , 97, 1, 10
2024/10/21, 36, , 75, 3, 11
2024/10/22, 33, , 71, 4, 9
2024/10/23, 54, , 45, 5, 10
2024/12/22, 29, , 45, 2, 4
2024/12/23, 25, , 31, 2, 6
2024/12/24, 27, , 32, 1, 7
2024/12/25, 30, , 47, 12, 7
2024/12/26, 46, , 40, 4, 6
2024/12/27, 28, , 38, 2, 6
2024/12/28, 24, , 38, 1, 7
2024/12/29, 23, , 43, 2, 6
2024/12/30, 11, , , , 
2024/7/2, 41, , 31, 4, 2
2024/7/3, 27, , 39, 5, 2
2024/7/4, 31, , 34, 4, 1
2024/7/5, 27, , 36, 4, 3
2024/7/6, 23, , 32, 4, 4
2024/7/7, 36, , 34, 4, 3
2024/7/8, 25, , 42, 5, 4
2024/7/9, 26, , 38, 5, 4
2024/7/10, 38, , 33, 9, 5
2024/7/11, 43, , 43, 5, 3
2024/7/12, 44, , 40, 8, 4
2024/7/13, 46, , 36, 8, 4
2024/7/14, 34, , 36, 5, 3
2024/7/15, 19, , 41, 4, 3
2024/7/16, 24, , 56, 5, 3
2024/7/17, 26, , 45, 5, 3
2024/7/18, 27, , 31, 4, 3
2024/7/19, 37, , 31, 4, 3
2024/7/20, 33, , 16, 5, 5
2024/7/21, 37, , 30, 4, 3
2024/7/22, 29, , 29, 4, 4
2024/7/23, 30, , 34, 6, 4
2024/7/24, 33, , 40, 5, 3
2024/7/25, 38, , 43, 6, 5
2024/7/26, 48, , 28, 12, 5
2024/7/27, 47, , 32, 10, 5
2024/7/28, 41, , 41, 5, 3
2024/7/29, 26, , 34, 6, 3
2024/7/30, 26, , 41, 7, 4
2024/7/31, 30, , 49, 5, 3
2024/8/1, 29, , 38, 6, 5
2024/8/2, 44, , 51, 9, 4
2024/8/3, 47, , 60, 11, 4
2024/8/4, 53, , 52, 9, 3
2024/8/5, 44, , 44, 10, 3
2024/8/6, 44, , 40, 7, 3
2024/8/7, 32, , 49, 4, 4
2024/8/8, 39, , 46, 5, 4
2024/8/9, 46, , 30, 11, 6
2024/8/10, 63, , 28, 12, 6
2024/8/11, 52, , 48, 11, 2
2024/8/12, 42, , 39, 12, 3
2024/8/13, 37, , 50, 7, 4
2024/8/14, 32, , 49, 9, 5
2024/8/15, 43, , 45, 9, 5
2024/8/16, 38, , 53, 15, 5
2024/8/17, 36, , 51, 4, 5
2024/8/18, 37, , 66, 3, 3
2024/8/19, 26, , 37, 3, 3
2024/8/20, 35, , 56, 9, 5
2024/8/21, 43, , 56, 11, 5
2024/8/22, 45, , 49, 13, 5
2024/8/23, 51, , 52, 10, 4
2024/8/24, 46, , 46, 3, 3
2024/8/25, 38, , 56, 4, 3
2024/8/26, 32, , 65, 4, 4
2024/8/27, 40, , 53, 3, 5
2024/8/28, 35, , 63, 8, 4
2024/8/29, 37, , 68, 4, 5
2024/8/30, 43, , 61, 6, 6
2024/8/31, 45, , 102, 2, 5
2024/9/1, 54, , 82, 2, 6
2024/9/2, 65, , 85, 3, 6
2024/9/3, 53, , 78, 3, 7
2024/9/4, 59, , 54, 9, 8
2024/9/5, 91, , 58, 2, 7
2024/9/6, 70, , 69, 5, 6
2024/9/7, 51, , 80, 4, 7
2024/9/8, 63, , 68, 5, 6
2024/9/9, 59, , 53, 3, 4
2024/9/10, 40, , 80, 2, 6
2024/9/12, 56, , 71, 6, 6
2024/9/13, 54, , 73, 3, 6
2024/9/14, 58, , 80, 4, 6
2024/9/15, 48, , 55, 4, 5
2024/9/16, 38, , 49, 7, 7
2024/9/17, 48, , 77, 4, 7
2024/9/18, 40, , 76, 3, 6
2024/9/19, 41, , 70, 3, 7
2024/9/20, 42, , 80, 3, 6
2024/9/21, 58, , 76, 11, 5
2024/9/22, 62, , 60, 1, 5
2024/9/23, 49, , 71, 7, 6
2024/9/24, 41, , 58, 5, 7
2024/9/25, 41, , 71, 8, 5
2024/9/26, 58, , 78, 10, 5
2024/9/27, 64, , 74, 12, 7
2024/9/28, 67, , 39, 4, 8
2024/9/29, 16, , 87, 6, 6
2024/9/30, 23, , 56, 9, 
2024/10/1, 22, , 54, 11, 
2024/4/2, 37, , 28, 5, 6
2024/4/3, 28, , 35, 8, 5
2024/4/4, 33, , 32, 5, 4
2024/4/5, 34, , 38, 2, 5
2024/4/6, 35, , 33, 10, 5
2024/4/7, 39, , 37, 5, 5
2024/4/8, 37, , 40, 5, 5
2024/4/9, 38, , 38, 7, 5
2024/4/10, 45, , 46, 8, 7
2024/4/11, 60, , 49, 12, 6
2024/4/12, 63, , 59, 9, 6
2024/4/13, 57, , 72, 17, 6
2024/4/14, 66, , 63, 11, 5
2024/4/15, 52, , 58, 10, 4
2024/4/16, 36, , 68, 5, 4
2024/4/17, 9, , 27, 5, 6
2024/4/18, 25, , 27, 16, 6
2024/4/19, 55, , 2, 10, 
2024/4/20, 8, , 23, 13, 
2024/4/21, 54, , 45, 3, 
2024/4/22, 25, , 19, 10, 
2024/4/23, 20, , 28, 10, 
2024/4/24, 23, , 24, 9, 
2024/4/25, 48, , 28, 14, 
2024/4/26, 51, , 34, 7, 9
2024/4/27, 46, , 29, 6, 4
2024/4/28, 47, , 37, 5, 3
2024/4/29, 25, , 29, 5, 4
2024/4/30, 27, , 30, 7, 4
2024/5/1, 51, , 39, 10, 3
2024/5/2, 39, , 38, 7, 3
2024/5/3, 42, , 34, 3, 1
2024/5/4, 16, , 31, 4, 1
2024/5/5, 25, , 10, 9, 6
2024/5/6, 36, , 27, 20, 5
2024/5/7, 48, , 29, 7, 3
2024/5/8, 34, , 16, 7, 7
2024/5/9, 40, , 33, 12, 7
2024/5/10, 59, , 37, 11, 5
2024/5/11, 44, , 22, 12, 8
2024/5/12, 60, , 47, 10, 5
2024/5/13, 48, , 23, 13, 3
2024/5/14, 54, , 24, 14, 2
2024/5/15, 50, , 28, 10, 2
2024/5/16, 37, , 32, 5, 1
2024/5/17, 24, , 33, 7, 1
2024/5/18, 30, , 23, 7, 1
2024/5/19, 37, , 23, 6, 1
2024/5/20, 28, , 23, 5, 2
2024/5/21, 31, , 27, 4, 2
2024/5/22, 29, , 23, 5, 3
2024/5/23, 33, , 29, 2, 2
2024/5/24, 20, , 32, 4, 2
2024/5/25, 34, , 30, 6, 3
2024/5/26, 34, , 37, 9, 3
2024/5/27, 65, , 35, 4, 4
2024/5/28, 41, , 29, 3, 3
2024/5/29, 25, , 28, 3, 3
2024/5/30, 32, , 39, 3, 2
2024/5/31, 26, , 23, 4, 7
2024/6/1, 31, , 28, 5, 
2024/6/2, 51, , 49, 5, 
2024/6/3, 28, , 24, 6, 1
2024/6/4, 30, , 30, 5, 1
2024/6/5, 31, , 33, 3, 
2024/6/6, 19, , 28, 3, 1
2024/6/7, 21, , 32, 4, 
2024/6/8, 29, , 34, 4, 
2024/6/9, 28, , 40, 3, 
2024/6/10, 27, , 38, 3, 
2024/6/11, 20, , 29, 4, 1
2024/6/12, 29, , 33, 4, 1
2024/6/13, 35, , 26, 3, 
2024/6/14, 24, , 33, 3, 
2024/6/15, 25, , 34, 3, 
2024/6/16, 18, , 37, 3, 1
2024/6/17, 26, , 28, 6, 2
2024/6/18, 35, , 60, 7, 1
2024/6/19, 47, , 57, 5, 3
2024/6/20, 41, , 34, 5, 3
2024/6/21, 45, , 36, 4, 2
2024/6/22, 22, , 47, 8, 2
2024/6/25, 32, , 37, 4, 2
2024/6/26, 30, , 42, 4, 2
2024/6/27, 40, , 43, 3, 1
2024/6/28, 32, , 47, 5, 2
2024/6/29, 48, , 46, 5, 2
2024/6/30, 39, , 36, 4, 2
2024/7/1, 37, , 45, 4, 2
2024/1/2, 83, , 35, 2, 5
2024/1/3, 47, , 22, 9, 5
2024/1/4, 42, , 33, 3, 4
2024/1/5, 22, , 48, 1, 3
2024/1/6, 24, , 52, 3, 4
2024/1/7, 49, , 37, 3, 5
2024/1/8, 43, , 38, 1, 4
2024/1/9, 46, , 38, 2, 4
2024/1/10, 35, , 38, , 2
2024/1/11, 21, , 40, 9, 3
2024/1/12, 41, , 37, 2, 2
2024/1/13, 25, , 77, 4, 2
2024/1/14, 22, , 52, 3, 2
2024/1/15, 30, , 35, 13, 4
2024/1/16, 44, , 34, 1, 3
2024/1/17, 33, , 35, 1, 4
2024/1/18, 29, , 33, 3, 6
2024/1/19, 41, , 33, 3, 4
2024/1/20, 35, , 40, 2, 4
2024/1/21, 34, , 36, 1, 4
2024/1/22, 27, , 30, 3, 5
2024/1/23, 35, , 37, 3, 5
2024/1/24, 29, , 64, 3, 5
2024/1/25, 45, , 76, 4, 4
2024/1/26, 41, , 74, 3, 3
2024/1/27, 50, , 67, 4, 3
2024/1/28, 48, , 68, 4, 3
2024/1/29, 52, , 66, 8, 4
2024/1/30, 54, , 69, 6, 3
2024/1/31, 50, , 65, 8, 4
2024/2/1, 55, , 55, 5, 4
2024/2/2, 41, , 47, 2, 4
2024/2/3, 30, , 52, 4, 4
2024/2/4, 30, , 57, 4, 4
2024/2/5, 26, , 37, 4, 6
2024/2/6, 30, , 55, 3, 5
2024/2/7, 40, , 41, 4, 7
2024/2/8, 52, , 49, 11, 6
2024/2/9, 47, , 40, 4, 5
2024/2/10, 43, , 34, 3, 6
2024/2/11, 38, , 41, 3, 4
2024/2/12, 30, , 39, 1, 3
2024/2/13, 15, , 47, 1, 3
2024/2/14, 23, , 34, 1, 5
2024/2/15, 31, , 31, 2, 6
2024/2/16, 25, , 29, 2, 6
2024/2/17, 40, , 33, 1, 4
2024/2/18, 26, , 56, 2, 4
2024/2/19, 36, , 45, 2, 5
2024/2/20, 39, , 23, 1, 5
2024/2/21, 19, , 31, 1, 5
2024/2/22, 23, , 40, 3, 3
2024/2/23, 38, , 42, 3, 1
2024/2/24, 32, , 38, 2, 
2024/2/25, 27, , 45, 2, 
2024/2/26, 25, , 52, 8, 
2024/2/27, 38, , 46, 12, 9
2024/2/28, 49, , 68, 19, 7
2024/2/29, 62, , 65, 6, 4
2024/3/1, 35, , 52, 3, 4
2024/3/2, 28, , 45, 1, 2
2024/3/3, 16, , 47, 1, 2
2024/3/4, 18, , 47, 3, 3
2024/3/5, 27, , 55, 3, 3
2024/3/6, 41, , 61, 2, 3
2024/3/7, 41, , 50, 2, 3
2024/3/8, 33, , 50, 5, 4
2024/3/9, 53, , 45, 7, 4
2024/3/10, 44, , 37, 6, 3
2024/3/11, 44, , 32, 6, 2
2024/3/12, 30, , 30, 3, 3
2024/3/13, 34, , 39, 3, 5
2024/3/14, 32, , 35, 4, 5
2024/3/15, 36, , 31, 4, 6
2024/3/16, 47, , 38, 5, 7
2024/3/17, 42, , 40, 9, 5
2024/3/18, 41, , 43, 10, 5
2024/3/19, 46, , 39, 5, 5
2024/3/20, 52, , 41, 9, 5
2024/3/21, 51, , 60, 3, 5
2024/3/22, 31, , 40, 4, 5
2024/3/23, 41, , 51, 11, 7
2024/3/24, 51, , 51, 14, 6
2024/3/25, 51, , 38, 8, 6
2024/3/26, 44, , 43, 11, 6
2024/3/27, 40, , 42, 5, 7
2024/3/28, 40, , 43, 13, 8
2024/3/29, 57, , 39, 6, 6
2024/3/30, 42, , 50, 5, 5
2024/3/31, 41, , 48, 8, 5
2024/4/1, 35, , 46, 13, 7
2023/10/2, 38, , 71, 11, 4
2023/10/3, 43, , 76, 7, 4
2023/10/4, 41, , 81, 7, 4
2023/10/5, 46, , , , 
2023/10/9, 43, , 68, 8, 7
2023/10/10, 55, , 57, 7, 7
2023/10/11, 57, , 49, 12, 9
2023/10/12, 61, , 54, 10, 10
2023/10/13, 60, , 68, 10, 6
2023/10/14, 51, , 33, 10, 6
2023/10/15, 32, , 58, 13, 6
2023/10/16, 42, , 65, 8, 5
2023/10/17, 37, , 77, 26, 7
2023/10/18, 58, , 55, 13, 6
2023/10/19, 48, , 61, 7, 5
2023/10/20, 40, , 49, 11, 5
2023/10/21, 46, , 68, 3, 4
2023/10/22, 43, , 89, 5, 5
2023/10/23, 48, , 47, 9, 6
2023/10/24, 44, , 66, 3, 4
2023/10/25, 9, , 56, 5, 6
2023/10/26, 42, , 51, 3, 4
2023/10/27, 22, , 49, 2, 4
2023/10/28, 19, , 31, 39, 5
2023/10/29, 18, , 52, 4, 5
2023/10/30, 21, , 58, 28, 5
2023/10/31, 28, , 47, 23, 4
2023/11/1, 20, , 47, 5, 4
2023/11/2, 27, , 57, 5, 4
2023/11/3, 34, , 62, 6, 3
2023/11/4, 32, , 49, 8, 3
2023/11/5, 29, , 63, 6, 4
2023/11/6, 39, , 45, 29, 5
2023/11/7, 33, , 48, 34, 4
2023/11/8, 37, , 67, 28, 4
2023/11/9, 43, , 59, 37, 4
2023/11/10, 33, , 50, 7, 5
2023/11/11, 37, , 57, 3, 4
2023/11/12, 31, , 59, 4, 4
2023/11/13, 30, , 45, 10, 4
2023/11/14, 48, , 59, 6, 4
2023/11/15, 30, , 62, 4, 4
2023/11/16, 25, , 59, 4, 5
2023/11/17, 38, , 62, 7, 5
2023/11/18, 54, , 60, 6, 5
2023/11/19, 43, , 53, 5, 4
2023/11/20, 32, , 45, 46, 4
2023/11/21, 29, , 37, 42, 4
2023/11/22, 19, , 48, 4, 3
2023/11/23, 18, , 56, 6, 5
2023/11/24, 30, , 38, 82, 5
2023/11/25, 28, , 53, 3, 4
2023/11/26, 31, , 45, 9, 5
2023/11/27, 37, , 37, 74, 6
2023/11/28, 41, , 36, 23, 5
2023/11/29, 56, , 44, 120, 4
2023/11/30, 53, , 47, 39, 4
2023/12/1, 59, , 50, 9, 6
2023/12/2, 46, , 61, 15, 6
2023/12/3, 46, , 66, 7, 4
2023/12/4, 41, , 43, 12, 5
2023/12/5, 38, , 32, 39, 6
2023/12/6, 51, , 42, , 4
2023/12/7, 56, , 43, 5, 4
2023/12/8, 26, , 32, 8, 5
2023/12/9, 30, , 38, 10, 5
2023/12/10, 34, , 32, 6, 4
2023/12/11, 38, , 39, 10, 5
2023/12/12, 45, , 29, 18, 6
2023/12/13, 76, , 36, 1, 5
2023/12/14, 62, , 36, 7, 5
2023/12/15, 36, , 23, 1, 6
2023/12/16, 22, , 35, , 5
2023/12/17, 23, , 24, 5, 5
2023/12/18, 20, , 34, 1, 6
2023/12/19, 28, , 41, 2, 6
2023/12/20, 27, , 37, 2, 5
2023/12/21, 28, , 44, 9, 5
2023/12/22, 38, , 58, 5, 4
2023/12/23, 47, , 38, 5, 4
2023/12/24, 38, , 53, 5, 4
2023/12/25, 43, , 48, 1, 3
2023/12/26, 36, , 39, , 3
2023/12/27, 23, , 31, 1, 3
2023/12/28, 22, , 33, , 3
2023/12/29, 18, , 41, , 3
2023/12/30, 19, , 37, , 3
2023/12/31, 18, , 37, 2, 5
2024/1/1, 33, , 43, 3, 7
2023/7/2, 42, , 58, 1, 3
2023/7/3, 41, , 43, , 2
2023/7/4, 32, , 44, 1, 2
2023/7/5, 28, , 44, 2, 3
2023/7/6, 35, , 45, 2, 2
2023/7/7, 22, , 38, 5, 2
2023/7/8, 26, , 43, 7, 2
2023/7/9, 20, , 33, 11, 3
2023/7/10, 32, , 33, 9, 4
2023/7/11, 30, , 34, 3, 4
2023/7/12, 32, , 39, 3, 4
2023/7/13, 31, , 43, 3, 4
2023/7/14, 36, , 35, 2, 3
2023/7/15, 34, , 33, 1, 4
2023/7/16, 32, , 37, 2, 4
2023/7/17, 35, , 31, 2, 4
2023/7/18, 40, , 46, 2, 4
2023/7/19, 26, , 40, 1, 2
2023/7/20, 18, , 38, 1, 2
2023/7/21, 14, , 35, 2, 3
2023/7/22, 21, , 26, 3, 5
2023/7/23, 22, , , , 
2023/7/25, 31, , 43, 2, 4
2023/7/26, 37, , 52, 3, 6
2023/7/27, 48, , 52, 3, 6
2023/7/28, 56, , 23, 12, 7
2023/7/29, 43, , 31, 3, 5
2023/7/30, 30, , 34, 2, 5
2023/7/31, 24, , 35, 2, 4
2023/8/1, 30, , 38, 2, 4
2023/8/2, 25, , 44, 3, 5
2023/8/3, 32, , 55, 3, 5
2023/8/4, 33, , 50, 3, 6
2023/8/5, 36, , 42, 3, 6
2023/8/6, 31, , 42, 2, 5
2023/8/7, 35, , 38, 3, 5
2023/8/8, 37, , 30, 3, 4
2023/8/9, 26, , 38, 4, 7
2023/8/10, 39, , 61, 3, 5
2023/8/11, 43, , 48, 3, 5
2023/8/12, 46, , 45, 3, 5
2023/8/13, 45, , 51, 2, 5
2023/8/14, 46, , 51, 2, 5
2023/8/15, 41, , 46, 1, 4
2023/8/16, 30, , 65, 2, 5
2023/8/17, 44, , 50, 2, 5
2023/8/18, 47, , 64, 3, 5
2023/8/19, 44, , 64, 3, 6
2023/8/20, 57, , 53, 1, 5
2023/8/21, 28, , 49, 1, 4
2023/8/22, 26, , 42, 2, 5
2023/8/23, 35, , 65, 3, 6
2023/8/24, 46, , 49, 3, 6
2023/8/25, 42, , 44, 5, 7
2023/8/26, 41, , 80, 4, 9
2023/8/27, 48, , 70, 2, 6
2023/8/28, 45, , 44, 1, 5
2023/8/29, 31, , 54, 4, 6
2023/8/30, 37, , 66, 5, 6
2023/8/31, 43, , 57, 5, 6
2023/9/1, 41, , 54, 3, 7
2023/9/2, 46, , 69, 7, 7
2023/9/3, 50, , 60, 8, 6
2023/9/4, 49, , 56, 4, 5
2023/9/5, 35, , 63, 4, 2
2023/9/6, 25, , 86, 17, 4
2023/9/7, 38, , 80, 9, 4
2023/9/8, 43, , 82, 7, 4
2023/9/9, 52, , 48, 11, 5
2023/9/10, 57, , 49, 10, 5
2023/9/11, 46, , 70, 3, 4
2023/9/12, 39, , 52, 9, 5
2023/9/13, 50, , 56, 6, 4
2023/9/14, 47, , 49, 6, 4
2023/9/15, 49, , 51, 6, 4
2023/9/16, 35, , 81, 5, 4
2023/9/17, 35, , 80, 6, 3
2023/9/18, 38, , 66, 8, 4
2023/9/19, 43, , 61, 12, 4
2023/9/20, 40, , 62, 11, 4
2023/9/21, 42, , 61, 10, 6
2023/9/22, 51, , 87, 8, 5
2023/9/23, 69, , 79, 9, 5
2023/9/24, 63, , 63, 6, 5
2023/9/25, 46, , 68, 8, 7
2023/9/26, 47, , 70, 19, 6
2023/9/27, 54, , 72, 10, 7
2023/9/28, 54, , 84, 19, 7
2023/9/29, 64, , 66, 12, 6
2023/9/30, 52, , 49, 7, 5
2023/10/1, 41, , 74, 6, 4
2023/4/2, 45, , 39, , 4
2023/4/3, 32, , 34, , 4
2023/4/4, 28, , 25, , 6
2023/4/5, 35, , , , 5
2023/4/6, 37, , 22, , 4
2023/4/7, 25, , 34, , 3
2023/4/8, 19, , 18, , 6
2023/4/9, 33, , 36, 1, 6
2023/4/10, 39, , 33, 1, 5
2023/4/11, 33, , 34, 1, 4
2023/4/12, 39, , 32, , 3
2023/4/13, 38, , 27, , 3
2023/4/14, 37, , 39, , 3
2023/4/15, 37, , 31, , 2
2023/4/16, 34, , 24, , 3
2023/4/17, 29, , 23, , 5
2023/4/18, 30, , 29, 1, 4
2023/4/19, 32, , 32, 1, 3
2023/4/20, 29, , 26, 2, 3
2023/4/21, 34, , 38, , 4
2023/4/22, 30, , 42, 1, 3
2023/4/23, 33, , 20, 1, 5
2023/4/24, 28, , 69, 1, 4
2023/4/25, 33, , 50, 1, 3
2023/4/26, 34, , 37, 2, 5
2023/4/27, 33, , 44, 3, 5
2023/4/28, 42, , 48, , 3
2023/4/29, 33, , 42, , 3
2023/4/30, 33, , 40, , 2
2023/5/1, 22, , 29, , 2
2023/5/2, 22, , 27, 2, 4
2023/5/3, 32, , 36, 2, 5
2023/5/4, 37, , 28, 2, 5
2023/5/5, 36, , 31, 2, 6
2023/5/6, 35, , 36, 10, 6
2023/5/7, 47, , 45, 4, 4
2023/5/8, 41, , 46, 1, 5
2023/5/9, 37, , 35, 3, 6
2023/5/10, 49, , 37, 1, 4
2023/5/11, 45, , 2, 1, 5
2023/5/12, 39, , 42, 2, 9
2023/5/13, 60, , 32, 1, 6
2023/5/14, 39, , 25, , 4
2023/5/15, 25, , 35, 1, 4
2023/5/16, 31, , 40, 1, 3
2023/5/17, 26, , 41, 1, 4
2023/5/18, 43, , 39, 1, 4
2023/5/19, 41, , 45, 2, 5
2023/5/20, 45, , 32, , 4
2023/5/21, 36, , 45, 2, 3
2023/5/22, 27, , 39, , 3
2023/5/23, 23, , 26, , 5
2023/5/24, 28, , 53, 1, 5
2023/5/25, 48, , 40, 1, 3
2023/5/26, 23, , 45, 1, 4
2023/5/27, 31, , 39, , 5
2023/5/28, 45, , 36, 1, 4
2023/5/29, 31, , 43, , 3
2023/5/30, 25, , 41, , 3
2023/5/31, 30, , 29, 1, 5
2023/6/1, 38, , 35, 2, 5
2023/6/2, 41, , 34, , 5
2023/6/3, 34, , 37, 1, 6
2023/6/4, 41, , 36, 1, 4
2023/6/5, 34, , 24, 2, 5
2023/6/6, 35, , 35, 1, 5
2023/6/7, 37, , 39, , 3
2023/6/8, 28, , 39, 4, 4
2023/6/9, 31, , 30, 2, 4
2023/6/10, 31, , 42, 1, 5
2023/6/11, 45, , 42, , 5
2023/6/12, 41, , 36, 2, 6
2023/6/13, 37, , 41, 1, 5
2023/6/14, 34, , 29, 3, 5
2023/6/15, 38, , 25, , 4
2023/6/16, 35, , 26, , 5
2023/6/17, 32, , 27, 1, 5
2023/6/18, 28, , 35, 2, 4
2023/6/19, 18, , 44, 1, 6
2023/6/20, 26, , 35, , 5
2023/6/21, 26, , 23, 1, 5
2023/6/22, 29, , 30, 1, 5
2023/6/23, 35, , 42, 1, 5
2023/6/24, 42, , 45, , 5
2023/6/25, 43, , 47, , 4
2023/6/26, 34, , 36, 1, 4
2023/6/27, 37, , 37, 1, 2
2023/6/28, 39, , 38, 1, 4
2023/6/29, 46, , 28, 2, 4
2023/6/30, 27, , 29, 1, 3
2023/7/1, 22, , 37, 2, 5
2023/3/8, 24, , 28, 4, 7
2023/3/9, 43, , 19, 3, 6
2023/3/10, 27, , 29, 2, 5
2023/3/11, 26, , 17, 2, 3
2023/3/12, 19, , 32, 3, 5
2023/3/13, 43, , 27, 3, 6
2023/3/14, 35, , 17, 3, 5
2023/3/15, 28, , 26, 3, 5
2023/3/16, 39, , 22, 3, 5
2023/3/17, 40, , , , 
2023/3/19, 45, , 24, 4, 4
2023/3/20, 35, , 28, 3, 5
2023/3/21, 43, , 30, 1, 5
2023/3/22, 38, , 43, 1, 4
2023/3/23, 37, , 39, , 3
2023/3/24, 20, , 21, , 4
2023/3/25, 19, , 34, , 3
2023/3/26, 19, , 47, , 3
2023/3/27, 35, , 40, , 4
2023/3/28, 32, , 40, 1, 5
2023/3/29, 45, , 37, , 4
2023/3/30, 41, , 45, , 4
2023/3/31, 40, , 20, , 7
2023/4/1, 46, , 44, 1, 8
2022/4/2, 38, , 43, 4, 4
2022/4/3, 44, , 48, 4, 4
2022/4/4, 47, , 39, 6, 3
2022/4/5, 48, , 33, 3, 4
2022/4/6, 42, , 36, 3, 4
2022/4/7, 47, , 42, 2, 5
2022/4/8, 48, , 35, 4, 3
2022/4/9, 48, , 33, 3, 2
2022/4/10, 37, , 38, 3, 2
2022/4/11, 34, , 27, 3, 2
2022/4/12, 32, , 36, 3, 3
2022/4/13, 37, , , 3, 3
2022/4/14, 49, , , , 
2022/4/29, 47, , 34, 5, 9
2022/4/30, 60, , 26, 4, 6
2022/5/1, 39, , 41, 4, 4
2022/5/2, 47, , 39, 4, 4
2022/5/3, 52, , 45, 5, 5
2022/5/4, 59, , 39, 4, 5
2022/5/5, 56, , 19, 3, 3
2022/5/6, 24, , , , 
2022/1/4, 42, , 53, 4, 
2022/1/5, 44, , 28, 2, 
2022/1/6, 27, , , , 
2022/2/12, 25, , 43, 2, 1
2022/2/13, 27, , 47, 2, 1
2022/2/14, 29, , 50, 2, 2
2022/2/15, 33, , 44, 4, 1
2022/2/16, 39, , 80, 4, 2
2022/2/17, 52, , 75, 2, 1
2022/2/18, 49, , 39, 2, 2
2022/2/19, 38, , 44, 2, 1
2022/2/20, 27, , 37, 2, 1
2022/2/21, 20, , 49, 2, 1
2022/2/22, 27, , 64, 8, 3
2022/2/23, 67, , 57, 7, 3
2022/2/24, 68, , 50, 2, 1
2022/2/25, 24, , 38, 2, 1
2022/2/26, 34, , 38, 2, 1
2022/2/27, 43, , 41, 3, 1
2022/2/28, 37, , 41, 3, 2
2022/3/1, 39, , 37, 2, 1
2022/3/2, 37, , 31, 2, 1
2022/3/3, 28, , 38, 2, 1
2022/3/4, 29, , 41, 4, 1
2022/3/5, 34, , 36, 2, 1
2022/3/6, 30, , 36, 2, 1
2022/3/7, 33, , 22, 2, 2
2022/3/8, 36, , 29, 3, 3
2022/3/9, 38, , 43, 3, 2
2022/3/10, 48, , 50, 3, 3
2022/3/11, 48, , 40, 4, 4
2022/3/12, 45, , 26, 4, 4
2022/3/13, 36, , 48, 3, 2
2022/3/14, 41, , 48, 4, 3
2022/3/15, 38, , 45, 2, 2
2022/3/16, 36, , 51, 3, 1
2022/3/17, 39, , 36, 3, 2
2022/3/18, 32, , 45, 4, 3
2022/3/19, 59, , 37, 3, 2
2022/3/20, 33, , 37, 3, 2
2022/3/21, 32, , 35, 3, 3
2022/3/22, 40, , 55, 4, 4
2022/3/23, 49, , 41, 3, 3
2022/3/24, 42, , 34, 3, 2
2022/3/25, 29, , 34, 5, 3
2022/3/26, 44, , 32, 3, 2
2022/3/27, 23, , 31, 3, 3
2022/3/28, 50, , 43, 3, 4
2022/3/29, 52, , 36, 3, 2
2022/3/30, 32, , 36, 4, 4
2022/3/31, 38, , 73, 6, 4
2022/4/1, 56, , 36, 3, 2
2021/10/2, 64, , 53, 3, 7
2021/10/3, 63, , 40, 3, 6
2021/10/4, 59, , 45, 3, 5
2021/10/5, 50, , 39, 2, 4
2021/10/6, 46, , 37, 3, 5
2021/10/7, 51, , 34, 4, 5
2021/10/8, 56, , 44, 4, 4
2021/10/9, 60, , 47, 1, 4
2021/10/10, 46, , 39, 2, 5
2021/10/11, 47, , 50, 4, 7
2021/10/12, 59, , 45, 6, 7
2021/10/13, 56, , 46, 4, 5
2021/10/14, 51, , 42, 3, 6
2021/10/15, 60, , 46, 5, 7
2021/10/16, 65, , 39, 4, 6
2021/10/17, 41, , 34, 2, 6
2021/10/18, 45, , 47, 2, 6
2021/10/19, 49, , 44, 2, 5
2021/10/20, 57, , 43, 2, 5
2021/10/21, 50, , 40, 2, 7
2021/10/22, 39, , 49, 3, 6
2021/10/23, 48, , 45, 1, 6
2021/10/24, 35, , 70, 2, 6
2021/10/25, 49, , 64, 3, 6
2021/10/26, 50, , 44, 3, 5
2021/10/27, 45, , 56, 3, 6
2021/10/28, 58, , 57, 2, 4
2021/10/29, 53, , 35, 2, 7
2021/10/30, 57, , 53, 2, 6
2021/10/31, 62, , 40, 2, 5
2021/11/1, 57, , 37, 1, 4
2021/11/2, 38, , 36, 1, 3
2021/11/3, 25, , 47, 1, 3
2021/11/4, 38, , 43, 2, 4
2021/11/5, 46, , 12, 3, 4
2021/11/6, 55, , 41, 2, 4
2021/11/7, 51, , 38, 2, 3
2021/11/8, 54, , 39, 1, 3
2021/11/9, 37, , 31, 1, 3
2021/11/10, 22, , 33, 2, 4
2021/11/11, 35, , 42, 3, 4
2021/11/12, 40, , 35, 1, 3
2021/11/13, 40, , 36, 2, 3
2021/11/14, 45, , 40, 2, 4
2021/11/15, 43, , 34, 3, 4
2021/11/16, 43, , 32, 2, 3
2021/11/17, 34, , 34, 2, 4
2021/11/18, 30, , 36, 1, 3
2021/11/19, 23, , 27, 1, 4
2021/11/20, 26, , 33, 1, 4
2021/11/21, 29, , 39, 2, 4
2021/11/22, 44, , 29, 2, 4
2021/11/23, 35, , 31, 1, 4
2021/11/24, 34, , 33, 1, 4
2021/11/25, 31, , 32, 3, 5
2021/11/26, 48, , 48, 2, 6
2021/11/27, 53, , 48, 2, 6
2021/11/28, 59, , 51, 3, 5
2021/11/29, 48, , 32, 1, 3
2021/11/30, 29, , 34, 2, 6
2021/12/1, 45, , 37, 2, 5
2021/12/2, 49, , 38, 6, 4
2021/12/3, 56, , 38, 2, 4
2021/12/4, 45, , 38, 3, 4
2021/12/5, 42, , 38, 2, 4
2021/12/6, 36, , 38, 2, 3
2021/12/7, 36, , 38, 4, 5
2021/12/8, 59, , 26, 1, 1
2021/12/9, 39, , 30, 2, 2
2021/12/10, 45, , 34, 2, 2
2021/12/11, 41, , 36, 1, 2
2021/12/12, 32, , 24, 1, 
2021/12/13, 15, , 22, 1, 1
2021/12/14, 22, , 20, 1, 
2021/12/15, 25, , 28, 1, 1
2021/12/16, 34, , 24, 1, 1
2021/12/17, 23, , 18, 1, 1
2021/12/18, 32, , 22, 1, 
2021/12/19, 24, , 25, 2, 
2021/12/20, 20, , 25, 3, 1
2021/12/21, 36, , 26, 1, 
2021/12/22, 23, , 30, 1, 
2021/12/23, 25, , 37, 2, 1
2021/12/24, 42, , 36, 2, 1
2021/12/25, 40, , 34, 2, 
2021/12/26, 38, , 38, 3, 1
2021/12/27, 50, , 36, 2, 1
2021/12/28, 45, , 50, 2, 1
2021/12/29, 49, , 30, 2, 
2021/12/30, 42, , 46, 4, 1
2021/12/31, 54, , 49, 3, 1
2022/1/1, 58, , 48, 3, 1
2022/1/2, 70, , 52, 4, 
2022/1/3, 40, , 50, 4, 1
2021/7/2, 39, , 31, 1, 5
2021/7/3, 47, , 32, , 4
2021/7/4, 46, , 40, , 4
2021/7/5, 29, , 53, 1, 5
2021/7/6, 30, , 5, 2, 6
2021/7/7, 38, , , , 
2021/8/6, 54, , 32, 2, 6
2021/8/7, 49, , 33, 1, 6
2021/8/8, 59, , 44, 1, 5
2021/8/9, 57, , 41, 1, 5
2021/8/10, 53, , 33, 1, 6
2021/8/11, 47, , 33, , 5
2021/8/12, 48, , 30, 3, 5
2021/8/13, 57, , 38, , 4
2021/8/14, 38, , 46, 1, 6
2021/8/15, 63, , 50, , 4
2021/8/16, 47, , 40, , 4
2021/8/17, 36, , 33, , 4
2021/8/18, 40, , 39, , 4
2021/8/19, 40, , 46, , 4
2021/8/20, 45, , 58, 1, 5
2021/8/21, 42, , 36, 1, 7
2021/8/22, 69, , 35, 1, 6
2021/8/23, 58, , 40, 1, 5
2021/8/24, 43, , 40, 12, 5
2021/8/25, 41, , 40, , 5
2021/8/26, 38, , 36, 10, 5
2021/8/27, 45, , 44, 1, 5
2021/8/28, 51, , 38, 2, 6
2021/8/29, 50, , 34, 1, 6
2021/8/30, 51, , 29, 1, 8
2021/8/31, 48, , 47, 1, 9
2021/9/1, 51, , 41, 2, 6
2021/9/2, 54, , 42, 2, 3
2021/9/3, 43, , 38, 2, 4
2021/9/4, 55, , 42, 2, 4
2021/9/5, 47, , 44, 1, 3
2021/9/6, 44, , 28, 1, 6
2021/9/7, 36, , 53, 2, 6
2021/9/8, 52, , 38, 3, 6
2021/9/9, 58, , 40, 2, 6
2021/9/10, 43, , 50, 4, 6
2021/9/11, 53, , 38, 2, 4
2021/9/12, 42, , 40, 1, 4
2021/9/13, 36, , 42, 2, 4
2021/9/14, 36, , 58, 3, 4
2021/9/15, 42, , 51, 2, 5
2021/9/16, 48, , 51, 2, 4
2021/9/17, 37, , 53, 2, 5
2021/9/18, 36, , 50, 2, 6
2021/9/19, 54, , 56, 2, 5
2021/9/20, 53, , 44, 2, 5
2021/9/21, 46, , 55, 1, 5
2021/9/22, 37, , 44, 2, 5
2021/9/23, 45, , 47, 3, 6
2021/9/24, 31, , 43, 2, 7
2021/9/25, 47, , 61, 2, 6
2021/9/26, 38, , 58, 2, 5
2021/9/27, 28, , 54, 3, 6
2021/9/28, 39, , 58, 2, 4
2021/9/29, 53, , 50, 2, 4
2021/9/30, 40, , 41, 1, 5
2021/10/1, 38, , 40, 3, 7
2021/4/2, 41, , 32, 2, 5
2021/4/3, 30, , 30, 2, 5
2021/4/4, 32, , 23, 3, 6
2021/4/5, 38, , 38, 3, 6
2021/4/6, 39, , 34, 3, 7
2021/4/7, 50, , 38, 3, 7
2021/4/8, 49, , 35, 2, 4
2021/4/9, 27, , 40, 4, 2
2021/4/10, 48, , 36, 3, 4
2021/4/11, 44, , 39, 3, 3
2021/4/12, 44, , 26, 4, 5
2021/4/13, 43, , 27, 4, 3
2021/4/14, 33, , 30, 3, 3
2021/4/15, 44, , 29, 2, 3
2021/4/16, 38, , 45, 4, 4
2021/4/17, 36, , 26, 3, 5
2021/4/18, 51, , 37, 4, 4
2021/4/19, 54, , 19, 3, 7
2021/4/20, 38, , 35, 4, 7
2021/4/21, 47, , 37, 2, 5
2021/4/22, 32, , 37, 3, 6
2021/4/23, 51, , 38, 4, 6
2021/4/24, 53, , 24, 2, 4
2021/4/25, 21, , 39, 3, 4
2021/4/26, 46, , 34, 2, 5
2021/4/27, 27, , 30, 3, 6
2021/4/28, 36, , 38, 12, 7
2021/4/29, 35, , 35, 3, 7
2021/4/30, 43, , 25, 3, 6
2021/5/1, 31, , 30, 2, 5
2021/5/2, 31, , 27, 2, 5
2021/5/3, 31, , 38, 2, 6
2021/5/4, 31, , 37, 3, 5
2021/5/5, 40, , 40, 3, 3
2021/5/6, 41, , 35, 3, 4
2021/5/7, 32, , 38, 3, 4
2021/5/8, 44, , 36, 4, 3
2021/5/9, 45, , 25, 2, 2
2021/5/10, 35, , 14, 3, 3
2021/5/11, 26, , 17, 4, 3
2021/5/12, 24, , 22, 3, 4
2021/5/13, 46, , 23, 3, 4
2021/5/14, 42, , 34, 3, 3
2021/5/15, 42, , 31, 2, 3
2021/5/16, 43, , 23, 2, 3
2021/5/17, 27, , 22, 2, 3
2021/5/18, 25, , 26, 3, 5
2021/5/19, 44, , 37, 3, 5
2021/5/20, 47, , 33, 3, 4
2021/5/21, 47, , 34, 5, 4
2021/5/22, 50, , 28, 12, 4
2021/5/23, 28, , 28, 2, 3
2021/5/24, 24, , 27, 2, 4
2021/5/25, 32, , 29, 2, 4
2021/5/26, 35, , 31, 3, 4
2021/5/27, 38, , 31, 2, 4
2021/5/28, 39, , 38, 4, 4
2021/5/29, 39, , 36, 3, 6
2021/5/30, 47, , 39, 4, 7
2021/5/31, 55, , 28, 4, 7
2021/6/1, 54, , 28, 3, 6
2021/6/2, 55, , 40, 4, 4
2021/6/3, 55, , 33, 4, 4
2021/6/4, 44, , 32, 5, 7
2021/6/5, 54, , 35, 3, 5
2021/6/8, 34, , 19, 3, 4
2021/6/9, 32, , 34, 3, 3
2021/6/10, 39, , 34, 4, 4
2021/6/11, 56, , 42, 5, 5
2021/6/12, 65, , 40, 4, 5
2021/6/13, 55, , 29, 3, 4
2021/6/14, 25, , 28, 3, 4
2021/6/15, 33, , 20, 3, 5
2021/6/16, 31, , 32, 5, 5
2021/6/17, 48, , 37, 4, 5
2021/6/18, 50, , 30, 3, 5
2021/6/19, 45, , 25, 3, 5
2021/6/20, 33, , , , 
2021/6/22, 47, , 31, 4, 5
2021/6/23, 40, , 36, 3, 5
2021/6/24, 45, , 35, 4, 6
2021/6/25, 37, , 42, 3, 4
2021/6/26, 32, , 39, 3, 4
2021/6/27, 45, , 41, 4, 4
2021/6/28, 50, , 30, 5, 6
2021/6/29, 49, , 33, 3, 5
2021/6/30, 45, , 25, 3, 4
2021/7/1, 43, , 32, 1, 4
2021/1/5, 22, , 25, 1, 1
2021/1/6, 21, , 29, 2, 1
2021/1/7, 32, , 37, 2, 2
2021/1/8, 28, , 33, 1, 2
2021/1/9, 29, , 35, 2, 2
2021/1/10, 34, , 35, 1, 2
2021/1/11, 28, , 34, 1, 2
2021/1/12, 27, , 34, 1, 2
2021/1/13, 28, , 28, 1, 2
2021/1/14, 31, , 33, 2, 2
2021/1/15, 37, , 35, 1, 2
2021/1/16, 30, , 29, 1, 2
2021/1/17, 29, , 33, 1, 2
2021/1/18, 31, , 33, 2, 2
2021/1/19, 42, , 37, 2, 2
2021/1/20, 35, , 37, 1, 2
2021/1/21, 36, , 31, 2, 2
2021/1/22, 35, , 23, 2, 4
2021/1/23, 41, , 37, 2, 4
2021/1/24, 37, , 35, 2, 3
2021/1/25, 37, , 31, 2, 3
2021/1/26, 38, , 29, 1, 3
2021/1/27, 29, , 35, 1, 3
2021/1/28, 33, , 35, 1, 2
2021/1/29, 31, , 38, 1, 2
2021/1/30, 35, , 35, 2, 4
2021/1/31, 34, , 32, 5, 4
2021/2/1, 42, , 35, 2, 3
2021/2/2, 41, , 34, 1, 3
2021/2/3, 33, , 30, 2, 3
2021/2/4, 38, , 38, 2, 3
2021/2/5, 44, , 33, 1, 3
2021/2/6, 31, , 39, 2, 4
2021/2/7, 44, , 36, 2, 4
2021/2/8, 42, , 30, 2, 3
2021/2/9, 38, , 39, 2, 4
2021/2/10, 45, , 38, 1, 4
2021/2/11, 38, , 33, 1, 3
2021/2/12, 25, , 29, 2, 3
2021/2/13, 33, , 8, 1, 3
2021/2/14, 32, , , , 
2021/2/16, 55, , 36, 1, 2
2021/2/17, 25, , 36, 2, 3
2021/2/18, 23, , 32, 1, 2
2021/2/19, 21, , 25, 1, 3
2021/2/20, 21, , 33, 2, 4
2021/2/21, 31, , 30, 2, 3
2021/2/22, 21, , 24, 1, 3
2021/2/23, 20, , 44, 1, 3
2021/2/24, 29, , 26, 2, 3
2021/2/25, 37, , 28, 1, 2
2021/2/26, 28, , 27, 1, 2
2021/2/27, 28, , 26, 3, 2
2021/2/28, 22, , 35, 2, 3
2021/3/1, 32, , 21, 1, 2
2021/3/2, 19, , 18, 1, 8
2021/3/3, 24, , 44, 2, 7
2021/3/4, 34, , 37, 2, 8
2021/3/5, 35, , 32, 2, 5
2021/3/6, 36, , 47, 3, 1
2021/3/7, 48, , 37, 2, 
2021/3/8, 51, , 27, 1, 3
2021/3/9, 28, , 26, 2, 4
2021/3/10, 23, , 28, 2, 3
2021/3/11, 29, , 23, 3, 5
2021/3/12, 40, , 27, 2, 4
2021/3/13, 32, , 39, 4, 5
2021/3/14, 51, , 36, 2, 4
2021/3/15, 29, , 35, 2, 4
2021/3/16, 26, , 35, 2, 5
2021/3/17, 31, , 27, 3, 7
2021/3/18, 56, , 36, 2, 5
2021/3/19, 37, , 38, 3, 6
2021/3/20, 49, , 26, 2, 5
2021/3/21, 33, , 35, 2, 5
2021/3/22, 38, , 29, 2, 4
2021/3/23, 35, , 36, 2, 5
2021/3/24, 37, , 47, 2, 6
2021/3/25, 52, , 51, 3, 7
2021/3/26, 49, , 43, 3, 8
2021/3/27, 66, , 39, 3, 7
2021/3/28, 54, , 40, 3, 5
2021/3/29, 46, , 31, 2, 5
2021/3/30, 34, , 23, 2, 5
2021/3/31, 36, , 34, 4, 6
2021/4/1, 39, , 34, 2, 6
2020/10/2, 38, , 46, 3, 3
2020/10/3, 44, , 46, 3, 3
2020/10/4, 56, , 39, 9, 3
2020/10/5, 50, , 51, 3, 3
2020/10/6, 32, , 54, 4, 3
2020/10/7, 53, , 53, 2, 2
2020/10/8, 54, , 52, 2, 3
2020/10/9, 34, , 61, 2, 2
2020/10/10, 39, , 70, 1, 2
2020/10/11, 38, , 64, 2, 2
2020/10/12, 53, , 56, 1, 2
2020/10/13, 53, , 48, 2, 2
2020/10/14, 54, , 49, 2, 2
2020/10/15, 57, , 47, 1, 2
2020/10/16, 49, , 38, 2, 4
2020/10/17, 52, , 34, 1, 2
2020/10/18, 41, , 38, 2, 3
2020/10/19, 42, , 38, 2, 4
2020/10/20, 46, , 53, 1, 4
2020/10/21, 58, , 33, 9, 4
2020/10/22, 61, , 38, 3, 4
2020/10/23, 42, , 42, 2, 3
2020/10/24, 43, , 46, 2, 4
2020/10/25, 56, , 50, 1, 3
2020/10/26, 50, , 51, 2, 3
2020/10/27, 54, , 27, 3, 4
2020/10/28, 59, , 33, , 2
2020/10/29, 23, , 62, , 2
2020/10/30, 53, , 47, 1, 3
2020/10/31, 48, , 53, 1, 3
2020/11/1, 55, , 49, 1, 2
2020/11/2, 51, , 54, 1, 3
2020/11/3, 51, , 58, 1, 3
2020/11/4, 52, , 62, 2, 3
2020/11/5, 62, , 73, 12, 4
2020/11/6, 78, , 64, 8, 4
2020/11/7, 76, , 45, 11, 4
2020/11/8, 75, , 63, 2, 4
2020/11/9, 70, , 59, 6, 4
2020/11/10, 68, , 60, 5, 5
2020/11/11, 74, , 57, 5, 3
2020/11/12, 71, , 59, 4, 4
2020/11/13, 72, , 65, 3, 4
2020/11/14, 83, , 63, 5, 3
2020/11/15, 92, , 57, 5, 4
2020/11/16, 76, , 46, 3, 4
2020/11/17, 77, , 41, 7, 5
2020/11/18, 78, , 44, 6, 6
2020/11/19, 70, , 28, 5, 4
2020/11/20, 68, , 30, 3, 5
2020/11/21, 41, , 34, 2, 6
2020/11/22, 48, , 45, 3, 4
2020/11/23, 58, , 36, 2, 6
2020/11/24, 60, , 41, 1, 5
2020/11/25, 53, , 45, 5, 4
2020/11/26, 57, , 52, 2, 3
2020/11/27, 36, , 24, 4, 5
2020/11/28, 54, , 43, 2, 5
2020/11/29, 66, , 50, 2, 3
2020/11/30, 44, , 37, 2, 2
2020/12/1, 37, , 34, 1, 2
2020/12/2, 40, , 30, 2, 2
2020/12/3, 29, , 31, 1, 3
2020/12/4, 35, , 31, 1, 2
2020/12/5, 25, , 33, 1, 3
2020/12/6, 42, , 31, 1, 2
2020/12/7, 40, , 37, 1, 2
2020/12/8, 38, , 38, 1, 2
2020/12/9, 36, , 35, 1, 2
2020/12/10, 44, , 41, 1, 3
2020/12/11, 50, , 40, 2, 5
2020/12/12, 57, , 41, 2, 5
2020/12/13, 59, , 42, 2, 2
2020/12/14, 41, , 38, 2, 2
2020/12/15, 46, , 38, 3, 3
2020/12/16, 46, , 42, 3, 3
2020/12/17, 45, , 18, 3, 3
2020/12/18, 34, , 33, 1, 2
2020/12/19, 33, , 37, 1, 2
2020/12/20, 35, , 37, 1, 2
2020/12/21, 33, , 37, 3, 2
2020/12/22, 36, , 37, 1, 2
2020/12/23, 48, , 34, 3, 3
2020/12/24, 49, , 31, 2, 3
2020/12/25, 36, , 32, 1, 2
2020/12/26, 25, , 25, 1, 2
2020/12/27, 21, , 33, 1, 2
2020/12/28, 30, , 30, 2, 1
2020/12/29, 15, , 36, 2, 2
2020/12/30, 30, , 40, 1, 2
2020/12/31, 28, , 37, 2, 4
2021/1/1, 67, , 3, 6, 8
2021/1/2, 186, , , , 
2020/7/2, 37, , 31, 2, 2
2020/7/3, 36, , 32, 2, 2
2020/7/4, 31, , 29, 2, 2
2020/7/5, 33, , 34, 2, 2
2020/7/6, 36, , 39, 3, 3
2020/7/7, 44, , 31, 3, 4
2020/7/8, 40, , 33, 3, 3
2020/7/9, 39, , 32, 3, 3
2020/7/10, 46, , 37, 3, 3
2020/7/11, 46, , 45, 3, 3
2020/7/12, 38, , 48, 4, 2
2020/7/13, 45, , 30, 3, 4
2020/7/14, 36, , 42, 4, 3
2020/7/15, 34, , 35, 3, 3
2020/7/16, 32, , 44, 3, 3
2020/7/17, 32, , 47, 3, 4
2020/7/18, 36, , 39, 3, 3
2020/7/19, 34, , 33, 3, 3
2020/7/20, 35, , 30, 3, 4
2020/7/21, 40, , 35, 2, 2
2020/7/22, 36, , 37, 4, 3
2020/7/23, 50, , 35, 2, 2
2020/7/24, 30, , 35, 3, 3
2020/7/25, 38, , 34, 2, 3
2020/7/26, 40, , 31, 2, 2
2020/7/27, 30, , 30, 2, 3
2020/7/28, 31, , 33, 3, 4
2020/7/29, 42, , 32, 4, 4
2020/7/30, 50, , 30, 4, 4
2020/7/31, 48, , 28, 3, 5
2020/8/1, 34, , 34, 3, 3
2020/8/2, 33, , 41, 3, 3
2020/8/3, 35, , 33, 3, 3
2020/8/4, 43, , 39, 3, 3
2020/8/5, 39, , 32, 4, 5
2020/8/6, 62, , 30, 3, 4
2020/8/7, 52, , 33, 3, 4
2020/8/8, 44, , 32, 2, 4
2020/8/9, 36, , 30, 3, 3
2020/8/10, 32, , 36, 2, 4
2020/8/11, 50, , 43, 3, 4
2020/8/12, 51, , 34, 3, 4
2020/8/13, 52, , 36, 3, 4
2020/8/14, 48, , 40, 3, 3
2020/8/15, 38, , 34, 2, 4
2020/8/16, 51, , 45, 3, 3
2020/8/17, 41, , 44, 3, 3
2020/8/18, 43, , 39, 2, 3
2020/8/19, 29, , 38, 2, 3
2020/8/20, 32, , 35, 2, 4
2020/8/21, 30, , 31, 3, 5
2020/8/22, 34, , 46, 4, 5
2020/8/23, 44, , 44, 2, 3
2020/8/24, 35, , 50, 3, 3
2020/8/25, 43, , 45, 3, 3
2020/8/26, 52, , 43, 3, 3
2020/8/27, 46, , 46, 4, 4
2020/8/28, 44, , 36, 2, 3
2020/8/29, 31, , 36, 2, 4
2020/8/30, 38, , 54, 2, 4
2020/8/31, 37, , 66, 3, 4
2020/9/1, 54, , 39, 3, 6
2020/9/2, 49, , 47, 3, 7
2020/9/3, 48, , 41, 3, 5
2020/9/4, 48, , 41, 2, 4
2020/9/5, 48, , 43, 3, 5
2020/9/6, 40, , 51, 3, 4
2020/9/7, 46, , 48, 2, 4
2020/9/8, 46, , 46, 3, 4
2020/9/9, 43, , 50, 4, 5
2020/9/10, 52, , 48, 4, 6
2020/9/11, 54, , 52, 4, 6
2020/9/12, 55, , 43, 3, 5
2020/9/13, 45, , 40, 4, 5
2020/9/14, 39, , 43, 3, 4
2020/9/15, 35, , 37, 5, 5
2020/9/16, 54, , 36, 4, 6
2020/9/17, 60, , 50, 4, 5
2020/9/18, 66, , 49, 4, 3
2020/9/19, 55, , 41, 4, 4
2020/9/20, 61, , 40, 3, 3
2020/9/21, 51, , 46, 3, 3
2020/9/22, 44, , 43, 3, 2
2020/9/23, 54, , 58, 4, 3
2020/9/24, 64, , , , 
2020/10/1, 36, , 39, 3, 3
2020/4/2, 22, , 32, 1, 4
2020/4/3, 41, , 32, 1, 3
2020/4/4, 46, , 34, 1, 3
2020/4/5, 35, , 27, 1, 3
2020/4/6, 35, , 32, 1, 3
2020/4/7, 31, , 30, 3, 3
2020/4/8, 27, , 33, 1, 3
2020/4/9, 34, , 30, 1, 3
2020/4/10, 30, , 38, 1, 3
2020/4/11, 36, , 26, 1, 3
2020/4/12, 22, , 28, 1, 3
2020/4/13, 31, , 36, 1, 3
2020/4/14, 22, , 30, 1, 3
2020/4/15, 17, , 34, 1, 4
2020/4/16, 26, , 30, 1, 4
2020/4/17, 34, , 62, 1, 4
2020/4/18, 46, , 46, 1, 4
2020/4/19, 48, , 37, 1, 4
2020/4/20, 49, , 37, 1, 3
2020/4/21, 45, , 31, 1, 3
2020/4/22, 51, , 33, 1, 3
2020/4/23, 43, , 27, 1, 2
2020/4/24, 32, , 29, 1, 1
2020/4/25, 29, , 32, 1, 2
2020/4/26, 30, , 39, 1, 2
2020/4/27, 47, , 37, 2, 3
2020/4/28, 49, , 31, 1, 2
2020/4/29, 47, , 35, 1, 2
2020/4/30, 46, , 34, 1, 3
2020/5/1, 35, , 27, 1, 2
2020/5/2, 35, , 23, 1, 2
2020/5/3, 29, , 23, 1, 2
2020/5/4, 33, , 28, 1, 2
2020/5/5, 29, , 26, 2, 3
2020/5/6, 43, , 29, 2, 3
2020/5/7, 46, , 28, 1, 2
2020/5/8, 47, , 27, 1, 2
2020/5/9, 41, , 25, 1, 2
2020/5/10, 39, , 27, 1, 2
2020/5/11, 37, , 29, 2, 2
2020/5/12, 39, , 27, 1, 2
2020/5/13, 27, , 24, 2, 3
2020/5/14, 37, , 39, 2, 5
2020/5/15, 48, , 39, 2, 3
2020/5/16, 43, , 25, 1, 2
2020/5/17, 43, , 16, 1, 2
2020/5/18, 28, , 27, 1, 1
2020/5/19, 25, , 11, 5, 7
2020/5/20, 41, , , , 
2020/5/23, 47, , 29, 2, 1
2020/5/24, 44, , 27, 2, 2
2020/5/25, 34, , 22, 1, 1
2020/5/26, 31, , 22, 2, 2
2020/5/27, 31, , 22, 1, 1
2020/5/28, 37, , 32, 2, 2
2020/5/29, 41, , 29, 1, 1
2020/5/30, 26, , 27, 1, 1
2020/5/31, 23, , 25, 1, 1
2020/6/1, 22, , 24, 1, 1
2020/6/2, 26, , 28, 1, 2
2020/6/3, 25, , 27, 2, 4
2020/6/4, 34, , 41, 2, 3
2020/6/5, 42, , 23, 3, 4
2020/6/6, 49, , 40, 3, 3
2020/6/7, 38, , 33, 2, 1
2020/6/8, 37, , 31, 2, 2
2020/6/9, 36, , 44, 2, 2
2020/6/10, 37, , 45, 3, 2
2020/6/11, 43, , 45, 2, 2
2020/6/12, 47, , 37, 2, 2
2020/6/13, 40, , 41, 3, 3
2020/6/14, 62, , 31, 2, 2
2020/6/15, 39, , 22, 2, 3
2020/6/16, 34, , 30, 2, 2
2020/6/17, 39, , 38, 3, 2
2020/6/18, 42, , 37, 2, 2
2020/6/19, 27, , 29, 2, 2
2020/6/20, 32, , 20, 2, 3
2020/6/21, 29, , 27, 2, 2
2020/6/22, 31, , 26, 2, 3
2020/6/23, 35, , 30, 4, 3
2020/6/24, 40, , 36, 4, 3
2020/6/25, 44, , 33, 3, 3
2020/6/26, 44, , 30, 2, 1
2020/6/27, 27, , 42, 2, 2
2020/6/28, 34, , 44, 3, 2
2020/6/29, 50, , 30, 3, 3
2020/6/30, 44, , 40, 2, 2
2020/7/1, 34, , 38, 3, 2
2020/1/2, 42, , 25, 2, 4
2020/1/3, 22, , 34, 2, 3
2020/1/4, 26, , 48, 3, 3
2020/1/5, 36, , 35, 2, 2
2020/1/6, 25, , 35, 2, 4
2020/1/7, 23, , 48, 2, 4
2020/1/8, 39, , 55, 3, 4
2020/1/9, 50, , 25, 3, 5
2020/1/10, 59, , 22, 2, 3
2020/1/11, 39, , 23, 2, 3
2020/1/12, 35, , 23, 2, 3
2020/1/13, 30, , 25, 3, 5
2020/1/14, 40, , 36, 4, 4
2020/1/15, 55, , 28, 3, 4
2020/1/16, 52, , 26, 3, 4
2020/1/17, 34, , 22, 4, 5
2020/1/18, 34, , 21, 4, 5
2020/1/19, 32, , 27, 4, 6
2020/1/20, 36, , 30, 2, 4
2020/1/21, 36, , 29, 2, 4
2020/1/22, 23, , 25, 2, 3
2020/1/23, 21, , 36, 2, 4
2020/1/24, 30, , 32, 2, 4
2020/1/25, 27, , 41, 3, 5
2020/1/26, 39, , 36, 2, 3
2020/1/27, 36, , 31, 2, 3
2020/1/28, 25, , 29, 3, 5
2020/1/29, 38, , 26, 2, 4
2020/1/30, 32, , 39, 3, 5
2020/1/31, 40, , 40, 3, 6
2020/2/1, 58, , 25, 4, 8
2020/2/2, 68, , 40, 3, 4
2020/2/3, 44, , 34, 2, 4
2020/2/4, 35, , 37, 2, 4
2020/2/5, 35, , 55, 5, 5
2020/2/6, 56, , 54, 4, 5
2020/2/7, 58, , 48, 3, 5
2020/2/8, 73, , , , 
2020/2/13, 54, , 43, 3, 6
2020/2/14, 54, , 53, 4, 4
2020/2/15, 60, , 48, 3, 5
2020/2/16, 55, , 41, 3, 5
2020/2/17, 54, , 30, 4, 6
2020/2/18, 55, , 33, 4, 6
2020/2/19, 47, , 26, 5, 5
2020/2/20, 53, , 37, 3, 4
2020/2/21, 45, , 33, 2, 5
2020/2/22, 37, , 37, 2, 5
2020/2/23, 37, , 48, 3, 6
2020/2/24, 48, , 29, 3, 5
2020/2/25, 40, , 35, 2, 4
2020/2/26, 35, , 28, 2, 4
2020/2/27, 23, , 37, 3, 3
2020/2/28, 31, , 44, 2, 4
2020/2/29, 39, , 47, 4, 5
2020/3/1, 58, , 54, 3, 5
2020/3/2, 50, , 52, 3, 5
2020/3/3, 47, , 32, 3, 4
2020/3/4, 75, , 40, 3, 3
2020/3/5, 50, , 35, 2, 3
2020/3/6, 50, , 32, 2, 3
2020/3/7, 36, , 40, 2, 3
2020/3/8, 31, , 46, 3, 3
2020/3/9, 44, , 44, 3, 3
2020/3/10, 48, , 45, 2, 3
2020/3/11, 45, , 39, 2, 2
2020/3/12, 32, , 40, 4, 3
2020/3/13, 41, , 41, 2, 2
2020/3/14, 29, , 31, 2, 2
2020/3/15, 25, , 39, 2, 2
2020/3/16, 25, , 32, 2, 2
2020/3/17, 22, , 41, 2, 2
2020/3/18, 28, , 43, 2, 2
2020/3/19, 42, , 45, 2, 1
2020/3/20, 40, , 30, , 1
2020/3/21, 21, , 32, 1, 1
2020/3/22, 26, , 33, 1, 1
2020/3/23, 40, , 39, 1, 1
2020/3/24, 50, , 47, 1, 
2020/3/25, 59, , 43, 2, 3
2020/3/26, 58, , 43, 1, 3
2020/3/27, 46, , 34, , 2
2020/3/28, 36, , 39, , 2
2020/3/29, 21, , 45, , 3
2020/3/30, 35, , 40, 1, 3
2020/3/31, 50, , 34, 1, 3
2020/4/1, 37, , 32, , 3
2019/10/2, 61, , 47, 2, 5
2019/10/3, 45, , 27, 10, 5
2019/10/4, 58, , 42, 4, 5
2019/10/5, 51, , 46, 3, 4
2019/10/6, 42, , 40, 2, 4
2019/10/7, 32, , 38, 2, 4
2019/10/8, 27, , 40, 6, 6
2019/10/9, 56, , 52, 3, 5
2019/10/10, 60, , 42, 2, 5
2019/10/11, 46, , 41, 3, 5
2019/10/12, 54, , 46, 3, 5
2019/10/13, 56, , 37, 3, 5
2019/10/14, 55, , 43, 3, 5
2019/10/15, 52, , 36, 3, 5
2019/10/16, 45, , 39, 2, 4
2019/10/17, 42, , 41, 4, 6
2019/10/18, 58, , 53, 4, 7
2019/10/19, 66, , 4, 3, 6
2019/10/20, 53, , , , 
2019/10/23, 27, , 37, 3, 5
2019/10/24, 29, , 33, 4, 8
2019/10/25, 48, , 36, 4, 8
2019/10/26, 59, , 26, 4, 6
2019/10/27, 57, , 40, 2, 4
2019/10/28, 40, , 40, 2, 4
2019/10/29, 28, , 40, 4, 5
2019/10/30, 46, , 34, 3, 6
2019/10/31, 51, , 49, 3, 5
2019/11/1, 48, , 50, 2, 4
2019/11/2, 42, , 58, 2, 4
2019/11/3, 28, , 46, 1, 4
2019/11/4, 36, , 42, 1, 3
2019/11/5, 28, , 44, 2, 4
2019/11/6, 30, , 46, 2, 5
2019/11/7, 40, , 37, 4, 5
2019/11/8, 46, , 47, 2, 4
2019/11/9, 46, , 34, 1, 4
2019/11/10, 29, , 38, 1, 3
2019/11/11, 29, , 30, 2, 5
2019/11/12, 41, , 27, 2, 4
2019/11/13, 35, , 29, 2, 4
2019/11/14, 30, , 33, 1, 3
2019/11/15, 28, , 24, 1, 4
2019/11/16, 24, , 30, 1, 3
2019/11/19, 49, , 34, 4, 5
2019/11/20, 51, , 49, 2, 4
2019/11/21, 40, , 40, 2, 4
2019/11/22, 26, , 43, 1, 3
2019/11/23, 57, , 46, 2, 4
2019/11/26, 43, , 16, 2, 3
2019/11/27, 34, , 23, 2, 3
2019/11/28, 33, , 26, 2, 3
2019/11/29, 41, , 40, 2, 3
2019/11/30, 46, , 40, 2, 3
2019/12/1, 38, , 37, 2, 4
2019/12/2, 37, , 43, 2, 5
2019/12/3, 51, , 48, 3, 5
2019/12/4, 53, , 40, 3, 5
2019/12/5, 55, , 43, 3, 6
2019/12/6, 48, , 47, 2, 4
2019/12/7, 37, , 39, 2, 4
2019/12/8, 24, , 39, 2, 4
2019/12/9, 25, , 39, 3, 5
2019/12/10, 45, , 41, 2, 4
2019/12/11, 39, , 48, 3, 4
2019/12/12, 43, , 37, 2, 5
2019/12/13, 37, , 49, 3, 5
2019/12/14, 53, , 55, 3, 5
2019/12/15, 63, , 56, 3, 5
2019/12/16, 61, , 47, 3, 5
2019/12/17, 47, , 46, 3, 5
2019/12/18, 54, , 33, 3, 5
2019/12/19, 53, , 33, 3, 4
2019/12/20, 45, , 30, 2, 5
2019/12/21, 43, , 34, 2, 5
2019/12/22, 50, , 31, 2, 4
2019/12/23, 35, , 30, 2, 5
2019/12/24, 34, , 30, 3, 5
2019/12/25, 45, , 42, 2, 3
2019/12/26, 30, , 26, 2, 4
2019/12/27, 37, , 33, 2, 3
2019/12/28, 31, , 38, 2, 4
2019/12/29, 35, , 40, 2, 4
2019/12/30, 32, , , , 
2019/7/2, 44, , 33, 3, 6
2019/7/3, 54, , 37, 4, 6
2019/7/4, 59, , 30, 4, 7
2019/7/5, 59, , 29, 3, 5
2019/7/6, 60, , 26, 3, 4
2019/7/7, 43, , 24, 2, 4
2019/7/8, 32, , 25, 2, 3
2019/7/9, 42, , 30, 2, 4
2019/7/10, 41, , 35, 3, 5
2019/7/11, 42, , 39, 3, 4
2019/7/12, 47, , 38, 3, 6
2019/7/13, 63, , , , 
2019/7/16, 46, , 32, 3, 6
2019/7/17, 56, , 30, 3, 5
2019/7/18, 54, , 30, 3, 5
2019/7/19, 47, , 32, 2, 4
2019/7/20, 38, , 27, 2, 4
2019/7/21, 36, , 27, 2, 3
2019/7/22, 45, , 35, 2, 
2019/7/23, 43, , 28, 3, 3
2019/7/24, 45, , 34, 1, 3
2019/7/25, 35, , 35, 2, 3
2019/7/26, 48, , 32, 3, 5
2019/7/27, 41, , 33, 3, 5
2019/7/28, 43, , 29, 2, 4
2019/7/29, 42, , 39, 3, 5
2019/7/30, 42, , 37, 3, 5
2019/7/31, 43, , 34, 2, 5
2019/8/1, 35, , 31, 4, 5
2019/8/2, 44, , 31, 3, 5
2019/8/3, 59, , 33, 2, 4
2019/8/4, 41, , 34, 2, 5
2019/8/5, 37, , 38, 2, 5
2019/8/6, 44, , 37, 3, 5
2019/8/7, 41, , 34, 4, 5
2019/8/8, 46, , 36, 2, 5
2019/8/9, 39, , 32, 2, 6
2019/8/10, 51, , 28, 2, 6
2019/8/11, 47, , 34, 2, 5
2019/8/12, 43, , 37, 2, 5
2019/8/13, 46, , 34, 2, 4
2019/8/14, 39, , 72, 2, 5
2019/8/15, 81, , 66, 2, 6
2019/8/16, 78, , 56, 3, 5
2019/8/17, 54, , 53, 5, 6
2019/8/18, 59, , 35, 3, 6
2019/8/20, 34, , 35, 2, 5
2019/8/21, 37, , 41, 2, 4
2019/8/22, 33, , 44, 3, 6
2019/8/23, 39, , 45, 2, 6
2019/8/24, 38, , 42, 2, 5
2019/8/25, 37, , 41, 3, 6
2019/8/26, 49, , 39, 2, 5
2019/8/27, 44, , 47, 3, 6
2019/8/28, 41, , 42, 2, 5
2019/8/29, 38, , 43, 3, 6
2019/8/30, 44, , 49, 3, 6
2019/8/31, 53, , 22, 4, 7
2019/9/1, 65, , , , 
2019/9/3, 55, , 45, 4, 5
2019/9/4, 66, , 39, 4, 5
2019/9/5, 58, , 36, 4, 5
2019/9/6, 46, , 32, 3, 6
2019/9/7, 59, , 42, 3, 5
2019/9/8, 50, , 47, 3, 5
2019/9/9, 40, , 39, 3, 4
2019/9/10, 42, , 45, 4, 5
2019/9/11, 55, , 36, 3, 5
2019/9/12, 63, , 32, 3, 4
2019/9/13, 59, , 44, 3, 4
2019/9/14, 59, , 41, 3, 5
2019/9/15, 54, , 39, 2, 3
2019/9/16, 52, , 47, 2, 3
2019/9/17, 55, , 42, 3, 4
2019/9/18, 65, , 44, 3, 5
2019/9/19, 81, , 50, 2, 4
2019/9/20, 55, , 59, 3, 6
2019/9/21, 70, , 61, 3, 6
2019/9/22, 68, , 39, 3, 4
2019/9/23, 51, , 48, 3, 6
2019/9/24, 53, , 47, 4, 6
2019/9/25, 44, , 53, 3, 6
2019/9/26, 56, , 52, 3, 6
2019/9/27, 57, , 45, 2, 4
2019/9/28, 49, , 47, 2, 4
2019/9/29, 42, , 44, 4, 4
2019/9/30, 40, , 44, 3, 6
2019/10/1, 47, , 57, 8, 6
2019/4/2, 41, , 36, 2, 
2019/4/3, 45, , 37, 3, 
2019/4/4, 55, , 22, 2, 
2019/4/5, 40, , 42, 2, 
2019/4/6, 50, , 53, 2, 
2019/4/7, 40, , 59, 4, 
2019/4/8, 58, , 53, 3, 
2019/4/9, 61, , 59, 3, 
2019/4/10, 64, , 50, 4, 
2019/4/11, 47, , 44, 4, 
2019/4/12, 44, , 40, 4, 
2019/4/13, 57, , 43, 4, 
2019/4/14, 42, , 43, 3, 
2019/4/15, 46, , 33, 3, 
2019/4/16, 49, , 34, 4, 
2019/4/17, 46, , 38, 4, 
2019/4/18, 50, , 46, 3, 
2019/4/19, 48, , 34, 2, 
2019/4/20, 28, , 35, 3, 
2019/4/21, 42, , 29, 2, 
2019/4/22, 30, , 24, 3, 
2019/4/23, 49, , 39, 3, 
2019/4/24, 53, , 24, 4, 
2019/4/25, 62, , 32, 4, 
2019/4/26, 54, , 32, 2, 
2019/4/27, 50, , 31, 4, 
2019/4/28, 61, , 29, 3, 
2019/4/30, 48, , 17, 2, 
2019/5/1, 55, , 35, 3, 
2019/5/2, 48, , 31, 2, 
2019/5/3, 53, , 31, 4, 
2019/5/4, 55, , 31, 3, 
2019/5/5, 52, , 30, 3, 
2019/5/6, 32, , 26, 2, 
2019/5/7, 38, , 34, 2, 
2019/5/8, 44, , 31, 1, 
2019/5/9, 38, , 36, 1, 
2019/5/10, 42, , 36, 1, 
2019/5/11, 35, , 40, 3, 
2019/5/12, 50, , 33, 2, 
2019/5/13, 46, , 12, 2, 
2019/5/14, 66, , 31, 3, 
2019/5/15, 71, , 24, 3, 
2019/5/16, 61, , 37, 2, 
2019/5/17, 51, , 39, 2, 
2019/5/18, 53, , 36, 2, 
2019/5/19, 32, , 23, 1, 
2019/5/20, 37, , 29, 3, 
2019/5/21, 48, , 29, 3, 
2019/5/22, 58, , 29, 2, 
2019/5/23, 56, , 14, 2, 
2019/5/24, 46, , 32, 3, 
2019/5/25, 52, , 36, 1, 
2019/5/26, 48, , 31, 2, 
2019/5/27, 29, , 36, 3, 
2019/5/28, 47, , 30, 2, 
2019/5/29, 39, , 22, 1, 
2019/5/30, 33, , 27, 1, 
2019/5/31, 35, , 24, 3, 
2019/6/1, 29, , 36, 2, 
2019/6/2, 21, , 30, 2, 
2019/6/4, 55, , 20, 4, 
2019/6/5, 51, , 24, 3, 
2019/6/6, 38, , 33, 2, 
2019/6/7, 39, , 37, 2, 
2019/6/8, 48, , 31, 2, 
2019/6/9, 57, , 28, 3, 
2019/6/10, 49, , 27, 1, 5
2019/6/11, 40, , 29, 1, 4
2019/6/18, 34, , 27, 2, 5
2019/6/19, 46, , 32, 1, 4
2019/6/20, 33, , 23, 2, 5
2019/6/21, 35, , 28, 1, 6
2019/6/22, 33, , 27, 1, 5
2019/6/23, 34, , 24, 1, 5
2019/6/24, 39, , 26, 2, 6
2019/6/25, 39, , 42, 3, 6
2019/6/26, 56, , 34, 5, 6
2019/6/27, 63, , 27, 4, 6
2019/6/28, 45, , 26, 3, 8
2019/6/29, 50, , 19, 3, 7
2019/6/30, 46, , 23, 1, 4
2019/7/1, 44, , 28, 2, 5
2018/10/2, 76, , 71, 6, 
2018/10/3, 81, , 61, 17, 
2018/10/4, 89, , 58, 13, 
2018/10/5, 80, , 58, 8, 
2018/10/6, 76, , , , 
2018/10/10, 67, , 34, 6, 
2018/10/11, 58, , 35, 3, 
2018/10/12, 64, , 51, 7, 
2018/10/13, 64, , 58, 8, 
2018/10/14, 70, , 48, 6, 
2018/10/15, 76, , 53, 7, 
2018/10/16, 75, , 43, 4, 
2018/10/17, 80, , 48, 7, 
2018/10/18, 95, , 28, 6, 
2018/10/19, 85, , 53, 8, 
2018/10/20, 84, , 53, 2, 
2018/10/21, 74, , 64, 2, 
2018/10/22, 62, , 47, 6, 
2018/10/23, 87, , 50, 7, 
2018/10/24, 78, , 63, 9, 
2018/10/25, 85, , 37, 17, 
2018/10/26, 94, , 40, 9, 
2018/10/27, 91, , 33, 8, 
2018/10/28, 65, , 42, 6, 
2018/10/29, 77, , 39, 6, 
2018/10/30, 69, , 49, 7, 
2018/10/31, 66, , 42, 6, 
2018/11/1, 69, , 37, 12, 
2018/11/2, 88, , 55, 6, 
2018/11/3, 74, , 40, 4, 
2018/11/4, 54, , 40, 2, 
2018/11/5, 37, , 33, 4, 
2018/11/6, 53, , 42, 5, 
2018/11/7, 48, , 45, 7, 
2018/11/8, 58, , 40, 3, 
2018/11/9, 51, , 38, 2, 
2018/11/10, 38, , 37, 2, 
2018/11/11, 34, , 39, 5, 
2018/11/12, 37, , 27, 6, 
2018/11/13, 50, , 39, 3, 
2018/11/14, 46, , 40, 2, 
2018/11/15, 51, , 31, 3, 
2018/11/16, 41, , 38, 4, 
2018/11/17, 41, , 44, 8, 
2018/11/18, 75, , 52, 3, 
2018/11/19, 68, , 44, 8, 
2018/11/20, 57, , 50, 4, 
2018/11/21, 47, , 51, 5, 
2018/11/22, 65, , 53, 4, 
2018/11/23, 50, , 36, 2, 
2018/11/24, 35, , 49, 2, 
2018/11/25, 49, , 41, 2, 
2018/11/26, 45, , 34, 2, 
2018/11/27, 34, , 29, 2, 
2018/11/28, 37, , 51, 3, 
2018/11/29, 52, , 26, 4, 
2018/11/30, 53, , 31, 2, 
2018/12/1, 46, , 44, 3, 
2018/12/2, 48, , 48, 4, 
2018/12/3, 46, , 33, 2, 
2018/12/4, 54, , 37, 3, 
2018/12/5, 60, , 7, 3, 
2018/12/6, 61, , 49, 3, 
2018/12/7, 57, , 49, 3, 
2018/12/8, 59, , 40, 2, 
2018/12/9, 58, , 29, 2, 
2018/12/10, 52, , 34, 2, 
2018/12/11, 52, , 32, 3, 
2018/12/12, 54, , 24, 2, 
2018/12/13, 42, , 33, 2, 
2018/12/14, 47, , 18, 2, 
2018/12/15, 24, , 32, 2, 
2018/12/16, 43, , 37, 6, 
2018/12/17, 54, , 35, 2, 
2018/12/18, 51, , 40, 3, 
2018/12/19, 52, , 36, 2, 
2018/12/20, 39, , 30, 3, 
2018/12/21, 38, , 37, 2, 
2018/12/22, 46, , , , 
2018/12/24, 71, , 30, 1, 
2018/12/25, 52, , 30, 2, 
2018/12/26, 45, , 26, 2, 
2018/12/27, 36, , 34, 2, 
2018/12/28, 34, , 28, 2, 
2018/12/29, 48, , 36, 3, 
2018/12/30, 57, , 34, 2, 
2018/12/31, 46, , , , 
2018/8/26, 51, , 44, 2, 
2018/8/27, 48, , 38, 2, 
2018/8/28, 50, , 43, 2, 
2018/8/29, 68, , 29, 4, 
2018/8/30, 58, , 47, 2, 
2018/8/31, 76, , 53, 2, 
2018/9/1, 70, , 45, 2, 
2018/9/2, 66, , 45, 2, 
2018/9/3, 54, , 42, 2, 
2018/9/4, 58, , 46, 2, 
2018/9/5, 39, , 68, 1, 
2018/9/6, 66, , 55, 2, 
2018/9/7, 68, , 56, 3, 
2018/9/8, 71, , 34, 2, 
2018/9/9, 62, , 41, 3, 
2018/9/10, 63, , 47, 2, 
2018/9/11, 55, , 51, 5, 
2018/9/12, 75, , 63, 3, 
2018/9/13, 74, , 61, 2, 
2018/9/14, 67, , 41, 2, 
2018/9/15, 58, , 56, 2, 
2018/9/16, 62, , 42, 2, 
2018/9/17, 40, , 42, 3, 
2018/9/18, 50, , 48, 3, 
2018/9/19, 64, , 41, 3, 
2018/9/20, 54, , 44, 3, 
2018/9/21, 51, , 30, 4, 
2018/9/22, 52, , 44, 2, 
2018/9/23, 48, , , 4, 
2018/9/24, 79, , , , 
2018/9/26, 55, , 52, 2, 
2018/9/27, 90, , 48, 1, 
2018/9/28, 63, , 57, 2, 
2018/9/29, 79, , 67, 2, 
2018/9/30, 77, , 59, 2, 
2018/10/1, 67, , 65, 5, 
2016/7/2, , 26, 37, , 
2016/7/3, , 20, 41, 1, 
2016/7/4, , 21, 37, , 
2016/7/5, , 22, 32, 2, 
2016/7/6, , 30, 30, 3, 
2016/7/7, , 28, 28, 2, 
2016/7/8, , 36, 39, 3, 
2016/7/9, , 33, 38, 1, 
2016/7/10, , 26, 40, 3, 
2016/7/11, , 27, 40, 1, 
2016/7/12, , 29, 41, 3, 
2016/7/13, , 30, 34, 3, 
2016/7/14, , 33, 35, 1, 
2016/7/15, , 27, 42, 2, 
2016/7/16, , 29, 47, 2, 
2016/7/17, , 33, 37, 1, 
2016/7/18, , 33, 34, 1, 
2016/7/19, , 27, 40, 1, 
2016/7/20, , 26, 40, 2, 
2016/7/21, , 22, 36, 1, 
2016/7/22, , 27, 36, 2, 
2016/7/23, , 34, 42, 1, 
2016/7/24, , 34, 42, 1, 
2016/7/25, , 29, 25, 3, 
2016/7/26, , 36, 36, 4, 
2016/7/27, , 31, 32, 5, 
2016/7/28, , 32, 1, 3, 
2016/7/29, , 45, 37, 5, 
2016/7/30, , 33, 42, 2, 
2016/7/31, , 23, , , 
2016/8/6, , 41, 50, 3, 
2016/8/7, , 39, 39, 1, 
2016/8/8, , 28, 37, 3, 
2016/8/9, , 36, 35, 5, 
2016/8/10, , 40, 44, 2, 
2016/8/11, , 36, 41, 1, 
2016/8/12, , 37, 44, 7, 
2016/8/13, , 31, 55, 3, 
2016/8/14, , 31, 27, 5, 
2016/8/15, , 36, 45, 1, 
2016/8/16, , 34, 46, 1, 
2016/8/17, , 36, 38, 2, 
2016/8/18, , 34, 39, 1, 
2016/8/19, , 31, 43, 3, 
2016/8/20, , 28, , , 
2016/8/23, , 37, 63, 2, 
2016/8/24, , 31, 79, 2, 
2016/8/25, , 37, 48, 2, 
2016/8/26, , 41, 40, 1, 
2016/8/27, , 31, 10, 4, 
2016/8/28, , 44, 52, 2, 
2016/8/29, , 31, 48, 2, 
2016/8/30, , 36, 49, 2, 
2016/8/31, , 31, 54, 3, 
2016/9/1, , 40, 31, 2, 
2016/9/2, , 26, 47, 4, 
2016/9/3, , 28, 61, 7, 
2016/9/4, , 35, 54, 19, 
2016/9/5, , 39, 54, 13, 
2016/9/6, , 34, 30, 16, 
2016/9/7, , 28, 43, 4, 
2016/9/8, , 21, 54, 4, 
2016/9/9, , 28, 37, 2, 
2016/9/10, , 29, 45, 3, 
2016/9/11, , 24, 53, 2, 
2016/9/12, , 22, 69, 2, 
2016/9/13, , 32, 66, 1, 
2016/9/14, , 25, 36, 3, 
2016/9/15, , 26, 48, 3, 
2016/9/16, , 24, 53, 4, 
2016/9/17, , 28, 53, 3, 
2016/9/18, , 27, 47, 3, 
2016/9/19, , 25, 4, 3, 
2016/9/20, , 28, , , 
2016/4/2, , 13, 36, , 
2016/4/3, , 12, 45, 1, 
2016/4/4, , 16, 35, 10, 
2016/4/5, , 27, 52, 5, 
2016/4/6, , 14, 49, 12, 
2016/4/7, , 33, 45, 2, 
2016/4/8, , 19, 34, , 
2016/4/9, , 27, 34, 1, 
2016/4/10, , 19, 12, , 
2016/4/11, , 17, 25, , 
2016/4/12, , 17, 29, 2, 
2016/4/13, , 15, 43, 1, 
2016/4/14, , 16, 43, 3, 
2016/4/15, , 27, 52, 2, 
2016/4/16, , 31, 48, 2, 
2016/4/17, , 36, 31, , 
2016/4/18, , 21, 24, 1, 
2016/4/19, , 24, 38, 4, 
2016/4/20, , 33, 32, 1, 
2016/4/21, , 30, 37, 2, 
2016/4/22, , 33, 27, 1, 
2016/4/23, , 28, 29, , 
2016/4/24, , 18, 31, , 
2016/4/25, , 13, 38, 1, 
2016/4/26, , 20, 50, 2, 
2016/4/27, , 29, 45, 2, 
2016/4/28, , 22, 35, 1, 
2016/4/29, , 15, 46, 2, 
2016/4/30, , 23, 17, , 
2016/5/1, , 14, 37, 1, 
2016/5/2, , 18, 43, 9, 
2016/5/3, , 21, 41, 1, 
2016/5/4, , 14, 36, 1, 
2016/5/5, , 26, 40, , 
2016/5/6, , 23, 36, 1, 
2016/5/7, , 26, 36, , 
2016/5/8, , 14, 34, 1, 
2016/5/9, , 19, 30, 2, 
2016/5/10, , 24, 29, 1, 
2016/5/11, , 17, 45, 1, 
2016/5/12, , 25, 38, 2, 
2016/5/13, , 20, 22, 2, 
2016/5/14, , 28, 21, 2, 
2016/5/15, , 23, 25, 1, 
2016/5/16, , 22, 24, 2, 
2016/5/17, , 27, 32, 5, 
2016/5/18, , 27, 34, 1, 
2016/5/19, , 25, 32, 2, 
2016/5/20, , 29, 29, 1, 
2016/5/21, , 28, 28, 1, 
2016/5/22, , 31, 28, 1, 
2016/5/23, , 33, 26, 1, 
2016/5/24, , 29, 33, 1, 
2016/5/25, , 32, 22, , 
2016/5/26, , 12, 46, 2, 
2016/5/27, , 30, 42, 1, 
2016/5/28, , 25, 52, 3, 
2016/5/29, , 26, 29, 1, 
2016/5/30, , 12, 37, 2, 
2016/5/31, , 24, 40, 4, 
2016/6/1, , 29, 42, 3, 
2016/6/2, , 27, 30, 1, 
2016/6/3, , 17, 25, 3, 
2016/6/4, , 18, 32, 3, 
2016/6/5, , 25, 38, 3, 
2016/6/6, , 21, 27, 2, 
2016/6/7, , 22, 36, 4, 
2016/6/8, , 28, 52, 2, 
2016/6/9, , 18, 35, 2, 
2016/6/10, , 22, 36, 2, 
2016/6/11, , 29, 28, 1, 
2016/6/12, , 23, 33, , 
2016/6/13, , 23, 32, , 
2016/6/14, , 20, 27, 1, 
2016/6/15, , 22, 31, 1, 
2016/6/16, , 27, 29, 1, 
2016/6/17, , 23, 33, 1, 
2016/6/18, , 24, 36, 1, 
2016/6/19, , 32, 33, 2, 
2016/6/20, , 28, 34, , 
2016/6/21, , 28, 39, 1, 
2016/6/22, , 26, 34, 2, 
2016/6/23, , 28, 37, 1, 
2016/6/24, , 25, 31, 4, 
2016/6/25, , 18, 44, 1, 
2016/6/26, , 28, 30, 1, 
2016/6/27, , 17, 39, 1, 
2016/6/28, , 21, 36, , 
2016/6/29, , 24, 32, 1, 
2016/6/30, , 27, 30, 1, 
2016/7/1, , 29, 28, , 
2016/3/17, , 26, 40, 1, 
2016/3/18, , 13, 22, 1, 
2016/3/19, , 17, 33, 1, 
2016/3/20, , 19, 32, , 
2016/3/21, , 18, 36, 1, 
2016/3/22, , 41, 25, 1, 
2016/3/23, , 33, 27, 3, 
2016/3/24, , 26, 42, 1, 
2016/3/25, , 34, 43, 7, 
2016/3/26, , 32, 50, 3, 
2016/3/27, , 25, 1, 2, 
2016/3/28, , 35, 44, 2, 
2016/3/29, , 22, 45, 1, 
2016/3/30, , 28, 50, 5, 
2016/3/31, , 13, 22, 3, 
2016/4/1, , 27, 49, 6, 
2015/10/2, , 41, 74, 17, 
2015/10/3, , 44, 58, 20, 
2015/10/4, , 38, 61, 3, 
2015/10/5, , 36, 68, 4, 
2015/10/6, , 29, 61, 12, 
2015/10/7, , 39, 56, 7, 
2015/10/8, , 38, 72, 10, 
2015/10/9, , 43, 71, 5, 
2015/10/10, , 38, 60, 2, 
2015/10/11, , 22, 57, 1, 
2015/10/12, , 56, 56, 1, 
2015/10/13, , 27, 51, 1, 
2015/10/14, , 21, 59, 1, 
2015/10/15, , 15, 58, 4, 
2015/10/16, , 23, 50, 1, 
2015/10/17, , 18, 49, 2, 
2015/10/18, , 23, 53, 3, 
2015/10/19, , 20, 66, 1, 
2015/10/20, , 24, 53, 1, 
2015/10/21, , 36, 63, 1, 
2015/10/22, , 40, 54, 1, 
2015/10/23, , 37, 40, 5, 
2015/10/24, , 40, 67, 2, 
2015/10/25, , 34, 62, 2, 
2015/10/26, , 17, 67, 6, 
2015/10/27, , 36, 63, 14, 
2015/10/28, , 38, 66, 10, 
2015/10/29, , 36, 64, 1, 
2015/10/30, , 26, 73, 9, 
2015/10/31, , 32, 62, 1, 
2015/11/1, , 20, 61, , 
2015/11/2, , 17, 53, 3, 
2015/11/3, , 28, 73, 6, 
2015/11/4, , 34, 50, 11, 
2015/11/5, , 39, , , 
2015/11/11, , 29, 47, 7, 
2015/11/12, , 30, 69, 7, 
2015/11/13, , 33, 61, 4, 
2015/11/14, , 33, 43, 2, 
2015/11/15, , 34, 41, 6, 
2015/11/16, , 23, 56, 5, 
2015/11/17, , 29, 39, 12, 
2015/11/18, , 28, 45, 5, 
2015/11/19, , 24, 54, , 
2015/11/20, , 18, 52, 4, 
2015/11/21, , 24, 46, 1, 
2015/11/22, , 25, 47, 7, 
2015/11/23, , 37, 31, 6, 
2015/11/24, , 32, , , 
2015/7/2, , 40, 26, 3, 
2015/7/3, , 31, 22, 2, 
2015/7/4, , 36, 33, 5, 
2015/7/5, , 41, 33, 2, 
2015/7/6, , 28, 36, 1, 
2015/7/7, , 27, 35, , 
2015/7/8, , 26, 34, 1, 
2015/7/9, , 31, 30, 4, 
2015/7/10, , 39, 15, 5, 
2015/7/11, , 37, 25, 1, 
2015/7/12, , 28, 35, 1, 
2015/7/13, , 18, 39, 2, 
2015/7/14, , 35, 29, 10, 
2015/7/15, , 36, 30, 6, 
2015/7/16, , 47, 31, 2, 
2015/7/17, , 32, 39, 3, 
2015/7/18, , 37, 33, 2, 
2015/7/19, , 27, 42, 3, 
2015/7/20, , 30, 38, 3, 
2015/7/21, , 26, 30, 4, 
2015/7/22, , 27, 17, 3, 
2015/7/23, , 14, 28, 8, 
2015/7/24, , 20, 32, 3, 
2015/7/25, , 21, 30, 2, 
2015/7/26, , 25, 33, 2, 
2015/7/27, , 22, 23, 2, 
2015/7/28, , 26, 23, 1, 
2015/7/29, , 21, 12, 1, 
2015/7/30, , 24, 29, 3, 
2015/7/31, , 31, 34, 2, 
2015/8/1, , 33, 32, 3, 
2015/8/2, , 36, 33, 4, 
2015/8/3, , 29, 38, 3, 
2015/8/4, , 39, 36, 5, 
2015/8/5, , 32, 42, 2, 
2015/8/6, , 31, 47, 3, 
2015/8/7, , 29, 38, 5, 
2015/8/8, , 42, 45, 6, 
2015/8/9, , 40, 45, 2, 
2015/8/10, , 22, 42, 2, 
2015/8/11, , 32, 40, 9, 
2015/8/12, , 44, 33, 8, 
2015/8/13, , 45, 45, 6, 
2015/8/14, , 38, 34, 3, 
2015/8/15, , 30, 39, 3, 
2015/8/16, , 24, 45, 2, 
2015/8/17, , 24, 50, 2, 
2015/8/18, , 26, 67, 3, 
2015/8/19, , 35, 52, 3, 
2015/8/20, , 36, 45, 3, 
2015/8/21, , 38, 52, 4, 
2015/8/22, , 40, 54, 6, 
2015/8/23, , 45, 50, 4, 
2015/8/24, , 44, 41, 3, 
2015/8/25, , 38, 42, 3, 
2015/8/26, , 32, 46, 13, 
2015/8/27, , 40, 52, 10, 
2015/8/28, , 44, 42, 7, 
2015/8/29, , 45, 47, 4, 
2015/8/30, , 36, 47, 3, 
2015/8/31, , 35, 44, 2, 
2015/9/1, , 31, 43, 2, 
2015/9/2, , 31, 52, 2, 
2015/9/3, , 41, 59, 2, 
2015/9/4, , 46, 63, 3, 
2015/9/5, , 45, 58, 3, 
2015/9/6, , 44, 25, 1, 
2015/9/7, , 28, 47, 2, 
2015/9/8, , 42, 69, 4, 
2015/9/9, , 39, 67, 7, 
2015/9/10, , 58, 92, 3, 
2015/9/11, , 36, 93, 5, 
2015/9/12, , 50, 102, 3, 
2015/9/13, , 56, 121, 3, 
2015/9/14, , 47, 139, 3, 
2015/9/15, , 52, 109, 8, 
2015/9/16, , 55, 70, 5, 
2015/9/17, , 51, 89, 2, 
2015/9/18, , 48, 69, 1, 
2015/9/19, , 41, 21, 7, 
2015/9/20, , 47, 70, 3, 
2015/9/21, , 44, 68, 5, 
2015/9/22, , 43, 47, 4, 
2015/9/23, , 30, 45, 7, 
2015/9/24, , 37, 55, 4, 
2015/9/25, , 43, 57, 7, 
2015/9/26, , 43, 55, 4, 
2015/9/27, , 42, 51, 3, 
2015/9/28, , 35, 76, 9, 
2015/9/29, , 44, 96, 5, 
2015/9/30, , 45, 80, 2, 
2015/10/1, , 41, 75, 4, 
2025/1/1, , , 33, 1, 2
2025/2/3, , , 30, 4, 6
2025/2/15, , , 36, 1, 2
2025/2/24, , , 41, 1, 4
2024/10/17, , , 85, 3, 2
2024/10/24, , , 52, 3, 12
2024/10/25, , , 54, 1, 11
2024/10/26, , , 50, 3, 16
2024/10/27, , , 43, 2, 15
2024/10/28, , , 13, 2, 15
2024/10/29, , , 31, 5, 20
2024/10/30, , , 24, 5, 18
2024/10/31, , , 20, 3, 19
2024/11/1, , , 70, 4, 15
2024/11/2, , , 47, 2, 10
2024/11/3, , , 46, 3, 10
2024/11/4, , , 44, 4, 11
2024/11/5, , , 69, 8, 13
2024/11/6, , , 78, 6, 13
2024/11/7, , , 75, 8, 14
2024/11/8, , , 66, 7, 13
2024/11/9, , , 44, 7, 16
2024/11/10, , , 101, 8, 16
2024/11/11, , , 112, 9, 16
2024/11/12, , , 113, 12, 19
2024/11/13, , , 58, 5, 16
2024/11/14, , , 50, 4, 19
2024/11/15, , , 102, 10, 18
2024/11/16, , , 45, 4, 20
2024/11/17, , , 45, 2, 17
2024/11/18, , , 46, 2, 17
2024/11/19, , , 65, 3, 17
2024/11/20, , , 55, 4, 16
2024/11/21, , , 35, 2, 17
2024/11/22, , , 40, 2, 19
2024/11/23, , , 61, 4, 18
2024/11/24, , , 56, 3, 18
2024/11/25, , , 42, 3, 16
2024/11/26, , , 38, 8, 18
2024/11/27, , , 42, 4, 15
2024/11/28, , , 29, 7, 20
2024/11/29, , , 5, 15, 18
2024/12/1, , , 26, 6, 20
2024/12/2, , , 47, 3, 18
2024/12/3, , , 48, 2, 10
2024/12/4, , , 47, 4, 4
2024/12/5, , , 52, 2, 3
2024/12/6, , , 50, 3, 3
2024/12/7, , , 34, 6, 5
2024/12/8, , , 50, 4, 3
2024/12/9, , , 43, 4, 3
2024/12/10, , , 33, 3, 4
2024/12/11, , , 38, 1, 3
2024/12/12, , , 45, 1, 3
2024/12/13, , , 26, 1, 5
2024/12/14, , , 32, 8, 7
2024/12/15, , , 54, 1, 4
2024/12/16, , , 45, 3, 5
2024/12/17, , , 35, 5, 5
2024/12/18, , , 35, 6, 5
2024/12/19, , , 37, 6, 7
2024/12/20, , , 35, 4, 6
2024/12/21, , , 38, 2, 5
2024/9/11, , , 73, 6, 6
2024/6/23, , , 58, 5, 2
2024/6/24, , , 53, 4, 2
2023/10/8, , , 69, 4, 4
2023/7/24, , , 34, 2, 4
2023/3/7, , , 8, 3, 6
2023/3/18, , , 4, 3, 9
2022/4/28, , , 34, 4, 6
2022/2/11, , , 40, 2, 1
2021/8/5, , , 44, 1, 5
2021/6/6, , , 30, 4, 3
2021/6/7, , , 25, 2, 3
2021/6/21, , , 28, 4, 6
2021/1/4, , , 25, 1, 2
2021/2/15, , , 36, 3, 3
2020/9/30, , , 17, 3, 3
2020/5/22, , , 34, 2, 2
2020/1/1, , , 31, 2, 4
2020/2/12, , , 33, 3, 7
2019/10/22, , , 35, 1, 4
2019/11/17, , , 34, 2, 3
2019/11/18, , , 34, 2, 5
2019/11/24, , , 51, 3, 5
2019/11/25, , , 31, 2, 3
2019/7/15, , , 17, 2, 5
2019/8/19, , , 30, 3, 5
2019/9/2, , , 40, 3, 5
2019/4/1, , , 15, 3, 
2019/4/29, , , 29, 2, 
2019/6/3, , , 22, 3, 
2019/6/12, , , 17, 2, 6
2019/6/13, , , 24, 3, 6
2019/6/14, , , 32, 2, 6
2019/6/15, , , 36, 3, 5
2019/6/16, , , 25, 2, 5
2019/6/17, , , 20, 2, 5
2018/10/9, , , 19, 2, 
2018/12/23, , , 12, 2, 
2018/8/25, , , 31, 2, 
2018/9/25, , , 46, 3, 
2016/8/5, , , 38, 4, 
2016/8/22, , , 58, 1, 
2016/1/8, , , 21, 1, 
2016/1/9, , , 42, 4, 
2016/1/10, , , 55, 6, 
2016/1/11, , , 36, 1, 
2016/1/12, , , 42, 1, 
2016/1/13, , , 41, 1, 
2016/1/14, , , 26, 1, 
2016/1/15, , , 23, , 
2016/1/16, , , 52, 4, 
2016/1/17, , , 51, 4, 
2016/1/18, , , 47, 6, 
2016/1/19, , , 43, 4, 
2016/1/20, , , 42, 6, 
2016/1/21, , , 39, 1, 
2016/1/22, , , 37, 3, 
2016/1/23, , , 52, 2, 
2016/1/24, , , 43, 6, 
2016/1/25, , , 47, 8, 
2016/1/26, , , 27, 2, 
2016/1/27, , , 59, 6, 
2016/1/28, , , 67, 6, 
2016/1/29, , , 59, 5, 
2016/1/30, , , 44, 16, 
2016/1/31, , , 45, 3, 
2016/2/1, , , 55, 10, 
2016/2/2, , , 76, 11, 
2016/2/3, , , 72, 10, 
2016/2/4, , , 36, 2, 
2016/2/5, , , 56, 6, 
2016/2/6, , , 53, 3, 
2016/2/7, , , 61, 4, 
2016/2/8, , , 46, 4, 
2016/2/9, , , 38, 7, 
2016/2/10, , , 38, , 
2016/2/11, , , 37, 2, 
2016/2/12, , , 34, 6, 
2016/2/13, , , 46, 2, 
2016/2/14, , , 49, 3, 
2016/2/15, , , 34, 1, 
2016/2/16, , , 30, 13, 
2016/2/17, , , 35, 1, 
2016/2/18, , , 39, 1, 
2016/2/19, , , 40, 1, 
2016/2/20, , , 39, 1, 
2016/2/21, , , 44, 3, 
2016/2/22, , , 50, 1, 
2016/2/23, , , 46, 4, 
2016/2/24, , , 51, 3, 
2016/2/25, , , 32, 5, 
2016/2/26, , , 35, 1, 
2016/2/27, , , 40, 1, 
2016/2/28, , , 49, 4, 
2016/2/29, , , 48, 3, 
2016/3/1, , , 40, , 
2016/3/2, , , 34, 1, 
2016/3/3, , , 51, 1, 
2016/3/4, , , 37, , 
2016/3/5, , , 36, , 
2016/3/6, , , 41, , 
2016/3/7, , , 43, 1, 
2016/3/8, , , 27, 3, 
2016/3/9, , , 52, 3, 
2016/3/10, , , 43, 5, 
2016/3/11, , , 61, 9, 
2016/3/12, , , 59, 5, 
2016/3/13, , , 50, 1, 
2016/3/14, , , 42, 1, 
2016/3/15, , , 57, 2, 
2016/3/16, , , 54, 1, 
2015/11/10, , , 48, 3, 
2015/7/1, , , 28, 2, 
2015/4/2, , , 42, 2, 
2015/4/3, , , 42, 2, 
2015/4/4, , , 40, 2, 
2015/4/5, , , 38, 1, 
2015/4/6, , , 34, 1, 
2015/4/7, , , 35, 3, 
2015/4/8, , , 27, 1, 
2015/4/9, , , 40, 6, 
2015/4/10, , , 34, 2, 
2015/4/11, , , 39, 4, 
2015/4/12, , , 36, 4, 
2015/4/13, , , 36, 4, 
2015/4/14, , , 39, 2, 
2015/4/15, , , 31, 2, 
2015/4/16, , , 41, 3, 
2015/4/17, , , 35, 5, 
2015/4/18, , , 31, 6, 
2015/4/19, , , 52, 7, 
2015/4/20, , , 47, 4, 
2015/4/21, , , 33, 5, 
2015/4/22, , , 30, 4, 
2015/4/23, , , 33, 6, 
2015/4/24, , , 29, 10, 
2015/4/25, , , 25, 4, 
2015/4/26, , , 31, 1, 
2015/4/27, , , 25, 3, 
2015/4/28, , , 23, 2, 
2015/4/29, , , 26, 7, 
2015/4/30, , , 33, 2, 
2015/5/1, , , 46, 3, 
2015/5/5, , , 31, 10, 
2015/5/6, , , 41, 5, 
2015/5/7, , , 33, 4, 
2015/5/8, , , 31, 2, 
2015/5/9, , , 27, 2, 
2015/5/10, , , 23, 2, 
2015/5/11, , , 17, 2, 
2015/5/12, , , 24, 1, 
2015/5/13, , , 22, 3, 
2015/5/14, , , 32, 2, 
2015/5/15, , , 25, 2, 
2015/5/16, , , 32, 1, 
2015/5/17, , , 34, 2, 
2015/5/18, , , 33, 2, 
2015/5/19, , , 25, 3, 
2015/5/20, , , 27, 1, 
2015/5/21, , , 27, 2, 
2015/5/22, , , 28, 1, 
2015/5/23, , , 37, 4, 
2015/5/24, , , 28, 10, 
2015/5/25, , , 38, 3, 
2015/5/26, , , 26, 4, 
2015/5/27, , , 36, 7, 
2015/5/28, , , 30, 1, 
2015/5/29, , , 19, 5, 
2015/5/30, , , 30, 3, 
2015/5/31, , , 37, 1, 
2015/6/1, , , 24, 2, 
2015/6/2, , , 22, 2, 
2015/6/3, , , 29, 4, 
2015/6/4, , , 26, 1, 
2015/6/5, , , 31, 1, 
2015/6/6, , , 32, , 
2015/6/7, , , 31, 1, 
2015/6/8, , , 32, 1, 
2015/6/9, , , 27, 2, 
2015/6/10, , , 32, 2, 
2015/6/11, , , 35, , 
2015/6/12, , , 20, 1, 
2015/6/13, , , 24, 1, 
2015/6/14, , , 24, , 
2015/6/15, , , 32, 1, 
2015/6/16, , , 26, 1, 
2015/6/17, , , 25, 1, 
2015/6/18, , , 25, 2, 
2015/6/19, , , 23, 3, 
2015/6/20, , , 34, 1, 
2015/6/21, , , 29, , 
2015/6/22, , , 29, , 
2015/6/23, , , 23, 6, 
2015/6/24, , , 27, 1, 
2015/6/25, , , 34, , 
2015/6/26, , , 36, , 
2015/6/27, , , 30, , 
2015/6/28, , , 38, , 
2015/6/29, , , 32, , 
2015/6/30, , , 28, , 
2015/1/2, , , 42, 7, 
2015/1/3, , , 28, 9, 
2015/1/4, , , 30, 12, 
2015/1/5, , , 30, 10, 
2015/1/6, , , 34, 7, 
2015/1/7, , , 33, 6, 
2015/1/8, , , 30, 2, 
2015/1/9, , , 29, 8, 
2015/1/10, , , 25, 2, 
2015/1/11, , , 31, 6, 
2015/1/12, , , 30, 4, 
2015/1/13, , , 30, 10, 
2015/1/14, , , 34, 10, 
2015/1/15, , , 44, 10, 
2015/1/16, , , 32, 10, 
2015/1/17, , , 36, 4, 
2015/1/18, , , 34, 5, 
2015/1/19, , , 32, 3, 
2015/1/20, , , 31, 2, 
2015/1/21, , , 26, 1, 
2015/1/22, , , 34, 1, 
2015/1/23, , , 32, 2, 
2015/1/24, , , 29, 3, 
2015/1/25, , , 28, 2, 
2015/1/26, , , 47, 2, 
2015/1/27, , , 30, 2, 
2015/1/28, , , 32, 1, 
2015/1/29, , , 38, 5, 
2015/1/30, , , 35, 2, 
2015/1/31, , , 35, 1, 
2015/2/1, , , 34, 3, 
2015/2/2, , , 26, 2, 
2015/2/3, , , 22, 1, 
2015/2/4, , , 22, 2, 
2015/2/5, , , 24, 4, 
2015/2/6, , , 34, 7, 
2015/2/7, , , 37, 3, 
2015/2/8, , , 37, 1, 
2015/2/9, , , 34, 1, 
2015/2/10, , , 23, 1, 
2015/2/11, , , 35, 1, 
2015/2/12, , , 39, 2, 
2015/2/13, , , 44, 1, 
2015/2/14, , , 36, 10, 
2015/2/15, , , 28, 5, 
2015/2/16, , , 44, 4, 
2015/2/17, , , 52, 6, 
2015/2/18, , , 60, 5, 
2015/2/19, , , 47, , 
2015/2/20, , , 20, , 
2015/2/21, , , 43, 3, 
2015/2/22, , , 45, 4, 
2015/2/23, , , 67, 4, 
2015/2/24, , , 48, 16, 
2015/2/25, , , 38, 4, 
2015/2/26, , , 62, 3, 
2015/2/27, , , 63, 4, 
2015/2/28, , , 49, 8, 
2015/3/1, , , 37, 1, 
2015/3/2, , , 42, 6, 
2015/3/3, , , 39, 4, 
2015/3/4, , , 45, 2, 
2015/3/5, , , 48, 13, 
2015/3/6, , , 45, 4, 
2015/3/7, , , 47, 2, 
2015/3/8, , , 33, 10, 
2015/3/9, , , 26, 9, 
2015/3/10, , , 25, 8, 
2015/3/11, , , 27, 2, 
2015/3/12, , , 26, 11, 
2015/3/13, , , 31, 2, 
2015/3/14, , , 30, 2, 
2015/3/15, , , 35, 1, 
2015/3/16, , , 37, 3, 
2015/3/17, , , 29, 1, 
2015/3/18, , , 26, 1, 
2015/3/19, , , 27, 6, 
2015/3/20, , , 33, 5, 
2015/3/21, , , 21, 1, 
2015/3/22, , , 33, 2, 
2015/3/23, , , , 4, 
2014/11/2, , , 50, 8, 
2014/11/3, , , 43, 12, 
2014/11/4, , , 41, 3, 
2014/11/5, , , 36, 4, 
2014/11/6, , , 53, 7, 
2014/11/7, , , 42, 6, 
2014/11/8, , , 49, 6, 
2014/11/9, , , 44, 8, 
2014/11/10, , , 48, 2, 
2014/11/11, , , 32, 4, 
2014/11/12, , , 34, 3, 
2014/11/13, , , 27, 3, 
2014/11/14, , , 32, 5, 
2014/11/15, , , 34, 5, 
2014/11/16, , , 42, 7, 
2014/11/17, , , 38, 4, 
2014/11/18, , , 28, 5, 
2014/11/19, , , 38, 6, 
2014/11/20, , , 33, 5, 
2014/11/21, , , 42, 4, 
2014/11/22, , , 34, 5, 
2014/11/23, , , 34, 10, 
2014/11/24, , , 34, 10, 
2014/11/25, , , 37, 4, 
2014/11/26, , , 38, 1, 
2014/11/27, , , 36, 5, 
2014/11/28, , , 40, 5, 
2014/11/29, , , 45, 9, 
2014/11/30, , , 34, 12, 
2014/12/1, , , 33, , 
2016/10/9, , , , , 
2016/10/10, , , , , 
2016/10/11, , , , , 
2016/10/12, , , , , 
2016/10/13, , , , , 
2016/10/14, , , , , 
2016/10/15, , , , 1, 
2016/10/16, , , , 1, 
2016/10/17, , , , 1, 
2016/10/18, , , , 2, 
2016/10/19, , , , 1, 
2016/10/20, , , , 1, 
2016/10/21, , , , 6, 
2016/10/22, , , , 2, 
2016/10/23, , , , 1, 
2016/10/24, , , , , 
2016/10/25, , , , 1, 
2016/10/26, , , , , 
2016/10/27, , , , , 
2016/10/28, , , , 1, 
2016/10/29, , , , 2, 
2016/10/30, , , , 1, 
2016/10/31, , , , , 
2016/11/1, , , , , 
2016/11/2, , , , , 
2016/11/3, , , , , 
2016/11/4, , , , 1, 
2016/11/5, , , , 1, 
2016/11/6, , , , , 
2016/11/7, , , , , 
2016/11/8, , , , 1, 
2015/1/1, , , , 7, 
2015/3/24, , , , 8, 
2015/3/25, , , , 1, 
2015/3/26, , , , 7, 
2015/3/27, , , , 2, 
2015/3/28, , , , 2, 
2015/3/29, , , , 4, 
2015/3/30, , , , 3, 
2015/3/31, , , , 4, 
2015/4/1, , , , 2, 
2014/11/1, , , , 5, 