date, pm25, pm10, o3, so2, co,ICA,nDia
2025/6/2, 22, , 26, 1, 10,14.75,0
2025/6/3, 30, , 32, 1, 10,18.25,-1
2025/6/4, 28, , 30, , 3,20.33,-2
2025/6/5, 29, , 36, , 3,22.67,-3
2025/6/6, 26, , 20, 2, 5,13.25,-4
2025/6/7, 40, , 29, 2, 4,18.75,-5
2025/6/8, 30, , 29, 1, 2,15.50,-6
2025/6/9, 32, , 26, 1, 2,15.25,-7
2025/6/10, 36, , 34, 1, 4,18.75,-8
2025/6/11, 32, , 44, 2, 4,20.50,-9
2025/6/12, 32, , 33, 1, 4,17.50,-10
2025/6/13, 20, , 33, 1, 5,14.75,-11
2025/6/14, 21, , 31, 1, 5,14.50,-12
2025/6/15, 25, , 34, 2, 5,16.50,-13
2025/6/16, 27, , 36, 1, 6,17.50,-14
2025/6/17, 20, , 28, 1, 8,14.25,-15
2025/6/18, 34, , 42, 2, 8,21.50,-16
2025/6/19, 20, , 30, 2, 9,15.25,-17
2025/6/20, 20, , 32, 3, 11,16.50,-18
2025/6/21, 25, , , , ,25.00,-19
2025/5/2, 24, , 42, 1, 5,18.00,-20
2025/5/3, 33, , 39, 1, 105,44.50,-21
2025/5/4, 31, , 41, 2, 500,143.50,-22
2025/5/5, 29, , 24, 1, 129,45.75,-23
2025/5/6, 29, , 31, 6, 4,17.50,-24
2025/5/7, 41, , 46, 1, 3,22.75,-25
2025/5/8, 33, , 22, 2, 6,15.75,-26
2025/5/9, 49, , 40, 2, 8,24.75,-27
2025/5/10, 45, , 28, 2, 8,20.75,-28
2025/5/11, 33, , 27, 1, 7,17.00,-29
2025/5/12, 18, , 29, 1, 6,13.50,-30
2025/5/13, 24, , 27, 3, 7,15.25,-31
2025/5/14, 33, , 40, , 9,27.33,-32
2025/5/15, 30, , 28, , 10,22.67,-33
2025/5/16, 21, , 25, , 6,17.33,-34
2025/5/17, 22, , 31, , 4,19.00,-35
2025/5/18, 17, , 39, , 3,19.67,-36
2025/5/19, 27, , 23, 2, 6,14.50,-37
2025/5/20, 34, , 37, 3, 3,19.25,-38
2025/5/21, 38, , 33, 2, 6,19.75,-39
2025/5/22, 34, , 24, 1, 6,16.25,-40
2025/5/23, 36, , 27, 1, 7,17.75,-41
2025/5/24, 32, , 28, 1, 7,17.00,-42
2025/5/25, 31, , 30, 1, 7,17.25,-43
2025/5/26, 24, , 31, , 7,20.67,-44
2025/5/27, 17, , 39, , 6,20.67,-45
2025/5/28, 26, , 24, 2, 6,14.50,-46
2025/5/29, 39, , 27, 2, 7,18.75,-47
2025/5/30, 34, , 33, 2, 7,19.00,-48
2025/5/31, 32, , 34, , 5,23.67,-49
2025/6/1, 23, , 31, 1, 8,15.75,-50
2025/4/2, 34, , 54, 1, 4,23.25,-51
2025/4/3, 29, , 48, 2, 5,21.00,-52
2025/4/4, 28, , 39, 2, 8,19.25,-53
2025/4/5, 39, , 42, 2, 7,22.50,-54
2025/4/6, 41, , 22, 2, 3,17.00,-55
2025/4/7, 19, , 33, 2, 9,15.75,-56
2025/4/8, 30, , 29, 2, 10,17.75,-57
2025/4/9, 32, , 42, 3, 7,21.00,-58
2025/4/10, 40, , 32, 2, 5,19.75,-59
2025/4/11, 21, , 23, 2, 12,14.50,-60
2025/4/12, 35, , 43, 3, 11,23.00,-61
2025/4/13, 34, , 41, 2, 9,21.50,-62
2025/4/14, 33, , 43, 3, 10,22.25,-63
2025/4/15, 37, , 39, 3, 11,22.50,-64
2025/4/16, 39, , 52, 2, 7,25.00,-65
2025/4/17, 44, , 33, 2, 8,21.75,-66
2025/4/18, 32, , 36, 2, 8,19.50,-67
2025/4/19, 31, , 55, 3, 7,24.00,-68
2025/4/20, 33, , 40, 2, 6,20.25,-69
2025/4/21, 24, , 46, 2, 7,19.75,-70
2025/4/22, 33, , 53, 2, 4,23.00,-71
2025/4/23, 28, , 53, 2, 4,21.75,-72
2025/4/24, 22, , 39, 2, 7,17.50,-73
2025/4/25, 31, , 40, 3, 9,20.75,-74
2025/4/26, 42, , 41, 3, 7,23.25,-75
2025/4/27, 43, , 44, 2, 3,23.00,-76
2025/4/28, 20, , 21, 2, 8,12.75,-77
2025/4/29, 30, , 33, 1, 6,17.50,-78
2025/4/30, 43, , 36, , 4,27.67,-79
2025/5/1, 29, , 38, , 4,23.67,-80
2025/1/2, 27, , 32, , 2,20.33,-81
2025/1/3, 20, , 24, 1, 3,12.00,-82
2025/1/4, 18, , 30, , 4,17.33,-83
2025/1/5, 17, , 33, , 4,18.00,-84
2025/1/6, 15, , 43, 3, 5,16.50,-85
2025/1/7, 29, , 42, 5, 8,21.00,-86
2025/1/8, 44, , 44, 2, 8,24.50,-87
2025/1/9, 35, , 39, 3, 7,21.00,-88
2025/1/10, 26, , 36, 2, 7,17.75,-89
2025/1/11, 32, , 56, 4, 8,25.00,-90
2025/1/12, 45, , 69, 4, 8,31.50,-91
2025/1/13, 38, , 43, 4, 8,23.25,-92
2025/1/14, 35, , 45, 6, 5,22.75,-93
2025/1/15, 36, , 50, 6, 2,23.50,-94
2025/1/16, 31, , 36, 3, 2,18.00,-95
2025/1/17, 22, , 40, 5, 4,17.75,-96
2025/1/18, 24, , 50, 7, 3,21.00,-97
2025/1/19, 31, , 58, 3, 3,23.75,-98
2025/1/20, 21, , 50, 3, 6,20.00,-99
2025/1/21, 32, , 70, 7, 5,28.50,-100
2025/1/22, 45, , 59, 5, 6,28.75,-101
2025/1/23, 40, , 72, 10, 8,32.50,-102
2025/1/24, 50, , 44, 8, 8,27.50,-103
2025/1/25, 53, , 42, 7, 7,27.25,-104
2025/1/26, 43, , 36, 4, 6,22.25,-105
2025/1/27, 36, , 34, 2, 7,19.75,-106
2025/1/28, 32, , 38, 3, 5,19.50,-107
2025/1/29, 29, , 37, 4, 5,18.75,-108
2025/1/30, 32, , 32, 6, 8,19.50,-109
2025/1/31, 37, , 57, 22, 7,30.75,-110
2025/2/1, 65, , , , ,65.00,-111
2025/2/4, 33, , 40, 1, 4,19.50,-112
2025/2/5, 23, , 18, 4, 6,12.75,-113
2025/2/6, 37, , , 9, 7,17.67,-114
2025/2/7, 32, , , 7, 8,15.67,-115
2025/2/8, 43, , , 2, 6,17.00,-116
2025/2/9, 30, , , 1, 6,12.33,-117
2025/2/10, 17, , , 1, 8,8.67,-118
2025/2/11, 22, , , 1, 10,11.00,-119
2025/2/12, 18, , , 2, 8,9.33,-120
2025/2/13, 28, , , 1, 7,12.00,-121
2025/2/14, 9, , , , ,9.00,-122
2025/2/16, 16, , 34, 1, 2,13.25,-123
2025/2/17, 13, , 23, 1, 4,10.25,-124
2025/2/18, 21, , 23, 1, 3,12.00,-125
2025/2/19, 18, , 37, 1, 3,14.75,-126
2025/2/20, 25, , 32, 1, 4,15.50,-127
2025/2/21, 23, , 34, 1, 5,15.75,-128
2025/2/22, 27, , , , ,27.00,-129
2025/2/25, 15, , 37, 2, 5,14.75,-130
2025/2/26, 32, , 25, 2, 6,16.25,-131
2025/2/27, 49, , 41, 2, 9,25.25,-132
2025/2/28, 42, , 45, 2, 7,24.00,-133
2025/3/1, 39, , 41, 1, 6,21.75,-134
2025/3/2, 18, , 45, 1, 6,17.50,-135
2025/3/3, 20, , 54, 1, 7,20.50,-136
2025/3/4, 21, , 48, 1, 8,19.50,-137
2025/3/5, 39, , 33, 2, 9,20.75,-138
2025/3/6, 23, , 39, 2, 9,18.25,-139
2025/3/7, 21, , 49, 2, 7,19.75,-140
2025/3/8, 28, , 45, 2, 3,19.50,-141
2025/3/9, 28, , 38, 2, 4,18.00,-142
2025/3/10, 24, , 47, 2, 4,19.25,-143
2025/3/11, 25, , 30, 3, 9,16.75,-144
2025/3/12, 36, , 43, 3, 8,22.50,-145
2025/3/13, 41, , 34, 2, 9,21.50,-146
2025/3/14, 37, , 36, 4, 9,21.50,-147
2025/3/15, 43, , 49, 2, 3,24.25,-148
2025/3/16, 18, , 53, 2, 4,19.25,-149
2025/3/17, 23, , 32, 1, 4,15.00,-150
2025/3/18, 21, , 42, 2, 6,17.75,-151
2025/3/19, 31, , 54, 3, 7,23.75,-152
2025/3/20, 38, , 41, 2, 5,21.50,-153
2025/3/21, 26, , 41, 3, 6,19.00,-154
2025/3/22, 37, , 30, 2, 5,18.50,-155
2025/3/23, 32, , 46, 2, 6,21.50,-156
2025/3/24, 32, , 43, 2, 7,21.00,-157
2025/3/25, 36, , 42, 4, 8,22.50,-158
2025/3/26, 40, , 39, 2, 4,21.25,-159
2025/3/27, 27, , 34, 2, 4,16.75,-160
2025/3/28, 27, , 36, 2, 4,17.25,-161
2025/3/29, 33, , 46, 2, 5,21.50,-162
2025/3/30, 30, , 34, 2, 4,17.50,-163
2025/3/31, 21, , 48, 1, 5,18.75,-164
2025/4/1, 23, , 48, 2, 5,19.50,-165
2024/10/2, 51, , 61, 13, ,41.67,-166
2024/10/3, 38, , 58, 5, ,33.67,-167
2024/10/4, 27, , 71, 8, ,35.33,-168
2024/10/5, 60, , 84, 4, ,49.33,-169
2024/10/6, 26, , 38, 2, ,22.00,-170
2024/10/7, 25, , 75, 5, ,35.00,-171
2024/10/8, 43, , 44, 4, ,30.33,-172
2024/10/9, 39, , 44, 4, ,29.00,-173
2024/10/10, 30, , 27, 3, ,20.00,-174
2024/10/11, 48, , 29, 8, ,28.33,-175
2024/10/12, 62, , 34, 8, ,34.67,-176
2024/10/13, 49, , 47, 4, ,33.33,-177
2024/10/14, 43, , 54, 3, ,33.33,-178
2024/10/15, 5, , 87, 2, 1,23.75,-179
2024/10/16, 17, , , , ,17.00,-180
2024/10/18, 31, , 91, 8, 9,34.75,-181
2024/10/19, 40, , 105, 7, 11,40.75,-182
2024/10/20, 34, , 97, 1, 10,35.50,-183
2024/10/21, 36, , 75, 3, 11,31.25,-184
2024/10/22, 33, , 71, 4, 9,29.25,-185
2024/10/23, 54, , 45, 5, 10,28.50,-186
2024/12/22, 29, , 45, 2, 4,20.00,-187
2024/12/23, 25, , 31, 2, 6,16.00,-188
2024/12/24, 27, , 32, 1, 7,16.75,-189
2024/12/25, 30, , 47, 12, 7,24.00,-190
2024/12/26, 46, , 40, 4, 6,24.00,-191
2024/12/27, 28, , 38, 2, 6,18.50,-192
2024/12/28, 24, , 38, 1, 7,17.50,-193
2024/12/29, 23, , 43, 2, 6,18.50,-194
2024/12/30, 11, , , , ,11.00,-195
2024/7/2, 41, , 31, 4, 2,19.50,-196
2024/7/3, 27, , 39, 5, 2,18.25,-197
2024/7/4, 31, , 34, 4, 1,17.50,-198
2024/7/5, 27, , 36, 4, 3,17.50,-199
2024/7/6, 23, , 32, 4, 4,15.75,-200
2024/7/7, 36, , 34, 4, 3,19.25,-201
2024/7/8, 25, , 42, 5, 4,19.00,-202
2024/7/9, 26, , 38, 5, 4,18.25,-203
2024/7/10, 38, , 33, 9, 5,21.25,-204
2024/7/11, 43, , 43, 5, 3,23.50,-205
2024/7/12, 44, , 40, 8, 4,24.00,-206
2024/7/13, 46, , 36, 8, 4,23.50,-207
2024/7/14, 34, , 36, 5, 3,19.50,-208
2024/7/15, 19, , 41, 4, 3,16.75,-209
2024/7/16, 24, , 56, 5, 3,22.00,-210
2024/7/17, 26, , 45, 5, 3,19.75,-211
2024/7/18, 27, , 31, 4, 3,16.25,-212
2024/7/19, 37, , 31, 4, 3,18.75,-213
2024/7/20, 33, , 16, 5, 5,14.75,-214
2024/7/21, 37, , 30, 4, 3,18.50,-215
2024/7/22, 29, , 29, 4, 4,16.50,-216
2024/7/23, 30, , 34, 6, 4,18.50,-217
2024/7/24, 33, , 40, 5, 3,20.25,-218
2024/7/25, 38, , 43, 6, 5,23.00,-219
2024/7/26, 48, , 28, 12, 5,23.25,-220
2024/7/27, 47, , 32, 10, 5,23.50,-221
2024/7/28, 41, , 41, 5, 3,22.50,-222
2024/7/29, 26, , 34, 6, 3,17.25,-223
2024/7/30, 26, , 41, 7, 4,19.50,-224
2024/7/31, 30, , 49, 5, 3,21.75,-225
2024/8/1, 29, , 38, 6, 5,19.50,-226
2024/8/2, 44, , 51, 9, 4,27.00,-227
2024/8/3, 47, , 60, 11, 4,30.50,-228
2024/8/4, 53, , 52, 9, 3,29.25,-229
2024/8/5, 44, , 44, 10, 3,25.25,-230
2024/8/6, 44, , 40, 7, 3,23.50,-231
2024/8/7, 32, , 49, 4, 4,22.25,-232
2024/8/8, 39, , 46, 5, 4,23.50,-233
2024/8/9, 46, , 30, 11, 6,23.25,-234
2024/8/10, 63, , 28, 12, 6,27.25,-235
2024/8/11, 52, , 48, 11, 2,28.25,-236
2024/8/12, 42, , 39, 12, 3,24.00,-237
2024/8/13, 37, , 50, 7, 4,24.50,-238
2024/8/14, 32, , 49, 9, 5,23.75,-239
2024/8/15, 43, , 45, 9, 5,25.50,-240
2024/8/16, 38, , 53, 15, 5,27.75,-241
2024/8/17, 36, , 51, 4, 5,24.00,-242
2024/8/18, 37, , 66, 3, 3,27.25,-243
2024/8/19, 26, , 37, 3, 3,17.25,-244
2024/8/20, 35, , 56, 9, 5,26.25,-245
2024/8/21, 43, , 56, 11, 5,28.75,-246
2024/8/22, 45, , 49, 13, 5,28.00,-247
2024/8/23, 51, , 52, 10, 4,29.25,-248
2024/8/24, 46, , 46, 3, 3,24.50,-249
2024/8/25, 38, , 56, 4, 3,25.25,-250
2024/8/26, 32, , 65, 4, 4,26.25,-251
2024/8/27, 40, , 53, 3, 5,25.25,-252
2024/8/28, 35, , 63, 8, 4,27.50,-253
2024/8/29, 37, , 68, 4, 5,28.50,-254
2024/8/30, 43, , 61, 6, 6,29.00,-255
2024/8/31, 45, , 102, 2, 5,38.50,-256
2024/9/1, 54, , 82, 2, 6,36.00,-257
2024/9/2, 65, , 85, 3, 6,39.75,-258
2024/9/3, 53, , 78, 3, 7,35.25,-259
2024/9/4, 59, , 54, 9, 8,32.50,-260
2024/9/5, 91, , 58, 2, 7,39.50,-261
2024/9/6, 70, , 69, 5, 6,37.50,-262
2024/9/7, 51, , 80, 4, 7,35.50,-263
2024/9/8, 63, , 68, 5, 6,35.50,-264
2024/9/9, 59, , 53, 3, 4,29.75,-265
2024/9/10, 40, , 80, 2, 6,32.00,-266
2024/9/12, 56, , 71, 6, 6,34.75,-267
2024/9/13, 54, , 73, 3, 6,34.00,-268
2024/9/14, 58, , 80, 4, 6,37.00,-269
2024/9/15, 48, , 55, 4, 5,28.00,-270
2024/9/16, 38, , 49, 7, 7,25.25,-271
2024/9/17, 48, , 77, 4, 7,34.00,-272
2024/9/18, 40, , 76, 3, 6,31.25,-273
2024/9/19, 41, , 70, 3, 7,30.25,-274
2024/9/20, 42, , 80, 3, 6,32.75,-275
2024/9/21, 58, , 76, 11, 5,37.50,-276
2024/9/22, 62, , 60, 1, 5,32.00,-277
2024/9/23, 49, , 71, 7, 6,33.25,-278
2024/9/24, 41, , 58, 5, 7,27.75,-279
2024/9/25, 41, , 71, 8, 5,31.25,-280
2024/9/26, 58, , 78, 10, 5,37.75,-281
2024/9/27, 64, , 74, 12, 7,39.25,-282
2024/9/28, 67, , 39, 4, 8,29.50,-283
2024/9/29, 16, , 87, 6, 6,28.75,-284
2024/9/30, 23, , 56, 9, ,29.33,-285
2024/10/1, 22, , 54, 11, ,29.00,-286
2024/4/2, 37, , 28, 5, 6,19.00,-287
2024/4/3, 28, , 35, 8, 5,19.00,-288
2024/4/4, 33, , 32, 5, 4,18.50,-289
2024/4/5, 34, , 38, 2, 5,19.75,-290
2024/4/6, 35, , 33, 10, 5,20.75,-291
2024/4/7, 39, , 37, 5, 5,21.50,-292
2024/4/8, 37, , 40, 5, 5,21.75,-293
2024/4/9, 38, , 38, 7, 5,22.00,-294
2024/4/10, 45, , 46, 8, 7,26.50,-295
2024/4/11, 60, , 49, 12, 6,31.75,-296
2024/4/12, 63, , 59, 9, 6,34.25,-297
2024/4/13, 57, , 72, 17, 6,38.00,-298
2024/4/14, 66, , 63, 11, 5,36.25,-299
2024/4/15, 52, , 58, 10, 4,31.00,-300
2024/4/16, 36, , 68, 5, 4,28.25,-301
2024/4/17, 9, , 27, 5, 6,11.75,-302
2024/4/18, 25, , 27, 16, 6,18.50,-303
2024/4/19, 55, , 2, 10, ,22.33,-304
2024/4/20, 8, , 23, 13, ,14.67,-305
2024/4/21, 54, , 45, 3, ,34.00,-306
2024/4/22, 25, , 19, 10, ,18.00,-307
2024/4/23, 20, , 28, 10, ,19.33,-308
2024/4/24, 23, , 24, 9, ,18.67,-309
2024/4/25, 48, , 28, 14, ,30.00,-310
2024/4/26, 51, , 34, 7, 9,25.25,-311
2024/4/27, 46, , 29, 6, 4,21.25,-312
2024/4/28, 47, , 37, 5, 3,23.00,-313
2024/4/29, 25, , 29, 5, 4,15.75,-314
2024/4/30, 27, , 30, 7, 4,17.00,-315
2024/5/1, 51, , 39, 10, 3,25.75,-316
2024/5/2, 39, , 38, 7, 3,21.75,-317
2024/5/3, 42, , 34, 3, 1,20.00,-318
2024/5/4, 16, , 31, 4, 1,13.00,-319
2024/5/5, 25, , 10, 9, 6,12.50,-320
2024/5/6, 36, , 27, 20, 5,22.00,-321
2024/5/7, 48, , 29, 7, 3,21.75,-322
2024/5/8, 34, , 16, 7, 7,16.00,-323
2024/5/9, 40, , 33, 12, 7,23.00,-324
2024/5/10, 59, , 37, 11, 5,28.00,-325
2024/5/11, 44, , 22, 12, 8,21.50,-326
2024/5/12, 60, , 47, 10, 5,30.50,-327
2024/5/13, 48, , 23, 13, 3,21.75,-328
2024/5/14, 54, , 24, 14, 2,23.50,-329
2024/5/15, 50, , 28, 10, 2,22.50,-330
2024/5/16, 37, , 32, 5, 1,18.75,-331
2024/5/17, 24, , 33, 7, 1,16.25,-332
2024/5/18, 30, , 23, 7, 1,15.25,-333
2024/5/19, 37, , 23, 6, 1,16.75,-334
2024/5/20, 28, , 23, 5, 2,14.50,-335
2024/5/21, 31, , 27, 4, 2,16.00,-336
2024/5/22, 29, , 23, 5, 3,15.00,-337
2024/5/23, 33, , 29, 2, 2,16.50,-338
2024/5/24, 20, , 32, 4, 2,14.50,-339
2024/5/25, 34, , 30, 6, 3,18.25,-340
2024/5/26, 34, , 37, 9, 3,20.75,-341
2024/5/27, 65, , 35, 4, 4,27.00,-342
2024/5/28, 41, , 29, 3, 3,19.00,-343
2024/5/29, 25, , 28, 3, 3,14.75,-344
2024/5/30, 32, , 39, 3, 2,19.00,-345
2024/5/31, 26, , 23, 4, 7,15.00,-346
2024/6/1, 31, , 28, 5, ,21.33,-347
2024/6/2, 51, , 49, 5, ,35.00,-348
2024/6/3, 28, , 24, 6, 1,14.75,-349
2024/6/4, 30, , 30, 5, 1,16.50,-350
2024/6/5, 31, , 33, 3, ,22.33,-351
2024/6/6, 19, , 28, 3, 1,12.75,-352
2024/6/7, 21, , 32, 4, ,19.00,-353
2024/6/8, 29, , 34, 4, ,22.33,-354
2024/6/9, 28, , 40, 3, ,23.67,-355
2024/6/10, 27, , 38, 3, ,22.67,-356
2024/6/11, 20, , 29, 4, 1,13.50,-357
2024/6/12, 29, , 33, 4, 1,16.75,-358
2024/6/13, 35, , 26, 3, ,21.33,-359
2024/6/14, 24, , 33, 3, ,20.00,-360
2024/6/15, 25, , 34, 3, ,20.67,-361
2024/6/16, 18, , 37, 3, 1,14.75,-362
2024/6/17, 26, , 28, 6, 2,15.50,-363
2024/6/18, 35, , 60, 7, 1,25.75,-364
2024/6/19, 47, , 57, 5, 3,28.00,-365
2024/6/20, 41, , 34, 5, 3,20.75,-366
2024/6/21, 45, , 36, 4, 2,21.75,-367
2024/6/22, 22, , 47, 8, 2,19.75,-368
2024/6/25, 32, , 37, 4, 2,18.75,-369
2024/6/26, 30, , 42, 4, 2,19.50,-370
2024/6/27, 40, , 43, 3, 1,21.75,-371
2024/6/28, 32, , 47, 5, 2,21.50,-372
2024/6/29, 48, , 46, 5, 2,25.25,-373
2024/6/30, 39, , 36, 4, 2,20.25,-374
2024/7/1, 37, , 45, 4, 2,22.00,-375
2024/1/2, 83, , 35, 2, 5,31.25,-376
2024/1/3, 47, , 22, 9, 5,20.75,-377
2024/1/4, 42, , 33, 3, 4,20.50,-378
2024/1/5, 22, , 48, 1, 3,18.50,-379
2024/1/6, 24, , 52, 3, 4,20.75,-380
2024/1/7, 49, , 37, 3, 5,23.50,-381
2024/1/8, 43, , 38, 1, 4,21.50,-382
2024/1/9, 46, , 38, 2, 4,22.50,-383
2024/1/10, 35, , 38, , 2,25.00,-384
2024/1/11, 21, , 40, 9, 3,18.25,-385
2024/1/12, 41, , 37, 2, 2,20.50,-386
2024/1/13, 25, , 77, 4, 2,27.00,-387
2024/1/14, 22, , 52, 3, 2,19.75,-388
2024/1/15, 30, , 35, 13, 4,20.50,-389
2024/1/16, 44, , 34, 1, 3,20.50,-390
2024/1/17, 33, , 35, 1, 4,18.25,-391
2024/1/18, 29, , 33, 3, 6,17.75,-392
2024/1/19, 41, , 33, 3, 4,20.25,-393
2024/1/20, 35, , 40, 2, 4,20.25,-394
2024/1/21, 34, , 36, 1, 4,18.75,-395
2024/1/22, 27, , 30, 3, 5,16.25,-396
2024/1/23, 35, , 37, 3, 5,20.00,-397
2024/1/24, 29, , 64, 3, 5,25.25,-398
2024/1/25, 45, , 76, 4, 4,32.25,-399
2024/1/26, 41, , 74, 3, 3,30.25,-400
2024/1/27, 50, , 67, 4, 3,31.00,-401
2024/1/28, 48, , 68, 4, 3,30.75,-402
2024/1/29, 52, , 66, 8, 4,32.50,-403
2024/1/30, 54, , 69, 6, 3,33.00,-404
2024/1/31, 50, , 65, 8, 4,31.75,-405
2024/2/1, 55, , 55, 5, 4,29.75,-406
2024/2/2, 41, , 47, 2, 4,23.50,-407
2024/2/3, 30, , 52, 4, 4,22.50,-408
2024/2/4, 30, , 57, 4, 4,23.75,-409
2024/2/5, 26, , 37, 4, 6,18.25,-410
2024/2/6, 30, , 55, 3, 5,23.25,-411
2024/2/7, 40, , 41, 4, 7,23.00,-412
2024/2/8, 52, , 49, 11, 6,29.50,-413
2024/2/9, 47, , 40, 4, 5,24.00,-414
2024/2/10, 43, , 34, 3, 6,21.50,-415
2024/2/11, 38, , 41, 3, 4,21.50,-416
2024/2/12, 30, , 39, 1, 3,18.25,-417
2024/2/13, 15, , 47, 1, 3,16.50,-418
2024/2/14, 23, , 34, 1, 5,15.75,-419
2024/2/15, 31, , 31, 2, 6,17.50,-420
2024/2/16, 25, , 29, 2, 6,15.50,-421
2024/2/17, 40, , 33, 1, 4,19.50,-422
2024/2/18, 26, , 56, 2, 4,22.00,-423
2024/2/19, 36, , 45, 2, 5,22.00,-424
2024/2/20, 39, , 23, 1, 5,17.00,-425
2024/2/21, 19, , 31, 1, 5,14.00,-426
2024/2/22, 23, , 40, 3, 3,17.25,-427
2024/2/23, 38, , 42, 3, 1,21.00,-428
2024/2/24, 32, , 38, 2, ,24.00,-429
2024/2/25, 27, , 45, 2, ,24.67,-430
2024/2/26, 25, , 52, 8, ,28.33,-431
2024/2/27, 38, , 46, 12, 9,26.25,-432
2024/2/28, 49, , 68, 19, 7,35.75,-433
2024/2/29, 62, , 65, 6, 4,34.25,-434
2024/3/1, 35, , 52, 3, 4,23.50,-435
2024/3/2, 28, , 45, 1, 2,19.00,-436
2024/3/3, 16, , 47, 1, 2,16.50,-437
2024/3/4, 18, , 47, 3, 3,17.75,-438
2024/3/5, 27, , 55, 3, 3,22.00,-439
2024/3/6, 41, , 61, 2, 3,26.75,-440
2024/3/7, 41, , 50, 2, 3,24.00,-441
2024/3/8, 33, , 50, 5, 4,23.00,-442
2024/3/9, 53, , 45, 7, 4,27.25,-443
2024/3/10, 44, , 37, 6, 3,22.50,-444
2024/3/11, 44, , 32, 6, 2,21.00,-445
2024/3/12, 30, , 30, 3, 3,16.50,-446
2024/3/13, 34, , 39, 3, 5,20.25,-447
2024/3/14, 32, , 35, 4, 5,19.00,-448
2024/3/15, 36, , 31, 4, 6,19.25,-449
2024/3/16, 47, , 38, 5, 7,24.25,-450
2024/3/17, 42, , 40, 9, 5,24.00,-451
2024/3/18, 41, , 43, 10, 5,24.75,-452
2024/3/19, 46, , 39, 5, 5,23.75,-453
2024/3/20, 52, , 41, 9, 5,26.75,-454
2024/3/21, 51, , 60, 3, 5,29.75,-455
2024/3/22, 31, , 40, 4, 5,20.00,-456
2024/3/23, 41, , 51, 11, 7,27.50,-457
2024/3/24, 51, , 51, 14, 6,30.50,-458
2024/3/25, 51, , 38, 8, 6,25.75,-459
2024/3/26, 44, , 43, 11, 6,26.00,-460
2024/3/27, 40, , 42, 5, 7,23.50,-461
2024/3/28, 40, , 43, 13, 8,26.00,-462
2024/3/29, 57, , 39, 6, 6,27.00,-463
2024/3/30, 42, , 50, 5, 5,25.50,-464
2024/3/31, 41, , 48, 8, 5,25.50,-465
2024/4/1, 35, , 46, 13, 7,25.25,-466
2023/10/2, 38, , 71, 11, 4,31.00,-467
2023/10/3, 43, , 76, 7, 4,32.50,-468
2023/10/4, 41, , 81, 7, 4,33.25,-469
2023/10/5, 46, , , , ,46.00,-470
2023/10/9, 43, , 68, 8, 7,31.50,-471
2023/10/10, 55, , 57, 7, 7,31.50,-472
2023/10/11, 57, , 49, 12, 9,31.75,-473
2023/10/12, 61, , 54, 10, 10,33.75,-474
2023/10/13, 60, , 68, 10, 6,36.00,-475
2023/10/14, 51, , 33, 10, 6,25.00,-476
2023/10/15, 32, , 58, 13, 6,27.25,-477
2023/10/16, 42, , 65, 8, 5,30.00,-478
2023/10/17, 37, , 77, 26, 7,36.75,-479
2023/10/18, 58, , 55, 13, 6,33.00,-480
2023/10/19, 48, , 61, 7, 5,30.25,-481
2023/10/20, 40, , 49, 11, 5,26.25,-482
2023/10/21, 46, , 68, 3, 4,30.25,-483
2023/10/22, 43, , 89, 5, 5,35.50,-484
2023/10/23, 48, , 47, 9, 6,27.50,-485
2023/10/24, 44, , 66, 3, 4,29.25,-486
2023/10/25, 9, , 56, 5, 6,19.00,-487
2023/10/26, 42, , 51, 3, 4,25.00,-488
2023/10/27, 22, , 49, 2, 4,19.25,-489
2023/10/28, 19, , 31, 39, 5,23.50,-490
2023/10/29, 18, , 52, 4, 5,19.75,-491
2023/10/30, 21, , 58, 28, 5,28.00,-492
2023/10/31, 28, , 47, 23, 4,25.50,-493
2023/11/1, 20, , 47, 5, 4,19.00,-494
2023/11/2, 27, , 57, 5, 4,23.25,-495
2023/11/3, 34, , 62, 6, 3,26.25,-496
2023/11/4, 32, , 49, 8, 3,23.00,-497
2023/11/5, 29, , 63, 6, 4,25.50,-498
2023/11/6, 39, , 45, 29, 5,29.50,-499
2023/11/7, 33, , 48, 34, 4,29.75,-500
2023/11/8, 37, , 67, 28, 4,34.00,-501
2023/11/9, 43, , 59, 37, 4,35.75,-502
2023/11/10, 33, , 50, 7, 5,23.75,-503
2023/11/11, 37, , 57, 3, 4,25.25,-504
2023/11/12, 31, , 59, 4, 4,24.50,-505
2023/11/13, 30, , 45, 10, 4,22.25,-506
2023/11/14, 48, , 59, 6, 4,29.25,-507
2023/11/15, 30, , 62, 4, 4,25.00,-508
2023/11/16, 25, , 59, 4, 5,23.25,-509
2023/11/17, 38, , 62, 7, 5,28.00,-510
2023/11/18, 54, , 60, 6, 5,31.25,-511
2023/11/19, 43, , 53, 5, 4,26.25,-512
2023/11/20, 32, , 45, 46, 4,31.75,-513
2023/11/21, 29, , 37, 42, 4,28.00,-514
2023/11/22, 19, , 48, 4, 3,18.50,-515
2023/11/23, 18, , 56, 6, 5,21.25,-516
2023/11/24, 30, , 38, 82, 5,38.75,-517
2023/11/25, 28, , 53, 3, 4,22.00,-518
2023/11/26, 31, , 45, 9, 5,22.50,-519
2023/11/27, 37, , 37, 74, 6,38.50,-520
2023/11/28, 41, , 36, 23, 5,26.25,-521
2023/11/29, 56, , 44, 120, 4,56.00,-522
2023/11/30, 53, , 47, 39, 4,35.75,-523
2023/12/1, 59, , 50, 9, 6,31.00,-524
2023/12/2, 46, , 61, 15, 6,32.00,-525
2023/12/3, 46, , 66, 7, 4,30.75,-526
2023/12/4, 41, , 43, 12, 5,25.25,-527
2023/12/5, 38, , 32, 39, 6,28.75,-528
2023/12/6, 51, , 42, , 4,32.33,-529
2023/12/7, 56, , 43, 5, 4,27.00,-530
2023/12/8, 26, , 32, 8, 5,17.75,-531
2023/12/9, 30, , 38, 10, 5,20.75,-532
2023/12/10, 34, , 32, 6, 4,19.00,-533
2023/12/11, 38, , 39, 10, 5,23.00,-534
2023/12/12, 45, , 29, 18, 6,24.50,-535
2023/12/13, 76, , 36, 1, 5,29.50,-536
2023/12/14, 62, , 36, 7, 5,27.50,-537
2023/12/15, 36, , 23, 1, 6,16.50,-538
2023/12/16, 22, , 35, , 5,20.67,-539
2023/12/17, 23, , 24, 5, 5,14.25,-540
2023/12/18, 20, , 34, 1, 6,15.25,-541
2023/12/19, 28, , 41, 2, 6,19.25,-542
2023/12/20, 27, , 37, 2, 5,17.75,-543
2023/12/21, 28, , 44, 9, 5,21.50,-544
2023/12/22, 38, , 58, 5, 4,26.25,-545
2023/12/23, 47, , 38, 5, 4,23.50,-546
2023/12/24, 38, , 53, 5, 4,25.00,-547
2023/12/25, 43, , 48, 1, 3,23.75,-548
2023/12/26, 36, , 39, , 3,26.00,-549
2023/12/27, 23, , 31, 1, 3,14.50,-550
2023/12/28, 22, , 33, , 3,19.33,-551
2023/12/29, 18, , 41, , 3,20.67,-552
2023/12/30, 19, , 37, , 3,19.67,-553
2023/12/31, 18, , 37, 2, 5,15.50,-554
2024/1/1, 33, , 43, 3, 7,21.50,-555
2023/7/2, 42, , 58, 1, 3,26.00,-556
2023/7/3, 41, , 43, , 2,28.67,-557
2023/7/4, 32, , 44, 1, 2,19.75,-558
2023/7/5, 28, , 44, 2, 3,19.25,-559
2023/7/6, 35, , 45, 2, 2,21.00,-560
2023/7/7, 22, , 38, 5, 2,16.75,-561
2023/7/8, 26, , 43, 7, 2,19.50,-562
2023/7/9, 20, , 33, 11, 3,16.75,-563
2023/7/10, 32, , 33, 9, 4,19.50,-564
2023/7/11, 30, , 34, 3, 4,17.75,-565
2023/7/12, 32, , 39, 3, 4,19.50,-566
2023/7/13, 31, , 43, 3, 4,20.25,-567
2023/7/14, 36, , 35, 2, 3,19.00,-568
2023/7/15, 34, , 33, 1, 4,18.00,-569
2023/7/16, 32, , 37, 2, 4,18.75,-570
2023/7/17, 35, , 31, 2, 4,18.00,-571
2023/7/18, 40, , 46, 2, 4,23.00,-572
2023/7/19, 26, , 40, 1, 2,17.25,-573
2023/7/20, 18, , 38, 1, 2,14.75,-574
2023/7/21, 14, , 35, 2, 3,13.50,-575
2023/7/22, 21, , 26, 3, 5,13.75,-576
2023/7/23, 22, , , , ,22.00,-577
2023/7/25, 31, , 43, 2, 4,20.00,-578
2023/7/26, 37, , 52, 3, 6,24.50,-579
2023/7/27, 48, , 52, 3, 6,27.25,-580
2023/7/28, 56, , 23, 12, 7,24.50,-581
2023/7/29, 43, , 31, 3, 5,20.50,-582
2023/7/30, 30, , 34, 2, 5,17.75,-583
2023/7/31, 24, , 35, 2, 4,16.25,-584
2023/8/1, 30, , 38, 2, 4,18.50,-585
2023/8/2, 25, , 44, 3, 5,19.25,-586
2023/8/3, 32, , 55, 3, 5,23.75,-587
2023/8/4, 33, , 50, 3, 6,23.00,-588
2023/8/5, 36, , 42, 3, 6,21.75,-589
2023/8/6, 31, , 42, 2, 5,20.00,-590
2023/8/7, 35, , 38, 3, 5,20.25,-591
2023/8/8, 37, , 30, 3, 4,18.50,-592
2023/8/9, 26, , 38, 4, 7,18.75,-593
2023/8/10, 39, , 61, 3, 5,27.00,-594
2023/8/11, 43, , 48, 3, 5,24.75,-595
2023/8/12, 46, , 45, 3, 5,24.75,-596
2023/8/13, 45, , 51, 2, 5,25.75,-597
2023/8/14, 46, , 51, 2, 5,26.00,-598
2023/8/15, 41, , 46, 1, 4,23.00,-599
2023/8/16, 30, , 65, 2, 5,25.50,-600
2023/8/17, 44, , 50, 2, 5,25.25,-601
2023/8/18, 47, , 64, 3, 5,29.75,-602
2023/8/19, 44, , 64, 3, 6,29.25,-603
2023/8/20, 57, , 53, 1, 5,29.00,-604
2023/8/21, 28, , 49, 1, 4,20.50,-605
2023/8/22, 26, , 42, 2, 5,18.75,-606
2023/8/23, 35, , 65, 3, 6,27.25,-607
2023/8/24, 46, , 49, 3, 6,26.00,-608
2023/8/25, 42, , 44, 5, 7,24.50,-609
2023/8/26, 41, , 80, 4, 9,33.50,-610
2023/8/27, 48, , 70, 2, 6,31.50,-611
2023/8/28, 45, , 44, 1, 5,23.75,-612
2023/8/29, 31, , 54, 4, 6,23.75,-613
2023/8/30, 37, , 66, 5, 6,28.50,-614
2023/8/31, 43, , 57, 5, 6,27.75,-615
2023/9/1, 41, , 54, 3, 7,26.25,-616
2023/9/2, 46, , 69, 7, 7,32.25,-617
2023/9/3, 50, , 60, 8, 6,31.00,-618
2023/9/4, 49, , 56, 4, 5,28.50,-619
2023/9/5, 35, , 63, 4, 2,26.00,-620
2023/9/6, 25, , 86, 17, 4,33.00,-621
2023/9/7, 38, , 80, 9, 4,32.75,-622
2023/9/8, 43, , 82, 7, 4,34.00,-623
2023/9/9, 52, , 48, 11, 5,29.00,-624
2023/9/10, 57, , 49, 10, 5,30.25,-625
2023/9/11, 46, , 70, 3, 4,30.75,-626
2023/9/12, 39, , 52, 9, 5,26.25,-627
2023/9/13, 50, , 56, 6, 4,29.00,-628
2023/9/14, 47, , 49, 6, 4,26.50,-629
2023/9/15, 49, , 51, 6, 4,27.50,-630
2023/9/16, 35, , 81, 5, 4,31.25,-631
2023/9/17, 35, , 80, 6, 3,31.00,-632
2023/9/18, 38, , 66, 8, 4,29.00,-633
2023/9/19, 43, , 61, 12, 4,30.00,-634
2023/9/20, 40, , 62, 11, 4,29.25,-635
2023/9/21, 42, , 61, 10, 6,29.75,-636
2023/9/22, 51, , 87, 8, 5,37.75,-637
2023/9/23, 69, , 79, 9, 5,40.50,-638
2023/9/24, 63, , 63, 6, 5,34.25,-639
2023/9/25, 46, , 68, 8, 7,32.25,-640
2023/9/26, 47, , 70, 19, 6,35.50,-641
2023/9/27, 54, , 72, 10, 7,35.75,-642
2023/9/28, 54, , 84, 19, 7,41.00,-643
2023/9/29, 64, , 66, 12, 6,37.00,-644
2023/9/30, 52, , 49, 7, 5,28.25,-645
2023/10/1, 41, , 74, 6, 4,31.25,-646
2023/4/2, 45, , 39, , 4,29.33,-647
2023/4/3, 32, , 34, , 4,23.33,-648
2023/4/4, 28, , 25, , 6,19.67,-649
2023/4/5, 35, , , , 5,20.00,-650
2023/4/6, 37, , 22, , 4,21.00,-651
2023/4/7, 25, , 34, , 3,20.67,-652
2023/4/8, 19, , 18, , 6,14.33,-653
2023/4/9, 33, , 36, 1, 6,19.00,-654
2023/4/10, 39, , 33, 1, 5,19.50,-655
2023/4/11, 33, , 34, 1, 4,18.00,-656
2023/4/12, 39, , 32, , 3,24.67,-657
2023/4/13, 38, , 27, , 3,22.67,-658
2023/4/14, 37, , 39, , 3,26.33,-659
2023/4/15, 37, , 31, , 2,23.33,-660
2023/4/16, 34, , 24, , 3,20.33,-661
2023/4/17, 29, , 23, , 5,19.00,-662
2023/4/18, 30, , 29, 1, 4,16.00,-663
2023/4/19, 32, , 32, 1, 3,17.00,-664
2023/4/20, 29, , 26, 2, 3,15.00,-665
2023/4/21, 34, , 38, , 4,25.33,-666
2023/4/22, 30, , 42, 1, 3,19.00,-667
2023/4/23, 33, , 20, 1, 5,14.75,-668
2023/4/24, 28, , 69, 1, 4,25.50,-669
2023/4/25, 33, , 50, 1, 3,21.75,-670
2023/4/26, 34, , 37, 2, 5,19.50,-671
2023/4/27, 33, , 44, 3, 5,21.25,-672
2023/4/28, 42, , 48, , 3,31.00,-673
2023/4/29, 33, , 42, , 3,26.00,-674
2023/4/30, 33, , 40, , 2,25.00,-675
2023/5/1, 22, , 29, , 2,17.67,-676
2023/5/2, 22, , 27, 2, 4,13.75,-677
2023/5/3, 32, , 36, 2, 5,18.75,-678
2023/5/4, 37, , 28, 2, 5,18.00,-679
2023/5/5, 36, , 31, 2, 6,18.75,-680
2023/5/6, 35, , 36, 10, 6,21.75,-681
2023/5/7, 47, , 45, 4, 4,25.00,-682
2023/5/8, 41, , 46, 1, 5,23.25,-683
2023/5/9, 37, , 35, 3, 6,20.25,-684
2023/5/10, 49, , 37, 1, 4,22.75,-685
2023/5/11, 45, , 2, 1, 5,13.25,-686
2023/5/12, 39, , 42, 2, 9,23.00,-687
2023/5/13, 60, , 32, 1, 6,24.75,-688
2023/5/14, 39, , 25, , 4,22.67,-689
2023/5/15, 25, , 35, 1, 4,16.25,-690
2023/5/16, 31, , 40, 1, 3,18.75,-691
2023/5/17, 26, , 41, 1, 4,18.00,-692
2023/5/18, 43, , 39, 1, 4,21.75,-693
2023/5/19, 41, , 45, 2, 5,23.25,-694
2023/5/20, 45, , 32, , 4,27.00,-695
2023/5/21, 36, , 45, 2, 3,21.50,-696
2023/5/22, 27, , 39, , 3,23.00,-697
2023/5/23, 23, , 26, , 5,18.00,-698
2023/5/24, 28, , 53, 1, 5,21.75,-699
2023/5/25, 48, , 40, 1, 3,23.00,-700
2023/5/26, 23, , 45, 1, 4,18.25,-701
2023/5/27, 31, , 39, , 5,25.00,-702
2023/5/28, 45, , 36, 1, 4,21.50,-703
2023/5/29, 31, , 43, , 3,25.67,-704
2023/5/30, 25, , 41, , 3,23.00,-705
2023/5/31, 30, , 29, 1, 5,16.25,-706
2023/6/1, 38, , 35, 2, 5,20.00,-707
2023/6/2, 41, , 34, , 5,26.67,-708
2023/6/3, 34, , 37, 1, 6,19.50,-709
2023/6/4, 41, , 36, 1, 4,20.50,-710
2023/6/5, 34, , 24, 2, 5,16.25,-711
2023/6/6, 35, , 35, 1, 5,19.00,-712
2023/6/7, 37, , 39, , 3,26.33,-713
2023/6/8, 28, , 39, 4, 4,18.75,-714
2023/6/9, 31, , 30, 2, 4,16.75,-715
2023/6/10, 31, , 42, 1, 5,19.75,-716
2023/6/11, 45, , 42, , 5,30.67,-717
2023/6/12, 41, , 36, 2, 6,21.25,-718
2023/6/13, 37, , 41, 1, 5,21.00,-719
2023/6/14, 34, , 29, 3, 5,17.75,-720
2023/6/15, 38, , 25, , 4,22.33,-721
2023/6/16, 35, , 26, , 5,22.00,-722
2023/6/17, 32, , 27, 1, 5,16.25,-723
2023/6/18, 28, , 35, 2, 4,17.25,-724
2023/6/19, 18, , 44, 1, 6,17.25,-725
2023/6/20, 26, , 35, , 5,22.00,-726
2023/6/21, 26, , 23, 1, 5,13.75,-727
2023/6/22, 29, , 30, 1, 5,16.25,-728
2023/6/23, 35, , 42, 1, 5,20.75,-729
2023/6/24, 42, , 45, , 5,30.67,-730
2023/6/25, 43, , 47, , 4,31.33,-731
2023/6/26, 34, , 36, 1, 4,18.75,-732
2023/6/27, 37, , 37, 1, 2,19.25,-733
2023/6/28, 39, , 38, 1, 4,20.50,-734
2023/6/29, 46, , 28, 2, 4,20.00,-735
2023/6/30, 27, , 29, 1, 3,15.00,-736
2023/7/1, 22, , 37, 2, 5,16.50,-737
2023/3/8, 24, , 28, 4, 7,15.75,-738
2023/3/9, 43, , 19, 3, 6,17.75,-739
2023/3/10, 27, , 29, 2, 5,15.75,-740
2023/3/11, 26, , 17, 2, 3,12.00,-741
2023/3/12, 19, , 32, 3, 5,14.75,-742
2023/3/13, 43, , 27, 3, 6,19.75,-743
2023/3/14, 35, , 17, 3, 5,15.00,-744
2023/3/15, 28, , 26, 3, 5,15.50,-745
2023/3/16, 39, , 22, 3, 5,17.25,-746
2023/3/17, 40, , , , ,40.00,-747
2023/3/19, 45, , 24, 4, 4,19.25,-748
2023/3/20, 35, , 28, 3, 5,17.75,-749
2023/3/21, 43, , 30, 1, 5,19.75,-750
2023/3/22, 38, , 43, 1, 4,21.50,-751
2023/3/23, 37, , 39, , 3,26.33,-752
2023/3/24, 20, , 21, , 4,15.00,-753
2023/3/25, 19, , 34, , 3,18.67,-754
2023/3/26, 19, , 47, , 3,23.00,-755
2023/3/27, 35, , 40, , 4,26.33,-756
2023/3/28, 32, , 40, 1, 5,19.50,-757
2023/3/29, 45, , 37, , 4,28.67,-758
2023/3/30, 41, , 45, , 4,30.00,-759
2023/3/31, 40, , 20, , 7,22.33,-760
2023/4/1, 46, , 44, 1, 8,24.75,-761
2022/4/2, 38, , 43, 4, 4,22.25,-762
2022/4/3, 44, , 48, 4, 4,25.00,-763
2022/4/4, 47, , 39, 6, 3,23.75,-764
2022/4/5, 48, , 33, 3, 4,22.00,-765
2022/4/6, 42, , 36, 3, 4,21.25,-766
2022/4/7, 47, , 42, 2, 5,24.00,-767
2022/4/8, 48, , 35, 4, 3,22.50,-768
2022/4/9, 48, , 33, 3, 2,21.50,-769
2022/4/10, 37, , 38, 3, 2,20.00,-770
2022/4/11, 34, , 27, 3, 2,16.50,-771
2022/4/12, 32, , 36, 3, 3,18.50,-772
2022/4/13, 37, , , 3, 3,14.33,-773
2022/4/14, 49, , , , ,49.00,-774
2022/4/29, 47, , 34, 5, 9,23.75,-775
2022/4/30, 60, , 26, 4, 6,24.00,-776
2022/5/1, 39, , 41, 4, 4,22.00,-777
2022/5/2, 47, , 39, 4, 4,23.50,-778
2022/5/3, 52, , 45, 5, 5,26.75,-779
2022/5/4, 59, , 39, 4, 5,26.75,-780
2022/5/5, 56, , 19, 3, 3,20.25,-781
2022/5/6, 24, , , , ,24.00,-782
2022/1/4, 42, , 53, 4, ,33.00,-783
2022/1/5, 44, , 28, 2, ,24.67,-784
2022/1/6, 27, , , , ,27.00,-785
2022/2/12, 25, , 43, 2, 1,17.75,-786
2022/2/13, 27, , 47, 2, 1,19.25,-787
2022/2/14, 29, , 50, 2, 2,20.75,-788
2022/2/15, 33, , 44, 4, 1,20.50,-789
2022/2/16, 39, , 80, 4, 2,31.25,-790
2022/2/17, 52, , 75, 2, 1,32.50,-791
2022/2/18, 49, , 39, 2, 2,23.00,-792
2022/2/19, 38, , 44, 2, 1,21.25,-793
2022/2/20, 27, , 37, 2, 1,16.75,-794
2022/2/21, 20, , 49, 2, 1,18.00,-795
2022/2/22, 27, , 64, 8, 3,25.50,-796
2022/2/23, 67, , 57, 7, 3,33.50,-797
2022/2/24, 68, , 50, 2, 1,30.25,-798
2022/2/25, 24, , 38, 2, 1,16.25,-799
2022/2/26, 34, , 38, 2, 1,18.75,-800
2022/2/27, 43, , 41, 3, 1,22.00,-801
2022/2/28, 37, , 41, 3, 2,20.75,-802
2022/3/1, 39, , 37, 2, 1,19.75,-803
2022/3/2, 37, , 31, 2, 1,17.75,-804
2022/3/3, 28, , 38, 2, 1,17.25,-805
2022/3/4, 29, , 41, 4, 1,18.75,-806
2022/3/5, 34, , 36, 2, 1,18.25,-807
2022/3/6, 30, , 36, 2, 1,17.25,-808
2022/3/7, 33, , 22, 2, 2,14.75,-809
2022/3/8, 36, , 29, 3, 3,17.75,-810
2022/3/9, 38, , 43, 3, 2,21.50,-811
2022/3/10, 48, , 50, 3, 3,26.00,-812
2022/3/11, 48, , 40, 4, 4,24.00,-813
2022/3/12, 45, , 26, 4, 4,19.75,-814
2022/3/13, 36, , 48, 3, 2,22.25,-815
2022/3/14, 41, , 48, 4, 3,24.00,-816
2022/3/15, 38, , 45, 2, 2,21.75,-817
2022/3/16, 36, , 51, 3, 1,22.75,-818
2022/3/17, 39, , 36, 3, 2,20.00,-819
2022/3/18, 32, , 45, 4, 3,21.00,-820
2022/3/19, 59, , 37, 3, 2,25.25,-821
2022/3/20, 33, , 37, 3, 2,18.75,-822
2022/3/21, 32, , 35, 3, 3,18.25,-823
2022/3/22, 40, , 55, 4, 4,25.75,-824
2022/3/23, 49, , 41, 3, 3,24.00,-825
2022/3/24, 42, , 34, 3, 2,20.25,-826
2022/3/25, 29, , 34, 5, 3,17.75,-827
2022/3/26, 44, , 32, 3, 2,20.25,-828
2022/3/27, 23, , 31, 3, 3,15.00,-829
2022/3/28, 50, , 43, 3, 4,25.00,-830
2022/3/29, 52, , 36, 3, 2,23.25,-831
2022/3/30, 32, , 36, 4, 4,19.00,-832
2022/3/31, 38, , 73, 6, 4,30.25,-833
2022/4/1, 56, , 36, 3, 2,24.25,-834
2021/10/2, 64, , 53, 3, 7,31.75,-835
2021/10/3, 63, , 40, 3, 6,28.00,-836
2021/10/4, 59, , 45, 3, 5,28.00,-837
2021/10/5, 50, , 39, 2, 4,23.75,-838
2021/10/6, 46, , 37, 3, 5,22.75,-839
2021/10/7, 51, , 34, 4, 5,23.50,-840
2021/10/8, 56, , 44, 4, 4,27.00,-841
2021/10/9, 60, , 47, 1, 4,28.00,-842
2021/10/10, 46, , 39, 2, 5,23.00,-843
2021/10/11, 47, , 50, 4, 7,27.00,-844
2021/10/12, 59, , 45, 6, 7,29.25,-845
2021/10/13, 56, , 46, 4, 5,27.75,-846
2021/10/14, 51, , 42, 3, 6,25.50,-847
2021/10/15, 60, , 46, 5, 7,29.50,-848
2021/10/16, 65, , 39, 4, 6,28.50,-849
2021/10/17, 41, , 34, 2, 6,20.75,-850
2021/10/18, 45, , 47, 2, 6,25.00,-851
2021/10/19, 49, , 44, 2, 5,25.00,-852
2021/10/20, 57, , 43, 2, 5,26.75,-853
2021/10/21, 50, , 40, 2, 7,24.75,-854
2021/10/22, 39, , 49, 3, 6,24.25,-855
2021/10/23, 48, , 45, 1, 6,25.00,-856
2021/10/24, 35, , 70, 2, 6,28.25,-857
2021/10/25, 49, , 64, 3, 6,30.50,-858
2021/10/26, 50, , 44, 3, 5,25.50,-859
2021/10/27, 45, , 56, 3, 6,27.50,-860
2021/10/28, 58, , 57, 2, 4,30.25,-861
2021/10/29, 53, , 35, 2, 7,24.25,-862
2021/10/30, 57, , 53, 2, 6,29.50,-863
2021/10/31, 62, , 40, 2, 5,27.25,-864
2021/11/1, 57, , 37, 1, 4,24.75,-865
2021/11/2, 38, , 36, 1, 3,19.50,-866
2021/11/3, 25, , 47, 1, 3,19.00,-867
2021/11/4, 38, , 43, 2, 4,21.75,-868
2021/11/5, 46, , 12, 3, 4,16.25,-869
2021/11/6, 55, , 41, 2, 4,25.50,-870
2021/11/7, 51, , 38, 2, 3,23.50,-871
2021/11/8, 54, , 39, 1, 3,24.25,-872
2021/11/9, 37, , 31, 1, 3,18.00,-873
2021/11/10, 22, , 33, 2, 4,15.25,-874
2021/11/11, 35, , 42, 3, 4,21.00,-875
2021/11/12, 40, , 35, 1, 3,19.75,-876
2021/11/13, 40, , 36, 2, 3,20.25,-877
2021/11/14, 45, , 40, 2, 4,22.75,-878
2021/11/15, 43, , 34, 3, 4,21.00,-879
2021/11/16, 43, , 32, 2, 3,20.00,-880
2021/11/17, 34, , 34, 2, 4,18.50,-881
2021/11/18, 30, , 36, 1, 3,17.50,-882
2021/11/19, 23, , 27, 1, 4,13.75,-883
2021/11/20, 26, , 33, 1, 4,16.00,-884
2021/11/21, 29, , 39, 2, 4,18.50,-885
2021/11/22, 44, , 29, 2, 4,19.75,-886
2021/11/23, 35, , 31, 1, 4,17.75,-887
2021/11/24, 34, , 33, 1, 4,18.00,-888
2021/11/25, 31, , 32, 3, 5,17.75,-889
2021/11/26, 48, , 48, 2, 6,26.00,-890
2021/11/27, 53, , 48, 2, 6,27.25,-891
2021/11/28, 59, , 51, 3, 5,29.50,-892
2021/11/29, 48, , 32, 1, 3,21.00,-893
2021/11/30, 29, , 34, 2, 6,17.75,-894
2021/12/1, 45, , 37, 2, 5,22.25,-895
2021/12/2, 49, , 38, 6, 4,24.25,-896
2021/12/3, 56, , 38, 2, 4,25.00,-897
2021/12/4, 45, , 38, 3, 4,22.50,-898
2021/12/5, 42, , 38, 2, 4,21.50,-899
2021/12/6, 36, , 38, 2, 3,19.75,-900
2021/12/7, 36, , 38, 4, 5,20.75,-901
2021/12/8, 59, , 26, 1, 1,21.75,-902
2021/12/9, 39, , 30, 2, 2,18.25,-903
2021/12/10, 45, , 34, 2, 2,20.75,-904
2021/12/11, 41, , 36, 1, 2,20.00,-905
2021/12/12, 32, , 24, 1, ,19.00,-906
2021/12/13, 15, , 22, 1, 1,9.75,-907
2021/12/14, 22, , 20, 1, ,14.33,-908
2021/12/15, 25, , 28, 1, 1,13.75,-909
2021/12/16, 34, , 24, 1, 1,15.00,-910
2021/12/17, 23, , 18, 1, 1,10.75,-911
2021/12/18, 32, , 22, 1, ,18.33,-912
2021/12/19, 24, , 25, 2, ,17.00,-913
2021/12/20, 20, , 25, 3, 1,12.25,-914
2021/12/21, 36, , 26, 1, ,21.00,-915
2021/12/22, 23, , 30, 1, ,18.00,-916
2021/12/23, 25, , 37, 2, 1,16.25,-917
2021/12/24, 42, , 36, 2, 1,20.25,-918
2021/12/25, 40, , 34, 2, ,25.33,-919
2021/12/26, 38, , 38, 3, 1,20.00,-920
2021/12/27, 50, , 36, 2, 1,22.25,-921
2021/12/28, 45, , 50, 2, 1,24.50,-922
2021/12/29, 49, , 30, 2, ,27.00,-923
2021/12/30, 42, , 46, 4, 1,23.25,-924
2021/12/31, 54, , 49, 3, 1,26.75,-925
2022/1/1, 58, , 48, 3, 1,27.50,-926
2022/1/2, 70, , 52, 4, ,42.00,-927
2022/1/3, 40, , 50, 4, 1,23.75,-928
2021/7/2, 39, , 31, 1, 5,19.00,-929
2021/7/3, 47, , 32, , 4,27.67,-930
2021/7/4, 46, , 40, , 4,30.00,-931
2021/7/5, 29, , 53, 1, 5,22.00,-932
2021/7/6, 30, , 5, 2, 6,10.75,-933
2021/7/7, 38, , , , ,38.00,-934
2021/8/6, 54, , 32, 2, 6,23.50,-935
2021/8/7, 49, , 33, 1, 6,22.25,-936
2021/8/8, 59, , 44, 1, 5,27.25,-937
2021/8/9, 57, , 41, 1, 5,26.00,-938
2021/8/10, 53, , 33, 1, 6,23.25,-939
2021/8/11, 47, , 33, , 5,28.33,-940
2021/8/12, 48, , 30, 3, 5,21.50,-941
2021/8/13, 57, , 38, , 4,33.00,-942
2021/8/14, 38, , 46, 1, 6,22.75,-943
2021/8/15, 63, , 50, , 4,39.00,-944
2021/8/16, 47, , 40, , 4,30.33,-945
2021/8/17, 36, , 33, , 4,24.33,-946
2021/8/18, 40, , 39, , 4,27.67,-947
2021/8/19, 40, , 46, , 4,30.00,-948
2021/8/20, 45, , 58, 1, 5,27.25,-949
2021/8/21, 42, , 36, 1, 7,21.50,-950
2021/8/22, 69, , 35, 1, 6,27.75,-951
2021/8/23, 58, , 40, 1, 5,26.00,-952
2021/8/24, 43, , 40, 12, 5,25.00,-953
2021/8/25, 41, , 40, , 5,28.67,-954
2021/8/26, 38, , 36, 10, 5,22.25,-955
2021/8/27, 45, , 44, 1, 5,23.75,-956
2021/8/28, 51, , 38, 2, 6,24.25,-957
2021/8/29, 50, , 34, 1, 6,22.75,-958
2021/8/30, 51, , 29, 1, 8,22.25,-959
2021/8/31, 48, , 47, 1, 9,26.25,-960
2021/9/1, 51, , 41, 2, 6,25.00,-961
2021/9/2, 54, , 42, 2, 3,25.25,-962
2021/9/3, 43, , 38, 2, 4,21.75,-963
2021/9/4, 55, , 42, 2, 4,25.75,-964
2021/9/5, 47, , 44, 1, 3,23.75,-965
2021/9/6, 44, , 28, 1, 6,19.75,-966
2021/9/7, 36, , 53, 2, 6,24.25,-967
2021/9/8, 52, , 38, 3, 6,24.75,-968
2021/9/9, 58, , 40, 2, 6,26.50,-969
2021/9/10, 43, , 50, 4, 6,25.75,-970
2021/9/11, 53, , 38, 2, 4,24.25,-971
2021/9/12, 42, , 40, 1, 4,21.75,-972
2021/9/13, 36, , 42, 2, 4,21.00,-973
2021/9/14, 36, , 58, 3, 4,25.25,-974
2021/9/15, 42, , 51, 2, 5,25.00,-975
2021/9/16, 48, , 51, 2, 4,26.25,-976
2021/9/17, 37, , 53, 2, 5,24.25,-977
2021/9/18, 36, , 50, 2, 6,23.50,-978
2021/9/19, 54, , 56, 2, 5,29.25,-979
2021/9/20, 53, , 44, 2, 5,26.00,-980
2021/9/21, 46, , 55, 1, 5,26.75,-981
2021/9/22, 37, , 44, 2, 5,22.00,-982
2021/9/23, 45, , 47, 3, 6,25.25,-983
2021/9/24, 31, , 43, 2, 7,20.75,-984
2021/9/25, 47, , 61, 2, 6,29.00,-985
2021/9/26, 38, , 58, 2, 5,25.75,-986
2021/9/27, 28, , 54, 3, 6,22.75,-987
2021/9/28, 39, , 58, 2, 4,25.75,-988
2021/9/29, 53, , 50, 2, 4,27.25,-989
2021/9/30, 40, , 41, 1, 5,21.75,-990
2021/10/1, 38, , 40, 3, 7,22.00,-991
2021/4/2, 41, , 32, 2, 5,20.00,-992
2021/4/3, 30, , 30, 2, 5,16.75,-993
2021/4/4, 32, , 23, 3, 6,16.00,-994
2021/4/5, 38, , 38, 3, 6,21.25,-995
2021/4/6, 39, , 34, 3, 7,20.75,-996
2021/4/7, 50, , 38, 3, 7,24.50,-997
2021/4/8, 49, , 35, 2, 4,22.50,-998
2021/4/9, 27, , 40, 4, 2,18.25,-999
2021/4/10, 48, , 36, 3, 4,22.75,-1000
2021/4/11, 44, , 39, 3, 3,22.25,-1001
2021/4/12, 44, , 26, 4, 5,19.75,-1002
2021/4/13, 43, , 27, 4, 3,19.25,-1003
2021/4/14, 33, , 30, 3, 3,17.25,-1004
2021/4/15, 44, , 29, 2, 3,19.50,-1005
2021/4/16, 38, , 45, 4, 4,22.75,-1006
2021/4/17, 36, , 26, 3, 5,17.50,-1007
2021/4/18, 51, , 37, 4, 4,24.00,-1008
2021/4/19, 54, , 19, 3, 7,20.75,-1009
2021/4/20, 38, , 35, 4, 7,21.00,-1010
2021/4/21, 47, , 37, 2, 5,22.75,-1011
2021/4/22, 32, , 37, 3, 6,19.50,-1012
2021/4/23, 51, , 38, 4, 6,24.75,-1013
2021/4/24, 53, , 24, 2, 4,20.75,-1014
2021/4/25, 21, , 39, 3, 4,16.75,-1015
2021/4/26, 46, , 34, 2, 5,21.75,-1016
2021/4/27, 27, , 30, 3, 6,16.50,-1017
2021/4/28, 36, , 38, 12, 7,23.25,-1018
2021/4/29, 35, , 35, 3, 7,20.00,-1019
2021/4/30, 43, , 25, 3, 6,19.25,-1020
2021/5/1, 31, , 30, 2, 5,17.00,-1021
2021/5/2, 31, , 27, 2, 5,16.25,-1022
2021/5/3, 31, , 38, 2, 6,19.25,-1023
2021/5/4, 31, , 37, 3, 5,19.00,-1024
2021/5/5, 40, , 40, 3, 3,21.50,-1025
2021/5/6, 41, , 35, 3, 4,20.75,-1026
2021/5/7, 32, , 38, 3, 4,19.25,-1027
2021/5/8, 44, , 36, 4, 3,21.75,-1028
2021/5/9, 45, , 25, 2, 2,18.50,-1029
2021/5/10, 35, , 14, 3, 3,13.75,-1030
2021/5/11, 26, , 17, 4, 3,12.50,-1031
2021/5/12, 24, , 22, 3, 4,13.25,-1032
2021/5/13, 46, , 23, 3, 4,19.00,-1033
2021/5/14, 42, , 34, 3, 3,20.50,-1034
2021/5/15, 42, , 31, 2, 3,19.50,-1035
2021/5/16, 43, , 23, 2, 3,17.75,-1036
2021/5/17, 27, , 22, 2, 3,13.50,-1037
2021/5/18, 25, , 26, 3, 5,14.75,-1038
2021/5/19, 44, , 37, 3, 5,22.25,-1039
2021/5/20, 47, , 33, 3, 4,21.75,-1040
2021/5/21, 47, , 34, 5, 4,22.50,-1041
2021/5/22, 50, , 28, 12, 4,23.50,-1042
2021/5/23, 28, , 28, 2, 3,15.25,-1043
2021/5/24, 24, , 27, 2, 4,14.25,-1044
2021/5/25, 32, , 29, 2, 4,16.75,-1045
2021/5/26, 35, , 31, 3, 4,18.25,-1046
2021/5/27, 38, , 31, 2, 4,18.75,-1047
2021/5/28, 39, , 38, 4, 4,21.25,-1048
2021/5/29, 39, , 36, 3, 6,21.00,-1049
2021/5/30, 47, , 39, 4, 7,24.25,-1050
2021/5/31, 55, , 28, 4, 7,23.50,-1051
2021/6/1, 54, , 28, 3, 6,22.75,-1052
2021/6/2, 55, , 40, 4, 4,25.75,-1053
2021/6/3, 55, , 33, 4, 4,24.00,-1054
2021/6/4, 44, , 32, 5, 7,22.00,-1055
2021/6/5, 54, , 35, 3, 5,24.25,-1056
2021/6/8, 34, , 19, 3, 4,15.00,-1057
2021/6/9, 32, , 34, 3, 3,18.00,-1058
2021/6/10, 39, , 34, 4, 4,20.25,-1059
2021/6/11, 56, , 42, 5, 5,27.00,-1060
2021/6/12, 65, , 40, 4, 5,28.50,-1061
2021/6/13, 55, , 29, 3, 4,22.75,-1062
2021/6/14, 25, , 28, 3, 4,15.00,-1063
2021/6/15, 33, , 20, 3, 5,15.25,-1064
2021/6/16, 31, , 32, 5, 5,18.25,-1065
2021/6/17, 48, , 37, 4, 5,23.50,-1066
2021/6/18, 50, , 30, 3, 5,22.00,-1067
2021/6/19, 45, , 25, 3, 5,19.50,-1068
2021/6/20, 33, , , , ,33.00,-1069
2021/6/22, 47, , 31, 4, 5,21.75,-1070
2021/6/23, 40, , 36, 3, 5,21.00,-1071
2021/6/24, 45, , 35, 4, 6,22.50,-1072
2021/6/25, 37, , 42, 3, 4,21.50,-1073
2021/6/26, 32, , 39, 3, 4,19.50,-1074
2021/6/27, 45, , 41, 4, 4,23.50,-1075
2021/6/28, 50, , 30, 5, 6,22.75,-1076
2021/6/29, 49, , 33, 3, 5,22.50,-1077
2021/6/30, 45, , 25, 3, 4,19.25,-1078
2021/7/1, 43, , 32, 1, 4,20.00,-1079
2021/1/5, 22, , 25, 1, 1,12.25,-1080
2021/1/6, 21, , 29, 2, 1,13.25,-1081
2021/1/7, 32, , 37, 2, 2,18.25,-1082
2021/1/8, 28, , 33, 1, 2,16.00,-1083
2021/1/9, 29, , 35, 2, 2,17.00,-1084
2021/1/10, 34, , 35, 1, 2,18.00,-1085
2021/1/11, 28, , 34, 1, 2,16.25,-1086
2021/1/12, 27, , 34, 1, 2,16.00,-1087
2021/1/13, 28, , 28, 1, 2,14.75,-1088
2021/1/14, 31, , 33, 2, 2,17.00,-1089
2021/1/15, 37, , 35, 1, 2,18.75,-1090
2021/1/16, 30, , 29, 1, 2,15.50,-1091
2021/1/17, 29, , 33, 1, 2,16.25,-1092
2021/1/18, 31, , 33, 2, 2,17.00,-1093
2021/1/19, 42, , 37, 2, 2,20.75,-1094
2021/1/20, 35, , 37, 1, 2,18.75,-1095
2021/1/21, 36, , 31, 2, 2,17.75,-1096
2021/1/22, 35, , 23, 2, 4,16.00,-1097
2021/1/23, 41, , 37, 2, 4,21.00,-1098
2021/1/24, 37, , 35, 2, 3,19.25,-1099
2021/1/25, 37, , 31, 2, 3,18.25,-1100
2021/1/26, 38, , 29, 1, 3,17.75,-1101
2021/1/27, 29, , 35, 1, 3,17.00,-1102
2021/1/28, 33, , 35, 1, 2,17.75,-1103
2021/1/29, 31, , 38, 1, 2,18.00,-1104
2021/1/30, 35, , 35, 2, 4,19.00,-1105
2021/1/31, 34, , 32, 5, 4,18.75,-1106
2021/2/1, 42, , 35, 2, 3,20.50,-1107
2021/2/2, 41, , 34, 1, 3,19.75,-1108
2021/2/3, 33, , 30, 2, 3,17.00,-1109
2021/2/4, 38, , 38, 2, 3,20.25,-1110
2021/2/5, 44, , 33, 1, 3,20.25,-1111
2021/2/6, 31, , 39, 2, 4,19.00,-1112
2021/2/7, 44, , 36, 2, 4,21.50,-1113
2021/2/8, 42, , 30, 2, 3,19.25,-1114
2021/2/9, 38, , 39, 2, 4,20.75,-1115
2021/2/10, 45, , 38, 1, 4,22.00,-1116
2021/2/11, 38, , 33, 1, 3,18.75,-1117
2021/2/12, 25, , 29, 2, 3,14.75,-1118
2021/2/13, 33, , 8, 1, 3,11.25,-1119
2021/2/14, 32, , , , ,32.00,-1120
2021/2/16, 55, , 36, 1, 2,23.50,-1121
2021/2/17, 25, , 36, 2, 3,16.50,-1122
2021/2/18, 23, , 32, 1, 2,14.50,-1123
2021/2/19, 21, , 25, 1, 3,12.50,-1124
2021/2/20, 21, , 33, 2, 4,15.00,-1125
2021/2/21, 31, , 30, 2, 3,16.50,-1126
2021/2/22, 21, , 24, 1, 3,12.25,-1127
2021/2/23, 20, , 44, 1, 3,17.00,-1128
2021/2/24, 29, , 26, 2, 3,15.00,-1129
2021/2/25, 37, , 28, 1, 2,17.00,-1130
2021/2/26, 28, , 27, 1, 2,14.50,-1131
2021/2/27, 28, , 26, 3, 2,14.75,-1132
2021/2/28, 22, , 35, 2, 3,15.50,-1133
2021/3/1, 32, , 21, 1, 2,14.00,-1134
2021/3/2, 19, , 18, 1, 8,11.50,-1135
2021/3/3, 24, , 44, 2, 7,19.25,-1136
2021/3/4, 34, , 37, 2, 8,20.25,-1137
2021/3/5, 35, , 32, 2, 5,18.50,-1138
2021/3/6, 36, , 47, 3, 1,21.75,-1139
2021/3/7, 48, , 37, 2, ,29.00,-1140
2021/3/8, 51, , 27, 1, 3,20.50,-1141
2021/3/9, 28, , 26, 2, 4,15.00,-1142
2021/3/10, 23, , 28, 2, 3,14.00,-1143
2021/3/11, 29, , 23, 3, 5,15.00,-1144
2021/3/12, 40, , 27, 2, 4,18.25,-1145
2021/3/13, 32, , 39, 4, 5,20.00,-1146
2021/3/14, 51, , 36, 2, 4,23.25,-1147
2021/3/15, 29, , 35, 2, 4,17.50,-1148
2021/3/16, 26, , 35, 2, 5,17.00,-1149
2021/3/17, 31, , 27, 3, 7,17.00,-1150
2021/3/18, 56, , 36, 2, 5,24.75,-1151
2021/3/19, 37, , 38, 3, 6,21.00,-1152
2021/3/20, 49, , 26, 2, 5,20.50,-1153
2021/3/21, 33, , 35, 2, 5,18.75,-1154
2021/3/22, 38, , 29, 2, 4,18.25,-1155
2021/3/23, 35, , 36, 2, 5,19.50,-1156
2021/3/24, 37, , 47, 2, 6,23.00,-1157
2021/3/25, 52, , 51, 3, 7,28.25,-1158
2021/3/26, 49, , 43, 3, 8,25.75,-1159
2021/3/27, 66, , 39, 3, 7,28.75,-1160
2021/3/28, 54, , 40, 3, 5,25.50,-1161
2021/3/29, 46, , 31, 2, 5,21.00,-1162
2021/3/30, 34, , 23, 2, 5,16.00,-1163
2021/3/31, 36, , 34, 4, 6,20.00,-1164
2021/4/1, 39, , 34, 2, 6,20.25,-1165
2020/10/2, 38, , 46, 3, 3,22.50,-1166
2020/10/3, 44, , 46, 3, 3,24.00,-1167
2020/10/4, 56, , 39, 9, 3,26.75,-1168
2020/10/5, 50, , 51, 3, 3,26.75,-1169
2020/10/6, 32, , 54, 4, 3,23.25,-1170
2020/10/7, 53, , 53, 2, 2,27.50,-1171
2020/10/8, 54, , 52, 2, 3,27.75,-1172
2020/10/9, 34, , 61, 2, 2,24.75,-1173
2020/10/10, 39, , 70, 1, 2,28.00,-1174
2020/10/11, 38, , 64, 2, 2,26.50,-1175
2020/10/12, 53, , 56, 1, 2,28.00,-1176
2020/10/13, 53, , 48, 2, 2,26.25,-1177
2020/10/14, 54, , 49, 2, 2,26.75,-1178
2020/10/15, 57, , 47, 1, 2,26.75,-1179
2020/10/16, 49, , 38, 2, 4,23.25,-1180
2020/10/17, 52, , 34, 1, 2,22.25,-1181
2020/10/18, 41, , 38, 2, 3,21.00,-1182
2020/10/19, 42, , 38, 2, 4,21.50,-1183
2020/10/20, 46, , 53, 1, 4,26.00,-1184
2020/10/21, 58, , 33, 9, 4,26.00,-1185
2020/10/22, 61, , 38, 3, 4,26.50,-1186
2020/10/23, 42, , 42, 2, 3,22.25,-1187
2020/10/24, 43, , 46, 2, 4,23.75,-1188
2020/10/25, 56, , 50, 1, 3,27.50,-1189
2020/10/26, 50, , 51, 2, 3,26.50,-1190
2020/10/27, 54, , 27, 3, 4,22.00,-1191
2020/10/28, 59, , 33, , 2,31.33,-1192
2020/10/29, 23, , 62, , 2,29.00,-1193
2020/10/30, 53, , 47, 1, 3,26.00,-1194
2020/10/31, 48, , 53, 1, 3,26.25,-1195
2020/11/1, 55, , 49, 1, 2,26.75,-1196
2020/11/2, 51, , 54, 1, 3,27.25,-1197
2020/11/3, 51, , 58, 1, 3,28.25,-1198
2020/11/4, 52, , 62, 2, 3,29.75,-1199
2020/11/5, 62, , 73, 12, 4,37.75,-1200
2020/11/6, 78, , 64, 8, 4,38.50,-1201
2020/11/7, 76, , 45, 11, 4,34.00,-1202
2020/11/8, 75, , 63, 2, 4,36.00,-1203
2020/11/9, 70, , 59, 6, 4,34.75,-1204
2020/11/10, 68, , 60, 5, 5,34.50,-1205
2020/11/11, 74, , 57, 5, 3,34.75,-1206
2020/11/12, 71, , 59, 4, 4,34.50,-1207
2020/11/13, 72, , 65, 3, 4,36.00,-1208
2020/11/14, 83, , 63, 5, 3,38.50,-1209
2020/11/15, 92, , 57, 5, 4,39.50,-1210
2020/11/16, 76, , 46, 3, 4,32.25,-1211
2020/11/17, 77, , 41, 7, 5,32.50,-1212
2020/11/18, 78, , 44, 6, 6,33.50,-1213
2020/11/19, 70, , 28, 5, 4,26.75,-1214
2020/11/20, 68, , 30, 3, 5,26.50,-1215
2020/11/21, 41, , 34, 2, 6,20.75,-1216
2020/11/22, 48, , 45, 3, 4,25.00,-1217
2020/11/23, 58, , 36, 2, 6,25.50,-1218
2020/11/24, 60, , 41, 1, 5,26.75,-1219
2020/11/25, 53, , 45, 5, 4,26.75,-1220
2020/11/26, 57, , 52, 2, 3,28.50,-1221
2020/11/27, 36, , 24, 4, 5,17.25,-1222
2020/11/28, 54, , 43, 2, 5,26.00,-1223
2020/11/29, 66, , 50, 2, 3,30.25,-1224
2020/11/30, 44, , 37, 2, 2,21.25,-1225
2020/12/1, 37, , 34, 1, 2,18.50,-1226
2020/12/2, 40, , 30, 2, 2,18.50,-1227
2020/12/3, 29, , 31, 1, 3,16.00,-1228
2020/12/4, 35, , 31, 1, 2,17.25,-1229
2020/12/5, 25, , 33, 1, 3,15.50,-1230
2020/12/6, 42, , 31, 1, 2,19.00,-1231
2020/12/7, 40, , 37, 1, 2,20.00,-1232
2020/12/8, 38, , 38, 1, 2,19.75,-1233
2020/12/9, 36, , 35, 1, 2,18.50,-1234
2020/12/10, 44, , 41, 1, 3,22.25,-1235
2020/12/11, 50, , 40, 2, 5,24.25,-1236
2020/12/12, 57, , 41, 2, 5,26.25,-1237
2020/12/13, 59, , 42, 2, 2,26.25,-1238
2020/12/14, 41, , 38, 2, 2,20.75,-1239
2020/12/15, 46, , 38, 3, 3,22.50,-1240
2020/12/16, 46, , 42, 3, 3,23.50,-1241
2020/12/17, 45, , 18, 3, 3,17.25,-1242
2020/12/18, 34, , 33, 1, 2,17.50,-1243
2020/12/19, 33, , 37, 1, 2,18.25,-1244
2020/12/20, 35, , 37, 1, 2,18.75,-1245
2020/12/21, 33, , 37, 3, 2,18.75,-1246
2020/12/22, 36, , 37, 1, 2,19.00,-1247
2020/12/23, 48, , 34, 3, 3,22.00,-1248
2020/12/24, 49, , 31, 2, 3,21.25,-1249
2020/12/25, 36, , 32, 1, 2,17.75,-1250
2020/12/26, 25, , 25, 1, 2,13.25,-1251
2020/12/27, 21, , 33, 1, 2,14.25,-1252
2020/12/28, 30, , 30, 2, 1,15.75,-1253
2020/12/29, 15, , 36, 2, 2,13.75,-1254
2020/12/30, 30, , 40, 1, 2,18.25,-1255
2020/12/31, 28, , 37, 2, 4,17.75,-1256
2021/1/1, 67, , 3, 6, 8,21.00,-1257
2021/1/2, 186, , , , ,186.00,-1258
2020/7/2, 37, , 31, 2, 2,18.00,-1259
2020/7/3, 36, , 32, 2, 2,18.00,-1260
2020/7/4, 31, , 29, 2, 2,16.00,-1261
2020/7/5, 33, , 34, 2, 2,17.75,-1262
2020/7/6, 36, , 39, 3, 3,20.25,-1263
2020/7/7, 44, , 31, 3, 4,20.50,-1264
2020/7/8, 40, , 33, 3, 3,19.75,-1265
2020/7/9, 39, , 32, 3, 3,19.25,-1266
2020/7/10, 46, , 37, 3, 3,22.25,-1267
2020/7/11, 46, , 45, 3, 3,24.25,-1268
2020/7/12, 38, , 48, 4, 2,23.00,-1269
2020/7/13, 45, , 30, 3, 4,20.50,-1270
2020/7/14, 36, , 42, 4, 3,21.25,-1271
2020/7/15, 34, , 35, 3, 3,18.75,-1272
2020/7/16, 32, , 44, 3, 3,20.50,-1273
2020/7/17, 32, , 47, 3, 4,21.50,-1274
2020/7/18, 36, , 39, 3, 3,20.25,-1275
2020/7/19, 34, , 33, 3, 3,18.25,-1276
2020/7/20, 35, , 30, 3, 4,18.00,-1277
2020/7/21, 40, , 35, 2, 2,19.75,-1278
2020/7/22, 36, , 37, 4, 3,20.00,-1279
2020/7/23, 50, , 35, 2, 2,22.25,-1280
2020/7/24, 30, , 35, 3, 3,17.75,-1281
2020/7/25, 38, , 34, 2, 3,19.25,-1282
2020/7/26, 40, , 31, 2, 2,18.75,-1283
2020/7/27, 30, , 30, 2, 3,16.25,-1284
2020/7/28, 31, , 33, 3, 4,17.75,-1285
2020/7/29, 42, , 32, 4, 4,20.50,-1286
2020/7/30, 50, , 30, 4, 4,22.00,-1287
2020/7/31, 48, , 28, 3, 5,21.00,-1288
2020/8/1, 34, , 34, 3, 3,18.50,-1289
2020/8/2, 33, , 41, 3, 3,20.00,-1290
2020/8/3, 35, , 33, 3, 3,18.50,-1291
2020/8/4, 43, , 39, 3, 3,22.00,-1292
2020/8/5, 39, , 32, 4, 5,20.00,-1293
2020/8/6, 62, , 30, 3, 4,24.75,-1294
2020/8/7, 52, , 33, 3, 4,23.00,-1295
2020/8/8, 44, , 32, 2, 4,20.50,-1296
2020/8/9, 36, , 30, 3, 3,18.00,-1297
2020/8/10, 32, , 36, 2, 4,18.50,-1298
2020/8/11, 50, , 43, 3, 4,25.00,-1299
2020/8/12, 51, , 34, 3, 4,23.00,-1300
2020/8/13, 52, , 36, 3, 4,23.75,-1301
2020/8/14, 48, , 40, 3, 3,23.50,-1302
2020/8/15, 38, , 34, 2, 4,19.50,-1303
2020/8/16, 51, , 45, 3, 3,25.50,-1304
2020/8/17, 41, , 44, 3, 3,22.75,-1305
2020/8/18, 43, , 39, 2, 3,21.75,-1306
2020/8/19, 29, , 38, 2, 3,18.00,-1307
2020/8/20, 32, , 35, 2, 4,18.25,-1308
2020/8/21, 30, , 31, 3, 5,17.25,-1309
2020/8/22, 34, , 46, 4, 5,22.25,-1310
2020/8/23, 44, , 44, 2, 3,23.25,-1311
2020/8/24, 35, , 50, 3, 3,22.75,-1312
2020/8/25, 43, , 45, 3, 3,23.50,-1313
2020/8/26, 52, , 43, 3, 3,25.25,-1314
2020/8/27, 46, , 46, 4, 4,25.00,-1315
2020/8/28, 44, , 36, 2, 3,21.25,-1316
2020/8/29, 31, , 36, 2, 4,18.25,-1317
2020/8/30, 38, , 54, 2, 4,24.50,-1318
2020/8/31, 37, , 66, 3, 4,27.50,-1319
2020/9/1, 54, , 39, 3, 6,25.50,-1320
2020/9/2, 49, , 47, 3, 7,26.50,-1321
2020/9/3, 48, , 41, 3, 5,24.25,-1322
2020/9/4, 48, , 41, 2, 4,23.75,-1323
2020/9/5, 48, , 43, 3, 5,24.75,-1324
2020/9/6, 40, , 51, 3, 4,24.50,-1325
2020/9/7, 46, , 48, 2, 4,25.00,-1326
2020/9/8, 46, , 46, 3, 4,24.75,-1327
2020/9/9, 43, , 50, 4, 5,25.50,-1328
2020/9/10, 52, , 48, 4, 6,27.50,-1329
2020/9/11, 54, , 52, 4, 6,29.00,-1330
2020/9/12, 55, , 43, 3, 5,26.50,-1331
2020/9/13, 45, , 40, 4, 5,23.50,-1332
2020/9/14, 39, , 43, 3, 4,22.25,-1333
2020/9/15, 35, , 37, 5, 5,20.50,-1334
2020/9/16, 54, , 36, 4, 6,25.00,-1335
2020/9/17, 60, , 50, 4, 5,29.75,-1336
2020/9/18, 66, , 49, 4, 3,30.50,-1337
2020/9/19, 55, , 41, 4, 4,26.00,-1338
2020/9/20, 61, , 40, 3, 3,26.75,-1339
2020/9/21, 51, , 46, 3, 3,25.75,-1340
2020/9/22, 44, , 43, 3, 2,23.00,-1341
2020/9/23, 54, , 58, 4, 3,29.75,-1342
2020/9/24, 64, , , , ,64.00,-1343
2020/10/1, 36, , 39, 3, 3,20.25,-1344
2020/4/2, 22, , 32, 1, 4,14.75,-1345
2020/4/3, 41, , 32, 1, 3,19.25,-1346
2020/4/4, 46, , 34, 1, 3,21.00,-1347
2020/4/5, 35, , 27, 1, 3,16.50,-1348
2020/4/6, 35, , 32, 1, 3,17.75,-1349
2020/4/7, 31, , 30, 3, 3,16.75,-1350
2020/4/8, 27, , 33, 1, 3,16.00,-1351
2020/4/9, 34, , 30, 1, 3,17.00,-1352
2020/4/10, 30, , 38, 1, 3,18.00,-1353
2020/4/11, 36, , 26, 1, 3,16.50,-1354
2020/4/12, 22, , 28, 1, 3,13.50,-1355
2020/4/13, 31, , 36, 1, 3,17.75,-1356
2020/4/14, 22, , 30, 1, 3,14.00,-1357
2020/4/15, 17, , 34, 1, 4,14.00,-1358
2020/4/16, 26, , 30, 1, 4,15.25,-1359
2020/4/17, 34, , 62, 1, 4,25.25,-1360
2020/4/18, 46, , 46, 1, 4,24.25,-1361
2020/4/19, 48, , 37, 1, 4,22.50,-1362
2020/4/20, 49, , 37, 1, 3,22.50,-1363
2020/4/21, 45, , 31, 1, 3,20.00,-1364
2020/4/22, 51, , 33, 1, 3,22.00,-1365
2020/4/23, 43, , 27, 1, 2,18.25,-1366
2020/4/24, 32, , 29, 1, 1,15.75,-1367
2020/4/25, 29, , 32, 1, 2,16.00,-1368
2020/4/26, 30, , 39, 1, 2,18.00,-1369
2020/4/27, 47, , 37, 2, 3,22.25,-1370
2020/4/28, 49, , 31, 1, 2,20.75,-1371
2020/4/29, 47, , 35, 1, 2,21.25,-1372
2020/4/30, 46, , 34, 1, 3,21.00,-1373
2020/5/1, 35, , 27, 1, 2,16.25,-1374
2020/5/2, 35, , 23, 1, 2,15.25,-1375
2020/5/3, 29, , 23, 1, 2,13.75,-1376
2020/5/4, 33, , 28, 1, 2,16.00,-1377
2020/5/5, 29, , 26, 2, 3,15.00,-1378
2020/5/6, 43, , 29, 2, 3,19.25,-1379
2020/5/7, 46, , 28, 1, 2,19.25,-1380
2020/5/8, 47, , 27, 1, 2,19.25,-1381
2020/5/9, 41, , 25, 1, 2,17.25,-1382
2020/5/10, 39, , 27, 1, 2,17.25,-1383
2020/5/11, 37, , 29, 2, 2,17.50,-1384
2020/5/12, 39, , 27, 1, 2,17.25,-1385
2020/5/13, 27, , 24, 2, 3,14.00,-1386
2020/5/14, 37, , 39, 2, 5,20.75,-1387
2020/5/15, 48, , 39, 2, 3,23.00,-1388
2020/5/16, 43, , 25, 1, 2,17.75,-1389
2020/5/17, 43, , 16, 1, 2,15.50,-1390
2020/5/18, 28, , 27, 1, 1,14.25,-1391
2020/5/19, 25, , 11, 5, 7,12.00,-1392
2020/5/20, 41, , , , ,41.00,-1393
2020/5/23, 47, , 29, 2, 1,19.75,-1394
2020/5/24, 44, , 27, 2, 2,18.75,-1395
2020/5/25, 34, , 22, 1, 1,14.50,-1396
2020/5/26, 31, , 22, 2, 2,14.25,-1397
2020/5/27, 31, , 22, 1, 1,13.75,-1398
2020/5/28, 37, , 32, 2, 2,18.25,-1399
2020/5/29, 41, , 29, 1, 1,18.00,-1400
2020/5/30, 26, , 27, 1, 1,13.75,-1401
2020/5/31, 23, , 25, 1, 1,12.50,-1402
2020/6/1, 22, , 24, 1, 1,12.00,-1403
2020/6/2, 26, , 28, 1, 2,14.25,-1404
2020/6/3, 25, , 27, 2, 4,14.50,-1405
2020/6/4, 34, , 41, 2, 3,20.00,-1406
2020/6/5, 42, , 23, 3, 4,18.00,-1407
2020/6/6, 49, , 40, 3, 3,23.75,-1408
2020/6/7, 38, , 33, 2, 1,18.50,-1409
2020/6/8, 37, , 31, 2, 2,18.00,-1410
2020/6/9, 36, , 44, 2, 2,21.00,-1411
2020/6/10, 37, , 45, 3, 2,21.75,-1412
2020/6/11, 43, , 45, 2, 2,23.00,-1413
2020/6/12, 47, , 37, 2, 2,22.00,-1414
2020/6/13, 40, , 41, 3, 3,21.75,-1415
2020/6/14, 62, , 31, 2, 2,24.25,-1416
2020/6/15, 39, , 22, 2, 3,16.50,-1417
2020/6/16, 34, , 30, 2, 2,17.00,-1418
2020/6/17, 39, , 38, 3, 2,20.50,-1419
2020/6/18, 42, , 37, 2, 2,20.75,-1420
2020/6/19, 27, , 29, 2, 2,15.00,-1421
2020/6/20, 32, , 20, 2, 3,14.25,-1422
2020/6/21, 29, , 27, 2, 2,15.00,-1423
2020/6/22, 31, , 26, 2, 3,15.50,-1424
2020/6/23, 35, , 30, 4, 3,18.00,-1425
2020/6/24, 40, , 36, 4, 3,20.75,-1426
2020/6/25, 44, , 33, 3, 3,20.75,-1427
2020/6/26, 44, , 30, 2, 1,19.25,-1428
2020/6/27, 27, , 42, 2, 2,18.25,-1429
2020/6/28, 34, , 44, 3, 2,20.75,-1430
2020/6/29, 50, , 30, 3, 3,21.50,-1431
2020/6/30, 44, , 40, 2, 2,22.00,-1432
2020/7/1, 34, , 38, 3, 2,19.25,-1433
2020/1/2, 42, , 25, 2, 4,18.25,-1434
2020/1/3, 22, , 34, 2, 3,15.25,-1435
2020/1/4, 26, , 48, 3, 3,20.00,-1436
2020/1/5, 36, , 35, 2, 2,18.75,-1437
2020/1/6, 25, , 35, 2, 4,16.50,-1438
2020/1/7, 23, , 48, 2, 4,19.25,-1439
2020/1/8, 39, , 55, 3, 4,25.25,-1440
2020/1/9, 50, , 25, 3, 5,20.75,-1441
2020/1/10, 59, , 22, 2, 3,21.50,-1442
2020/1/11, 39, , 23, 2, 3,16.75,-1443
2020/1/12, 35, , 23, 2, 3,15.75,-1444
2020/1/13, 30, , 25, 3, 5,15.75,-1445
2020/1/14, 40, , 36, 4, 4,21.00,-1446
2020/1/15, 55, , 28, 3, 4,22.50,-1447
2020/1/16, 52, , 26, 3, 4,21.25,-1448
2020/1/17, 34, , 22, 4, 5,16.25,-1449
2020/1/18, 34, , 21, 4, 5,16.00,-1450
2020/1/19, 32, , 27, 4, 6,17.25,-1451
2020/1/20, 36, , 30, 2, 4,18.00,-1452
2020/1/21, 36, , 29, 2, 4,17.75,-1453
2020/1/22, 23, , 25, 2, 3,13.25,-1454
2020/1/23, 21, , 36, 2, 4,15.75,-1455
2020/1/24, 30, , 32, 2, 4,17.00,-1456
2020/1/25, 27, , 41, 3, 5,19.00,-1457
2020/1/26, 39, , 36, 2, 3,20.00,-1458
2020/1/27, 36, , 31, 2, 3,18.00,-1459
2020/1/28, 25, , 29, 3, 5,15.50,-1460
2020/1/29, 38, , 26, 2, 4,17.50,-1461
2020/1/30, 32, , 39, 3, 5,19.75,-1462
2020/1/31, 40, , 40, 3, 6,22.25,-1463
2020/2/1, 58, , 25, 4, 8,23.75,-1464
2020/2/2, 68, , 40, 3, 4,28.75,-1465
2020/2/3, 44, , 34, 2, 4,21.00,-1466
2020/2/4, 35, , 37, 2, 4,19.50,-1467
2020/2/5, 35, , 55, 5, 5,25.00,-1468
2020/2/6, 56, , 54, 4, 5,29.75,-1469
2020/2/7, 58, , 48, 3, 5,28.50,-1470
2020/2/8, 73, , , , ,73.00,-1471
2020/2/13, 54, , 43, 3, 6,26.50,-1472
2020/2/14, 54, , 53, 4, 4,28.75,-1473
2020/2/15, 60, , 48, 3, 5,29.00,-1474
2020/2/16, 55, , 41, 3, 5,26.00,-1475
2020/2/17, 54, , 30, 4, 6,23.50,-1476
2020/2/18, 55, , 33, 4, 6,24.50,-1477
2020/2/19, 47, , 26, 5, 5,20.75,-1478
2020/2/20, 53, , 37, 3, 4,24.25,-1479
2020/2/21, 45, , 33, 2, 5,21.25,-1480
2020/2/22, 37, , 37, 2, 5,20.25,-1481
2020/2/23, 37, , 48, 3, 6,23.50,-1482
2020/2/24, 48, , 29, 3, 5,21.25,-1483
2020/2/25, 40, , 35, 2, 4,20.25,-1484
2020/2/26, 35, , 28, 2, 4,17.25,-1485
2020/2/27, 23, , 37, 3, 3,16.50,-1486
2020/2/28, 31, , 44, 2, 4,20.25,-1487
2020/2/29, 39, , 47, 4, 5,23.75,-1488
2020/3/1, 58, , 54, 3, 5,30.00,-1489
2020/3/2, 50, , 52, 3, 5,27.50,-1490
2020/3/3, 47, , 32, 3, 4,21.50,-1491
2020/3/4, 75, , 40, 3, 3,30.25,-1492
2020/3/5, 50, , 35, 2, 3,22.50,-1493
2020/3/6, 50, , 32, 2, 3,21.75,-1494
2020/3/7, 36, , 40, 2, 3,20.25,-1495
2020/3/8, 31, , 46, 3, 3,20.75,-1496
2020/3/9, 44, , 44, 3, 3,23.50,-1497
2020/3/10, 48, , 45, 2, 3,24.50,-1498
2020/3/11, 45, , 39, 2, 2,22.00,-1499
2020/3/12, 32, , 40, 4, 3,19.75,-1500
2020/3/13, 41, , 41, 2, 2,21.50,-1501
2020/3/14, 29, , 31, 2, 2,16.00,-1502
2020/3/15, 25, , 39, 2, 2,17.00,-1503
2020/3/16, 25, , 32, 2, 2,15.25,-1504
2020/3/17, 22, , 41, 2, 2,16.75,-1505
2020/3/18, 28, , 43, 2, 2,18.75,-1506
2020/3/19, 42, , 45, 2, 1,22.50,-1507
2020/3/20, 40, , 30, , 1,23.67,-1508
2020/3/21, 21, , 32, 1, 1,13.75,-1509
2020/3/22, 26, , 33, 1, 1,15.25,-1510
2020/3/23, 40, , 39, 1, 1,20.25,-1511
2020/3/24, 50, , 47, 1, ,32.67,-1512
2020/3/25, 59, , 43, 2, 3,26.75,-1513
2020/3/26, 58, , 43, 1, 3,26.25,-1514
2020/3/27, 46, , 34, , 2,27.33,-1515
2020/3/28, 36, , 39, , 2,25.67,-1516
2020/3/29, 21, , 45, , 3,23.00,-1517
2020/3/30, 35, , 40, 1, 3,19.75,-1518
2020/3/31, 50, , 34, 1, 3,22.00,-1519
2020/4/1, 37, , 32, , 3,24.00,-1520
2019/10/2, 61, , 47, 2, 5,28.75,-1521
2019/10/3, 45, , 27, 10, 5,21.75,-1522
2019/10/4, 58, , 42, 4, 5,27.25,-1523
2019/10/5, 51, , 46, 3, 4,26.00,-1524
2019/10/6, 42, , 40, 2, 4,22.00,-1525
2019/10/7, 32, , 38, 2, 4,19.00,-1526
2019/10/8, 27, , 40, 6, 6,19.75,-1527
2019/10/9, 56, , 52, 3, 5,29.00,-1528
2019/10/10, 60, , 42, 2, 5,27.25,-1529
2019/10/11, 46, , 41, 3, 5,23.75,-1530
2019/10/12, 54, , 46, 3, 5,27.00,-1531
2019/10/13, 56, , 37, 3, 5,25.25,-1532
2019/10/14, 55, , 43, 3, 5,26.50,-1533
2019/10/15, 52, , 36, 3, 5,24.00,-1534
2019/10/16, 45, , 39, 2, 4,22.50,-1535
2019/10/17, 42, , 41, 4, 6,23.25,-1536
2019/10/18, 58, , 53, 4, 7,30.50,-1537
2019/10/19, 66, , 4, 3, 6,19.75,-1538
2019/10/20, 53, , , , ,53.00,-1539
2019/10/23, 27, , 37, 3, 5,18.00,-1540
2019/10/24, 29, , 33, 4, 8,18.50,-1541
2019/10/25, 48, , 36, 4, 8,24.00,-1542
2019/10/26, 59, , 26, 4, 6,23.75,-1543
2019/10/27, 57, , 40, 2, 4,25.75,-1544
2019/10/28, 40, , 40, 2, 4,21.50,-1545
2019/10/29, 28, , 40, 4, 5,19.25,-1546
2019/10/30, 46, , 34, 3, 6,22.25,-1547
2019/10/31, 51, , 49, 3, 5,27.00,-1548
2019/11/1, 48, , 50, 2, 4,26.00,-1549
2019/11/2, 42, , 58, 2, 4,26.50,-1550
2019/11/3, 28, , 46, 1, 4,19.75,-1551
2019/11/4, 36, , 42, 1, 3,20.50,-1552
2019/11/5, 28, , 44, 2, 4,19.50,-1553
2019/11/6, 30, , 46, 2, 5,20.75,-1554
2019/11/7, 40, , 37, 4, 5,21.50,-1555
2019/11/8, 46, , 47, 2, 4,24.75,-1556
2019/11/9, 46, , 34, 1, 4,21.25,-1557
2019/11/10, 29, , 38, 1, 3,17.75,-1558
2019/11/11, 29, , 30, 2, 5,16.50,-1559
2019/11/12, 41, , 27, 2, 4,18.50,-1560
2019/11/13, 35, , 29, 2, 4,17.50,-1561
2019/11/14, 30, , 33, 1, 3,16.75,-1562
2019/11/15, 28, , 24, 1, 4,14.25,-1563
2019/11/16, 24, , 30, 1, 3,14.50,-1564
2019/11/19, 49, , 34, 4, 5,23.00,-1565
2019/11/20, 51, , 49, 2, 4,26.50,-1566
2019/11/21, 40, , 40, 2, 4,21.50,-1567
2019/11/22, 26, , 43, 1, 3,18.25,-1568
2019/11/23, 57, , 46, 2, 4,27.25,-1569
2019/11/26, 43, , 16, 2, 3,16.00,-1570
2019/11/27, 34, , 23, 2, 3,15.50,-1571
2019/11/28, 33, , 26, 2, 3,16.00,-1572
2019/11/29, 41, , 40, 2, 3,21.50,-1573
2019/11/30, 46, , 40, 2, 3,22.75,-1574
2019/12/1, 38, , 37, 2, 4,20.25,-1575
2019/12/2, 37, , 43, 2, 5,21.75,-1576
2019/12/3, 51, , 48, 3, 5,26.75,-1577
2019/12/4, 53, , 40, 3, 5,25.25,-1578
2019/12/5, 55, , 43, 3, 6,26.75,-1579
2019/12/6, 48, , 47, 2, 4,25.25,-1580
2019/12/7, 37, , 39, 2, 4,20.50,-1581
2019/12/8, 24, , 39, 2, 4,17.25,-1582
2019/12/9, 25, , 39, 3, 5,18.00,-1583
2019/12/10, 45, , 41, 2, 4,23.00,-1584
2019/12/11, 39, , 48, 3, 4,23.50,-1585
2019/12/12, 43, , 37, 2, 5,21.75,-1586
2019/12/13, 37, , 49, 3, 5,23.50,-1587
2019/12/14, 53, , 55, 3, 5,29.00,-1588
2019/12/15, 63, , 56, 3, 5,31.75,-1589
2019/12/16, 61, , 47, 3, 5,29.00,-1590
2019/12/17, 47, , 46, 3, 5,25.25,-1591
2019/12/18, 54, , 33, 3, 5,23.75,-1592
2019/12/19, 53, , 33, 3, 4,23.25,-1593
2019/12/20, 45, , 30, 2, 5,20.50,-1594
2019/12/21, 43, , 34, 2, 5,21.00,-1595
2019/12/22, 50, , 31, 2, 4,21.75,-1596
2019/12/23, 35, , 30, 2, 5,18.00,-1597
2019/12/24, 34, , 30, 3, 5,18.00,-1598
2019/12/25, 45, , 42, 2, 3,23.00,-1599
2019/12/26, 30, , 26, 2, 4,15.50,-1600
2019/12/27, 37, , 33, 2, 3,18.75,-1601
2019/12/28, 31, , 38, 2, 4,18.75,-1602
2019/12/29, 35, , 40, 2, 4,20.25,-1603
2019/12/30, 32, , , , ,32.00,-1604
2019/7/2, 44, , 33, 3, 6,21.50,-1605
2019/7/3, 54, , 37, 4, 6,25.25,-1606
2019/7/4, 59, , 30, 4, 7,25.00,-1607
2019/7/5, 59, , 29, 3, 5,24.00,-1608
2019/7/6, 60, , 26, 3, 4,23.25,-1609
2019/7/7, 43, , 24, 2, 4,18.25,-1610
2019/7/8, 32, , 25, 2, 3,15.50,-1611
2019/7/9, 42, , 30, 2, 4,19.50,-1612
2019/7/10, 41, , 35, 3, 5,21.00,-1613
2019/7/11, 42, , 39, 3, 4,22.00,-1614
2019/7/12, 47, , 38, 3, 6,23.50,-1615
2019/7/13, 63, , , , ,63.00,-1616
2019/7/16, 46, , 32, 3, 6,21.75,-1617
2019/7/17, 56, , 30, 3, 5,23.50,-1618
2019/7/18, 54, , 30, 3, 5,23.00,-1619
2019/7/19, 47, , 32, 2, 4,21.25,-1620
2019/7/20, 38, , 27, 2, 4,17.75,-1621
2019/7/21, 36, , 27, 2, 3,17.00,-1622
2019/7/22, 45, , 35, 2, ,27.33,-1623
2019/7/23, 43, , 28, 3, 3,19.25,-1624
2019/7/24, 45, , 34, 1, 3,20.75,-1625
2019/7/25, 35, , 35, 2, 3,18.75,-1626
2019/7/26, 48, , 32, 3, 5,22.00,-1627
2019/7/27, 41, , 33, 3, 5,20.50,-1628
2019/7/28, 43, , 29, 2, 4,19.50,-1629
2019/7/29, 42, , 39, 3, 5,22.25,-1630
2019/7/30, 42, , 37, 3, 5,21.75,-1631
2019/7/31, 43, , 34, 2, 5,21.00,-1632
2019/8/1, 35, , 31, 4, 5,18.75,-1633
2019/8/2, 44, , 31, 3, 5,20.75,-1634
2019/8/3, 59, , 33, 2, 4,24.50,-1635
2019/8/4, 41, , 34, 2, 5,20.50,-1636
2019/8/5, 37, , 38, 2, 5,20.50,-1637
2019/8/6, 44, , 37, 3, 5,22.25,-1638
2019/8/7, 41, , 34, 4, 5,21.00,-1639
2019/8/8, 46, , 36, 2, 5,22.25,-1640
2019/8/9, 39, , 32, 2, 6,19.75,-1641
2019/8/10, 51, , 28, 2, 6,21.75,-1642
2019/8/11, 47, , 34, 2, 5,22.00,-1643
2019/8/12, 43, , 37, 2, 5,21.75,-1644
2019/8/13, 46, , 34, 2, 4,21.50,-1645
2019/8/14, 39, , 72, 2, 5,29.50,-1646
2019/8/15, 81, , 66, 2, 6,38.75,-1647
2019/8/16, 78, , 56, 3, 5,35.50,-1648
2019/8/17, 54, , 53, 5, 6,29.50,-1649
2019/8/18, 59, , 35, 3, 6,25.75,-1650
2019/8/20, 34, , 35, 2, 5,19.00,-1651
2019/8/21, 37, , 41, 2, 4,21.00,-1652
2019/8/22, 33, , 44, 3, 6,21.50,-1653
2019/8/23, 39, , 45, 2, 6,23.00,-1654
2019/8/24, 38, , 42, 2, 5,21.75,-1655
2019/8/25, 37, , 41, 3, 6,21.75,-1656
2019/8/26, 49, , 39, 2, 5,23.75,-1657
2019/8/27, 44, , 47, 3, 6,25.00,-1658
2019/8/28, 41, , 42, 2, 5,22.50,-1659
2019/8/29, 38, , 43, 3, 6,22.50,-1660
2019/8/30, 44, , 49, 3, 6,25.50,-1661
2019/8/31, 53, , 22, 4, 7,21.50,-1662
2019/9/1, 65, , , , ,65.00,-1663
2019/9/3, 55, , 45, 4, 5,27.25,-1664
2019/9/4, 66, , 39, 4, 5,28.50,-1665
2019/9/5, 58, , 36, 4, 5,25.75,-1666
2019/9/6, 46, , 32, 3, 6,21.75,-1667
2019/9/7, 59, , 42, 3, 5,27.25,-1668
2019/9/8, 50, , 47, 3, 5,26.25,-1669
2019/9/9, 40, , 39, 3, 4,21.50,-1670
2019/9/10, 42, , 45, 4, 5,24.00,-1671
2019/9/11, 55, , 36, 3, 5,24.75,-1672
2019/9/12, 63, , 32, 3, 4,25.50,-1673
2019/9/13, 59, , 44, 3, 4,27.50,-1674
2019/9/14, 59, , 41, 3, 5,27.00,-1675
2019/9/15, 54, , 39, 2, 3,24.50,-1676
2019/9/16, 52, , 47, 2, 3,26.00,-1677
2019/9/17, 55, , 42, 3, 4,26.00,-1678
2019/9/18, 65, , 44, 3, 5,29.25,-1679
2019/9/19, 81, , 50, 2, 4,34.25,-1680
2019/9/20, 55, , 59, 3, 6,30.75,-1681
2019/9/21, 70, , 61, 3, 6,35.00,-1682
2019/9/22, 68, , 39, 3, 4,28.50,-1683
2019/9/23, 51, , 48, 3, 6,27.00,-1684
2019/9/24, 53, , 47, 4, 6,27.50,-1685
2019/9/25, 44, , 53, 3, 6,26.50,-1686
2019/9/26, 56, , 52, 3, 6,29.25,-1687
2019/9/27, 57, , 45, 2, 4,27.00,-1688
2019/9/28, 49, , 47, 2, 4,25.50,-1689
2019/9/29, 42, , 44, 4, 4,23.50,-1690
2019/9/30, 40, , 44, 3, 6,23.25,-1691
2019/10/1, 47, , 57, 8, 6,29.50,-1692
2019/4/2, 41, , 36, 2, ,26.33,-1693
2019/4/3, 45, , 37, 3, ,28.33,-1694
2019/4/4, 55, , 22, 2, ,26.33,-1695
2019/4/5, 40, , 42, 2, ,28.00,-1696
2019/4/6, 50, , 53, 2, ,35.00,-1697
2019/4/7, 40, , 59, 4, ,34.33,-1698
2019/4/8, 58, , 53, 3, ,38.00,-1699
2019/4/9, 61, , 59, 3, ,41.00,-1700
2019/4/10, 64, , 50, 4, ,39.33,-1701
2019/4/11, 47, , 44, 4, ,31.67,-1702
2019/4/12, 44, , 40, 4, ,29.33,-1703
2019/4/13, 57, , 43, 4, ,34.67,-1704
2019/4/14, 42, , 43, 3, ,29.33,-1705
2019/4/15, 46, , 33, 3, ,27.33,-1706
2019/4/16, 49, , 34, 4, ,29.00,-1707
2019/4/17, 46, , 38, 4, ,29.33,-1708
2019/4/18, 50, , 46, 3, ,33.00,-1709
2019/4/19, 48, , 34, 2, ,28.00,-1710
2019/4/20, 28, , 35, 3, ,22.00,-1711
2019/4/21, 42, , 29, 2, ,24.33,-1712
2019/4/22, 30, , 24, 3, ,19.00,-1713
2019/4/23, 49, , 39, 3, ,30.33,-1714
2019/4/24, 53, , 24, 4, ,27.00,-1715
2019/4/25, 62, , 32, 4, ,32.67,-1716
2019/4/26, 54, , 32, 2, ,29.33,-1717
2019/4/27, 50, , 31, 4, ,28.33,-1718
2019/4/28, 61, , 29, 3, ,31.00,-1719
2019/4/30, 48, , 17, 2, ,22.33,-1720
2019/5/1, 55, , 35, 3, ,31.00,-1721
2019/5/2, 48, , 31, 2, ,27.00,-1722
2019/5/3, 53, , 31, 4, ,29.33,-1723
2019/5/4, 55, , 31, 3, ,29.67,-1724
2019/5/5, 52, , 30, 3, ,28.33,-1725
2019/5/6, 32, , 26, 2, ,20.00,-1726
2019/5/7, 38, , 34, 2, ,24.67,-1727
2019/5/8, 44, , 31, 1, ,25.33,-1728
2019/5/9, 38, , 36, 1, ,25.00,-1729
2019/5/10, 42, , 36, 1, ,26.33,-1730
2019/5/11, 35, , 40, 3, ,26.00,-1731
2019/5/12, 50, , 33, 2, ,28.33,-1732
2019/5/13, 46, , 12, 2, ,20.00,-1733
2019/5/14, 66, , 31, 3, ,33.33,-1734
2019/5/15, 71, , 24, 3, ,32.67,-1735
2019/5/16, 61, , 37, 2, ,33.33,-1736
2019/5/17, 51, , 39, 2, ,30.67,-1737
2019/5/18, 53, , 36, 2, ,30.33,-1738
2019/5/19, 32, , 23, 1, ,18.67,-1739
2019/5/20, 37, , 29, 3, ,23.00,-1740
2019/5/21, 48, , 29, 3, ,26.67,-1741
2019/5/22, 58, , 29, 2, ,29.67,-1742
2019/5/23, 56, , 14, 2, ,24.00,-1743
2019/5/24, 46, , 32, 3, ,27.00,-1744
2019/5/25, 52, , 36, 1, ,29.67,-1745
2019/5/26, 48, , 31, 2, ,27.00,-1746
2019/5/27, 29, , 36, 3, ,22.67,-1747
2019/5/28, 47, , 30, 2, ,26.33,-1748
2019/5/29, 39, , 22, 1, ,20.67,-1749
2019/5/30, 33, , 27, 1, ,20.33,-1750
2019/5/31, 35, , 24, 3, ,20.67,-1751
2019/6/1, 29, , 36, 2, ,22.33,-1752
2019/6/2, 21, , 30, 2, ,17.67,-1753
2019/6/4, 55, , 20, 4, ,26.33,-1754
2019/6/5, 51, , 24, 3, ,26.00,-1755
2019/6/6, 38, , 33, 2, ,24.33,-1756
2019/6/7, 39, , 37, 2, ,26.00,-1757
2019/6/8, 48, , 31, 2, ,27.00,-1758
2019/6/9, 57, , 28, 3, ,29.33,-1759
2019/6/10, 49, , 27, 1, 5,20.50,-1760
2019/6/11, 40, , 29, 1, 4,18.50,-1761
2019/6/18, 34, , 27, 2, 5,17.00,-1762
2019/6/19, 46, , 32, 1, 4,20.75,-1763
2019/6/20, 33, , 23, 2, 5,15.75,-1764
2019/6/21, 35, , 28, 1, 6,17.50,-1765
2019/6/22, 33, , 27, 1, 5,16.50,-1766
2019/6/23, 34, , 24, 1, 5,16.00,-1767
2019/6/24, 39, , 26, 2, 6,18.25,-1768
2019/6/25, 39, , 42, 3, 6,22.50,-1769
2019/6/26, 56, , 34, 5, 6,25.25,-1770
2019/6/27, 63, , 27, 4, 6,25.00,-1771
2019/6/28, 45, , 26, 3, 8,20.50,-1772
2019/6/29, 50, , 19, 3, 7,19.75,-1773
2019/6/30, 46, , 23, 1, 4,18.50,-1774
2019/7/1, 44, , 28, 2, 5,19.75,-1775
2018/10/2, 76, , 71, 6, ,51.00,-1776
2018/10/3, 81, , 61, 17, ,53.00,-1777
2018/10/4, 89, , 58, 13, ,53.33,-1778
2018/10/5, 80, , 58, 8, ,48.67,-1779
2018/10/6, 76, , , , ,76.00,-1780
2018/10/10, 67, , 34, 6, ,35.67,-1781
2018/10/11, 58, , 35, 3, ,32.00,-1782
2018/10/12, 64, , 51, 7, ,40.67,-1783
2018/10/13, 64, , 58, 8, ,43.33,-1784
2018/10/14, 70, , 48, 6, ,41.33,-1785
2018/10/15, 76, , 53, 7, ,45.33,-1786
2018/10/16, 75, , 43, 4, ,40.67,-1787
2018/10/17, 80, , 48, 7, ,45.00,-1788
2018/10/18, 95, , 28, 6, ,43.00,-1789
2018/10/19, 85, , 53, 8, ,48.67,-1790
2018/10/20, 84, , 53, 2, ,46.33,-1791
2018/10/21, 74, , 64, 2, ,46.67,-1792
2018/10/22, 62, , 47, 6, ,38.33,-1793
2018/10/23, 87, , 50, 7, ,48.00,-1794
2018/10/24, 78, , 63, 9, ,50.00,-1795
2018/10/25, 85, , 37, 17, ,46.33,-1796
2018/10/26, 94, , 40, 9, ,47.67,-1797
2018/10/27, 91, , 33, 8, ,44.00,-1798
2018/10/28, 65, , 42, 6, ,37.67,-1799
2018/10/29, 77, , 39, 6, ,40.67,-1800
2018/10/30, 69, , 49, 7, ,41.67,-1801
2018/10/31, 66, , 42, 6, ,38.00,-1802
2018/11/1, 69, , 37, 12, ,39.33,-1803
2018/11/2, 88, , 55, 6, ,49.67,-1804
2018/11/3, 74, , 40, 4, ,39.33,-1805
2018/11/4, 54, , 40, 2, ,32.00,-1806
2018/11/5, 37, , 33, 4, ,24.67,-1807
2018/11/6, 53, , 42, 5, ,33.33,-1808
2018/11/7, 48, , 45, 7, ,33.33,-1809
2018/11/8, 58, , 40, 3, ,33.67,-1810
2018/11/9, 51, , 38, 2, ,30.33,-1811
2018/11/10, 38, , 37, 2, ,25.67,-1812
2018/11/11, 34, , 39, 5, ,26.00,-1813
2018/11/12, 37, , 27, 6, ,23.33,-1814
2018/11/13, 50, , 39, 3, ,30.67,-1815
2018/11/14, 46, , 40, 2, ,29.33,-1816
2018/11/15, 51, , 31, 3, ,28.33,-1817
2018/11/16, 41, , 38, 4, ,27.67,-1818
2018/11/17, 41, , 44, 8, ,31.00,-1819
2018/11/18, 75, , 52, 3, ,43.33,-1820
2018/11/19, 68, , 44, 8, ,40.00,-1821
2018/11/20, 57, , 50, 4, ,37.00,-1822
2018/11/21, 47, , 51, 5, ,34.33,-1823
2018/11/22, 65, , 53, 4, ,40.67,-1824
2018/11/23, 50, , 36, 2, ,29.33,-1825
2018/11/24, 35, , 49, 2, ,28.67,-1826
2018/11/25, 49, , 41, 2, ,30.67,-1827
2018/11/26, 45, , 34, 2, ,27.00,-1828
2018/11/27, 34, , 29, 2, ,21.67,-1829
2018/11/28, 37, , 51, 3, ,30.33,-1830
2018/11/29, 52, , 26, 4, ,27.33,-1831
2018/11/30, 53, , 31, 2, ,28.67,-1832
2018/12/1, 46, , 44, 3, ,31.00,-1833
2018/12/2, 48, , 48, 4, ,33.33,-1834
2018/12/3, 46, , 33, 2, ,27.00,-1835
2018/12/4, 54, , 37, 3, ,31.33,-1836
2018/12/5, 60, , 7, 3, ,23.33,-1837
2018/12/6, 61, , 49, 3, ,37.67,-1838
2018/12/7, 57, , 49, 3, ,36.33,-1839
2018/12/8, 59, , 40, 2, ,33.67,-1840
2018/12/9, 58, , 29, 2, ,29.67,-1841
2018/12/10, 52, , 34, 2, ,29.33,-1842
2018/12/11, 52, , 32, 3, ,29.00,-1843
2018/12/12, 54, , 24, 2, ,26.67,-1844
2018/12/13, 42, , 33, 2, ,25.67,-1845
2018/12/14, 47, , 18, 2, ,22.33,-1846
2018/12/15, 24, , 32, 2, ,19.33,-1847
2018/12/16, 43, , 37, 6, ,28.67,-1848
2018/12/17, 54, , 35, 2, ,30.33,-1849
2018/12/18, 51, , 40, 3, ,31.33,-1850
2018/12/19, 52, , 36, 2, ,30.00,-1851
2018/12/20, 39, , 30, 3, ,24.00,-1852
2018/12/21, 38, , 37, 2, ,25.67,-1853
2018/12/22, 46, , , , ,46.00,-1854
2018/12/24, 71, , 30, 1, ,34.00,-1855
2018/12/25, 52, , 30, 2, ,28.00,-1856
2018/12/26, 45, , 26, 2, ,24.33,-1857
2018/12/27, 36, , 34, 2, ,24.00,-1858
2018/12/28, 34, , 28, 2, ,21.33,-1859
2018/12/29, 48, , 36, 3, ,29.00,-1860
2018/12/30, 57, , 34, 2, ,31.00,-1861
2018/12/31, 46, , , , ,46.00,-1862
2018/8/26, 51, , 44, 2, ,32.33,-1863
2018/8/27, 48, , 38, 2, ,29.33,-1864
2018/8/28, 50, , 43, 2, ,31.67,-1865
2018/8/29, 68, , 29, 4, ,33.67,-1866
2018/8/30, 58, , 47, 2, ,35.67,-1867
2018/8/31, 76, , 53, 2, ,43.67,-1868
2018/9/1, 70, , 45, 2, ,39.00,-1869
2018/9/2, 66, , 45, 2, ,37.67,-1870
2018/9/3, 54, , 42, 2, ,32.67,-1871
2018/9/4, 58, , 46, 2, ,35.33,-1872
2018/9/5, 39, , 68, 1, ,36.00,-1873
2018/9/6, 66, , 55, 2, ,41.00,-1874
2018/9/7, 68, , 56, 3, ,42.33,-1875
2018/9/8, 71, , 34, 2, ,35.67,-1876
2018/9/9, 62, , 41, 3, ,35.33,-1877
2018/9/10, 63, , 47, 2, ,37.33,-1878
2018/9/11, 55, , 51, 5, ,37.00,-1879
2018/9/12, 75, , 63, 3, ,47.00,-1880
2018/9/13, 74, , 61, 2, ,45.67,-1881
2018/9/14, 67, , 41, 2, ,36.67,-1882
2018/9/15, 58, , 56, 2, ,38.67,-1883
2018/9/16, 62, , 42, 2, ,35.33,-1884
2018/9/17, 40, , 42, 3, ,28.33,-1885
2018/9/18, 50, , 48, 3, ,33.67,-1886
2018/9/19, 64, , 41, 3, ,36.00,-1887
2018/9/20, 54, , 44, 3, ,33.67,-1888
2018/9/21, 51, , 30, 4, ,28.33,-1889
2018/9/22, 52, , 44, 2, ,32.67,-1890
2018/9/23, 48, , , 4, ,26.00,-1891
2018/9/24, 79, , , , ,79.00,-1892
2018/9/26, 55, , 52, 2, ,36.33,-1893
2018/9/27, 90, , 48, 1, ,46.33,-1894
2018/9/28, 63, , 57, 2, ,40.67,-1895
2018/9/29, 79, , 67, 2, ,49.33,-1896
2018/9/30, 77, , 59, 2, ,46.00,-1897
2018/10/1, 67, , 65, 5, ,45.67,-1898
2016/7/2, , 26, 37, , ,31.50,-1899
2016/7/3, , 20, 41, 1, ,20.67,-1900
2016/7/4, , 21, 37, , ,29.00,-1901
2016/7/5, , 22, 32, 2, ,18.67,-1902
2016/7/6, , 30, 30, 3, ,21.00,-1903
2016/7/7, , 28, 28, 2, ,19.33,-1904
2016/7/8, , 36, 39, 3, ,26.00,-1905
2016/7/9, , 33, 38, 1, ,24.00,-1906
2016/7/10, , 26, 40, 3, ,23.00,-1907
2016/7/11, , 27, 40, 1, ,22.67,-1908
2016/7/12, , 29, 41, 3, ,24.33,-1909
2016/7/13, , 30, 34, 3, ,22.33,-1910
2016/7/14, , 33, 35, 1, ,23.00,-1911
2016/7/15, , 27, 42, 2, ,23.67,-1912
2016/7/16, , 29, 47, 2, ,26.00,-1913
2016/7/17, , 33, 37, 1, ,23.67,-1914
2016/7/18, , 33, 34, 1, ,22.67,-1915
2016/7/19, , 27, 40, 1, ,22.67,-1916
2016/7/20, , 26, 40, 2, ,22.67,-1917
2016/7/21, , 22, 36, 1, ,19.67,-1918
2016/7/22, , 27, 36, 2, ,21.67,-1919
2016/7/23, , 34, 42, 1, ,25.67,-1920
2016/7/24, , 34, 42, 1, ,25.67,-1921
2016/7/25, , 29, 25, 3, ,19.00,-1922
2016/7/26, , 36, 36, 4, ,25.33,-1923
2016/7/27, , 31, 32, 5, ,22.67,-1924
2016/7/28, , 32, 1, 3, ,12.00,-1925
2016/7/29, , 45, 37, 5, ,29.00,-1926
2016/7/30, , 33, 42, 2, ,25.67,-1927
2016/7/31, , 23, , , ,23.00,-1928
2016/8/6, , 41, 50, 3, ,31.33,-1929
2016/8/7, , 39, 39, 1, ,26.33,-1930
2016/8/8, , 28, 37, 3, ,22.67,-1931
2016/8/9, , 36, 35, 5, ,25.33,-1932
2016/8/10, , 40, 44, 2, ,28.67,-1933
2016/8/11, , 36, 41, 1, ,26.00,-1934
2016/8/12, , 37, 44, 7, ,29.33,-1935
2016/8/13, , 31, 55, 3, ,29.67,-1936
2016/8/14, , 31, 27, 5, ,21.00,-1937
2016/8/15, , 36, 45, 1, ,27.33,-1938
2016/8/16, , 34, 46, 1, ,27.00,-1939
2016/8/17, , 36, 38, 2, ,25.33,-1940
2016/8/18, , 34, 39, 1, ,24.67,-1941
2016/8/19, , 31, 43, 3, ,25.67,-1942
2016/8/20, , 28, , , ,28.00,-1943
2016/8/23, , 37, 63, 2, ,34.00,-1944
2016/8/24, , 31, 79, 2, ,37.33,-1945
2016/8/25, , 37, 48, 2, ,29.00,-1946
2016/8/26, , 41, 40, 1, ,27.33,-1947
2016/8/27, , 31, 10, 4, ,15.00,-1948
2016/8/28, , 44, 52, 2, ,32.67,-1949
2016/8/29, , 31, 48, 2, ,27.00,-1950
2016/8/30, , 36, 49, 2, ,29.00,-1951
2016/8/31, , 31, 54, 3, ,29.33,-1952
2016/9/1, , 40, 31, 2, ,24.33,-1953
2016/9/2, , 26, 47, 4, ,25.67,-1954
2016/9/3, , 28, 61, 7, ,32.00,-1955
2016/9/4, , 35, 54, 19, ,36.00,-1956
2016/9/5, , 39, 54, 13, ,35.33,-1957
2016/9/6, , 34, 30, 16, ,26.67,-1958
2016/9/7, , 28, 43, 4, ,25.00,-1959
2016/9/8, , 21, 54, 4, ,26.33,-1960
2016/9/9, , 28, 37, 2, ,22.33,-1961
2016/9/10, , 29, 45, 3, ,25.67,-1962
2016/9/11, , 24, 53, 2, ,26.33,-1963
2016/9/12, , 22, 69, 2, ,31.00,-1964
2016/9/13, , 32, 66, 1, ,33.00,-1965
2016/9/14, , 25, 36, 3, ,21.33,-1966
2016/9/15, , 26, 48, 3, ,25.67,-1967
2016/9/16, , 24, 53, 4, ,27.00,-1968
2016/9/17, , 28, 53, 3, ,28.00,-1969
2016/9/18, , 27, 47, 3, ,25.67,-1970
2016/9/19, , 25, 4, 3, ,10.67,-1971
2016/9/20, , 28, , , ,28.00,-1972
2016/4/2, , 13, 36, , ,24.50,-1973
2016/4/3, , 12, 45, 1, ,19.33,-1974
2016/4/4, , 16, 35, 10, ,20.33,-1975
2016/4/5, , 27, 52, 5, ,28.00,-1976
2016/4/6, , 14, 49, 12, ,25.00,-1977
2016/4/7, , 33, 45, 2, ,26.67,-1978
2016/4/8, , 19, 34, , ,26.50,-1979
2016/4/9, , 27, 34, 1, ,20.67,-1980
2016/4/10, , 19, 12, , ,15.50,-1981
2016/4/11, , 17, 25, , ,21.00,-1982
2016/4/12, , 17, 29, 2, ,16.00,-1983
2016/4/13, , 15, 43, 1, ,19.67,-1984
2016/4/14, , 16, 43, 3, ,20.67,-1985
2016/4/15, , 27, 52, 2, ,27.00,-1986
2016/4/16, , 31, 48, 2, ,27.00,-1987
2016/4/17, , 36, 31, , ,33.50,-1988
2016/4/18, , 21, 24, 1, ,15.33,-1989
2016/4/19, , 24, 38, 4, ,22.00,-1990
2016/4/20, , 33, 32, 1, ,22.00,-1991
2016/4/21, , 30, 37, 2, ,23.00,-1992
2016/4/22, , 33, 27, 1, ,20.33,-1993
2016/4/23, , 28, 29, , ,28.50,-1994
2016/4/24, , 18, 31, , ,24.50,-1995
2016/4/25, , 13, 38, 1, ,17.33,-1996
2016/4/26, , 20, 50, 2, ,24.00,-1997
2016/4/27, , 29, 45, 2, ,25.33,-1998
2016/4/28, , 22, 35, 1, ,19.33,-1999
2016/4/29, , 15, 46, 2, ,21.00,-2000
2016/4/30, , 23, 17, , ,20.00,-2001
2016/5/1, , 14, 37, 1, ,17.33,-2002
2016/5/2, , 18, 43, 9, ,23.33,-2003
2016/5/3, , 21, 41, 1, ,21.00,-2004
2016/5/4, , 14, 36, 1, ,17.00,-2005
2016/5/5, , 26, 40, , ,33.00,-2006
2016/5/6, , 23, 36, 1, ,20.00,-2007
2016/5/7, , 26, 36, , ,31.00,-2008
2016/5/8, , 14, 34, 1, ,16.33,-2009
2016/5/9, , 19, 30, 2, ,17.00,-2010
2016/5/10, , 24, 29, 1, ,18.00,-2011
2016/5/11, , 17, 45, 1, ,21.00,-2012
2016/5/12, , 25, 38, 2, ,21.67,-2013
2016/5/13, , 20, 22, 2, ,14.67,-2014
2016/5/14, , 28, 21, 2, ,17.00,-2015
2016/5/15, , 23, 25, 1, ,16.33,-2016
2016/5/16, , 22, 24, 2, ,16.00,-2017
2016/5/17, , 27, 32, 5, ,21.33,-2018
2016/5/18, , 27, 34, 1, ,20.67,-2019
2016/5/19, , 25, 32, 2, ,19.67,-2020
2016/5/20, , 29, 29, 1, ,19.67,-2021
2016/5/21, , 28, 28, 1, ,19.00,-2022
2016/5/22, , 31, 28, 1, ,20.00,-2023
2016/5/23, , 33, 26, 1, ,20.00,-2024
2016/5/24, , 29, 33, 1, ,21.00,-2025
2016/5/25, , 32, 22, , ,27.00,-2026
2016/5/26, , 12, 46, 2, ,20.00,-2027
2016/5/27, , 30, 42, 1, ,24.33,-2028
2016/5/28, , 25, 52, 3, ,26.67,-2029
2016/5/29, , 26, 29, 1, ,18.67,-2030
2016/5/30, , 12, 37, 2, ,17.00,-2031
2016/5/31, , 24, 40, 4, ,22.67,-2032
2016/6/1, , 29, 42, 3, ,24.67,-2033
2016/6/2, , 27, 30, 1, ,19.33,-2034
2016/6/3, , 17, 25, 3, ,15.00,-2035
2016/6/4, , 18, 32, 3, ,17.67,-2036
2016/6/5, , 25, 38, 3, ,22.00,-2037
2016/6/6, , 21, 27, 2, ,16.67,-2038
2016/6/7, , 22, 36, 4, ,20.67,-2039
2016/6/8, , 28, 52, 2, ,27.33,-2040
2016/6/9, , 18, 35, 2, ,18.33,-2041
2016/6/10, , 22, 36, 2, ,20.00,-2042
2016/6/11, , 29, 28, 1, ,19.33,-2043
2016/6/12, , 23, 33, , ,28.00,-2044
2016/6/13, , 23, 32, , ,27.50,-2045
2016/6/14, , 20, 27, 1, ,16.00,-2046
2016/6/15, , 22, 31, 1, ,18.00,-2047
2016/6/16, , 27, 29, 1, ,19.00,-2048
2016/6/17, , 23, 33, 1, ,19.00,-2049
2016/6/18, , 24, 36, 1, ,20.33,-2050
2016/6/19, , 32, 33, 2, ,22.33,-2051
2016/6/20, , 28, 34, , ,31.00,-2052
2016/6/21, , 28, 39, 1, ,22.67,-2053
2016/6/22, , 26, 34, 2, ,20.67,-2054
2016/6/23, , 28, 37, 1, ,22.00,-2055
2016/6/24, , 25, 31, 4, ,20.00,-2056
2016/6/25, , 18, 44, 1, ,21.00,-2057
2016/6/26, , 28, 30, 1, ,19.67,-2058
2016/6/27, , 17, 39, 1, ,19.00,-2059
2016/6/28, , 21, 36, , ,28.50,-2060
2016/6/29, , 24, 32, 1, ,19.00,-2061
2016/6/30, , 27, 30, 1, ,19.33,-2062
2016/7/1, , 29, 28, , ,28.50,-2063
2016/3/17, , 26, 40, 1, ,22.33,-2064
2016/3/18, , 13, 22, 1, ,12.00,-2065
2016/3/19, , 17, 33, 1, ,17.00,-2066
2016/3/20, , 19, 32, , ,25.50,-2067
2016/3/21, , 18, 36, 1, ,18.33,-2068
2016/3/22, , 41, 25, 1, ,22.33,-2069
2016/3/23, , 33, 27, 3, ,21.00,-2070
2016/3/24, , 26, 42, 1, ,23.00,-2071
2016/3/25, , 34, 43, 7, ,28.00,-2072
2016/3/26, , 32, 50, 3, ,28.33,-2073
2016/3/27, , 25, 1, 2, ,9.33,-2074
2016/3/28, , 35, 44, 2, ,27.00,-2075
2016/3/29, , 22, 45, 1, ,22.67,-2076
2016/3/30, , 28, 50, 5, ,27.67,-2077
2016/3/31, , 13, 22, 3, ,12.67,-2078
2016/4/1, , 27, 49, 6, ,27.33,-2079
2015/10/2, , 41, 74, 17, ,44.00,-2080
2015/10/3, , 44, 58, 20, ,40.67,-2081
2015/10/4, , 38, 61, 3, ,34.00,-2082
2015/10/5, , 36, 68, 4, ,36.00,-2083
2015/10/6, , 29, 61, 12, ,34.00,-2084
2015/10/7, , 39, 56, 7, ,34.00,-2085
2015/10/8, , 38, 72, 10, ,40.00,-2086
2015/10/9, , 43, 71, 5, ,39.67,-2087
2015/10/10, , 38, 60, 2, ,33.33,-2088
2015/10/11, , 22, 57, 1, ,26.67,-2089
2015/10/12, , 56, 56, 1, ,37.67,-2090
2015/10/13, , 27, 51, 1, ,26.33,-2091
2015/10/14, , 21, 59, 1, ,27.00,-2092
2015/10/15, , 15, 58, 4, ,25.67,-2093
2015/10/16, , 23, 50, 1, ,24.67,-2094
2015/10/17, , 18, 49, 2, ,23.00,-2095
2015/10/18, , 23, 53, 3, ,26.33,-2096
2015/10/19, , 20, 66, 1, ,29.00,-2097
2015/10/20, , 24, 53, 1, ,26.00,-2098
2015/10/21, , 36, 63, 1, ,33.33,-2099
2015/10/22, , 40, 54, 1, ,31.67,-2100
2015/10/23, , 37, 40, 5, ,27.33,-2101
2015/10/24, , 40, 67, 2, ,36.33,-2102
2015/10/25, , 34, 62, 2, ,32.67,-2103
2015/10/26, , 17, 67, 6, ,30.00,-2104
2015/10/27, , 36, 63, 14, ,37.67,-2105
2015/10/28, , 38, 66, 10, ,38.00,-2106
2015/10/29, , 36, 64, 1, ,33.67,-2107
2015/10/30, , 26, 73, 9, ,36.00,-2108
2015/10/31, , 32, 62, 1, ,31.67,-2109
2015/11/1, , 20, 61, , ,40.50,-2110
2015/11/2, , 17, 53, 3, ,24.33,-2111
2015/11/3, , 28, 73, 6, ,35.67,-2112
2015/11/4, , 34, 50, 11, ,31.67,-2113
2015/11/5, , 39, , , ,39.00,-2114
2015/11/11, , 29, 47, 7, ,27.67,-2115
2015/11/12, , 30, 69, 7, ,35.33,-2116
2015/11/13, , 33, 61, 4, ,32.67,-2117
2015/11/14, , 33, 43, 2, ,26.00,-2118
2015/11/15, , 34, 41, 6, ,27.00,-2119
2015/11/16, , 23, 56, 5, ,28.00,-2120
2015/11/17, , 29, 39, 12, ,26.67,-2121
2015/11/18, , 28, 45, 5, ,26.00,-2122
2015/11/19, , 24, 54, , ,39.00,-2123
2015/11/20, , 18, 52, 4, ,24.67,-2124
2015/11/21, , 24, 46, 1, ,23.67,-2125
2015/11/22, , 25, 47, 7, ,26.33,-2126
2015/11/23, , 37, 31, 6, ,24.67,-2127
2015/11/24, , 32, , , ,32.00,-2128
2015/7/2, , 40, 26, 3, ,23.00,-2129
2015/7/3, , 31, 22, 2, ,18.33,-2130
2015/7/4, , 36, 33, 5, ,24.67,-2131
2015/7/5, , 41, 33, 2, ,25.33,-2132
2015/7/6, , 28, 36, 1, ,21.67,-2133
2015/7/7, , 27, 35, , ,31.00,-2134
2015/7/8, , 26, 34, 1, ,20.33,-2135
2015/7/9, , 31, 30, 4, ,21.67,-2136
2015/7/10, , 39, 15, 5, ,19.67,-2137
2015/7/11, , 37, 25, 1, ,21.00,-2138
2015/7/12, , 28, 35, 1, ,21.33,-2139
2015/7/13, , 18, 39, 2, ,19.67,-2140
2015/7/14, , 35, 29, 10, ,24.67,-2141
2015/7/15, , 36, 30, 6, ,24.00,-2142
2015/7/16, , 47, 31, 2, ,26.67,-2143
2015/7/17, , 32, 39, 3, ,24.67,-2144
2015/7/18, , 37, 33, 2, ,24.00,-2145
2015/7/19, , 27, 42, 3, ,24.00,-2146
2015/7/20, , 30, 38, 3, ,23.67,-2147
2015/7/21, , 26, 30, 4, ,20.00,-2148
2015/7/22, , 27, 17, 3, ,15.67,-2149
2015/7/23, , 14, 28, 8, ,16.67,-2150
2015/7/24, , 20, 32, 3, ,18.33,-2151
2015/7/25, , 21, 30, 2, ,17.67,-2152
2015/7/26, , 25, 33, 2, ,20.00,-2153
2015/7/27, , 22, 23, 2, ,15.67,-2154
2015/7/28, , 26, 23, 1, ,16.67,-2155
2015/7/29, , 21, 12, 1, ,11.33,-2156
2015/7/30, , 24, 29, 3, ,18.67,-2157
2015/7/31, , 31, 34, 2, ,22.33,-2158
2015/8/1, , 33, 32, 3, ,22.67,-2159
2015/8/2, , 36, 33, 4, ,24.33,-2160
2015/8/3, , 29, 38, 3, ,23.33,-2161
2015/8/4, , 39, 36, 5, ,26.67,-2162
2015/8/5, , 32, 42, 2, ,25.33,-2163
2015/8/6, , 31, 47, 3, ,27.00,-2164
2015/8/7, , 29, 38, 5, ,24.00,-2165
2015/8/8, , 42, 45, 6, ,31.00,-2166
2015/8/9, , 40, 45, 2, ,29.00,-2167
2015/8/10, , 22, 42, 2, ,22.00,-2168
2015/8/11, , 32, 40, 9, ,27.00,-2169
2015/8/12, , 44, 33, 8, ,28.33,-2170
2015/8/13, , 45, 45, 6, ,32.00,-2171
2015/8/14, , 38, 34, 3, ,25.00,-2172
2015/8/15, , 30, 39, 3, ,24.00,-2173
2015/8/16, , 24, 45, 2, ,23.67,-2174
2015/8/17, , 24, 50, 2, ,25.33,-2175
2015/8/18, , 26, 67, 3, ,32.00,-2176
2015/8/19, , 35, 52, 3, ,30.00,-2177
2015/8/20, , 36, 45, 3, ,28.00,-2178
2015/8/21, , 38, 52, 4, ,31.33,-2179
2015/8/22, , 40, 54, 6, ,33.33,-2180
2015/8/23, , 45, 50, 4, ,33.00,-2181
2015/8/24, , 44, 41, 3, ,29.33,-2182
2015/8/25, , 38, 42, 3, ,27.67,-2183
2015/8/26, , 32, 46, 13, ,30.33,-2184
2015/8/27, , 40, 52, 10, ,34.00,-2185
2015/8/28, , 44, 42, 7, ,31.00,-2186
2015/8/29, , 45, 47, 4, ,32.00,-2187
2015/8/30, , 36, 47, 3, ,28.67,-2188
2015/8/31, , 35, 44, 2, ,27.00,-2189
2015/9/1, , 31, 43, 2, ,25.33,-2190
2015/9/2, , 31, 52, 2, ,28.33,-2191
2015/9/3, , 41, 59, 2, ,34.00,-2192
2015/9/4, , 46, 63, 3, ,37.33,-2193
2015/9/5, , 45, 58, 3, ,35.33,-2194
2015/9/6, , 44, 25, 1, ,23.33,-2195
2015/9/7, , 28, 47, 2, ,25.67,-2196
2015/9/8, , 42, 69, 4, ,38.33,-2197
2015/9/9, , 39, 67, 7, ,37.67,-2198
2015/9/10, , 58, 92, 3, ,51.00,-2199
2015/9/11, , 36, 93, 5, ,44.67,-2200
2015/9/12, , 50, 102, 3, ,51.67,-2201
2015/9/13, , 56, 121, 3, ,60.00,-2202
2015/9/14, , 47, 139, 3, ,63.00,-2203
2015/9/15, , 52, 109, 8, ,56.33,-2204
2015/9/16, , 55, 70, 5, ,43.33,-2205
2015/9/17, , 51, 89, 2, ,47.33,-2206
2015/9/18, , 48, 69, 1, ,39.33,-2207
2015/9/19, , 41, 21, 7, ,23.00,-2208
2015/9/20, , 47, 70, 3, ,40.00,-2209
2015/9/21, , 44, 68, 5, ,39.00,-2210
2015/9/22, , 43, 47, 4, ,31.33,-2211
2015/9/23, , 30, 45, 7, ,27.33,-2212
2015/9/24, , 37, 55, 4, ,32.00,-2213
2015/9/25, , 43, 57, 7, ,35.67,-2214
2015/9/26, , 43, 55, 4, ,34.00,-2215
2015/9/27, , 42, 51, 3, ,32.00,-2216
2015/9/28, , 35, 76, 9, ,40.00,-2217
2015/9/29, , 44, 96, 5, ,48.33,-2218
2015/9/30, , 45, 80, 2, ,42.33,-2219
2015/10/1, , 41, 75, 4, ,40.00,-2220
2025/1/1, , , 33, 1, 2,12.00,-2221
2025/2/3, , , 30, 4, 6,13.33,-2222
2025/2/15, , , 36, 1, 2,13.00,-2223
2025/2/24, , , 41, 1, 4,15.33,-2224
2024/10/17, , , 85, 3, 2,30.00,-2225
2024/10/24, , , 52, 3, 12,22.33,-2226
2024/10/25, , , 54, 1, 11,22.00,-2227
2024/10/26, , , 50, 3, 16,23.00,-2228
2024/10/27, , , 43, 2, 15,20.00,-2229
2024/10/28, , , 13, 2, 15,10.00,-2230
2024/10/29, , , 31, 5, 20,18.67,-2231
2024/10/30, , , 24, 5, 18,15.67,-2232
2024/10/31, , , 20, 3, 19,14.00,-2233
2024/11/1, , , 70, 4, 15,29.67,-2234
2024/11/2, , , 47, 2, 10,19.67,-2235
2024/11/3, , , 46, 3, 10,19.67,-2236
2024/11/4, , , 44, 4, 11,19.67,-2237
2024/11/5, , , 69, 8, 13,30.00,-2238
2024/11/6, , , 78, 6, 13,32.33,-2239
2024/11/7, , , 75, 8, 14,32.33,-2240
2024/11/8, , , 66, 7, 13,28.67,-2241
2024/11/9, , , 44, 7, 16,22.33,-2242
2024/11/10, , , 101, 8, 16,41.67,-2243
2024/11/11, , , 112, 9, 16,45.67,-2244
2024/11/12, , , 113, 12, 19,48.00,-2245
2024/11/13, , , 58, 5, 16,26.33,-2246
2024/11/14, , , 50, 4, 19,24.33,-2247
2024/11/15, , , 102, 10, 18,43.33,-2248
2024/11/16, , , 45, 4, 20,23.00,-2249
2024/11/17, , , 45, 2, 17,21.33,-2250
2024/11/18, , , 46, 2, 17,21.67,-2251
2024/11/19, , , 65, 3, 17,28.33,-2252
2024/11/20, , , 55, 4, 16,25.00,-2253
2024/11/21, , , 35, 2, 17,18.00,-2254
2024/11/22, , , 40, 2, 19,20.33,-2255
2024/11/23, , , 61, 4, 18,27.67,-2256
2024/11/24, , , 56, 3, 18,25.67,-2257
2024/11/25, , , 42, 3, 16,20.33,-2258
2024/11/26, , , 38, 8, 18,21.33,-2259
2024/11/27, , , 42, 4, 15,20.33,-2260
2024/11/28, , , 29, 7, 20,18.67,-2261
2024/11/29, , , 5, 15, 18,12.67,-2262
2024/12/1, , , 26, 6, 20,17.33,-2263
2024/12/2, , , 47, 3, 18,22.67,-2264
2024/12/3, , , 48, 2, 10,20.00,-2265
2024/12/4, , , 47, 4, 4,18.33,-2266
2024/12/5, , , 52, 2, 3,19.00,-2267
2024/12/6, , , 50, 3, 3,18.67,-2268
2024/12/7, , , 34, 6, 5,15.00,-2269
2024/12/8, , , 50, 4, 3,19.00,-2270
2024/12/9, , , 43, 4, 3,16.67,-2271
2024/12/10, , , 33, 3, 4,13.33,-2272
2024/12/11, , , 38, 1, 3,14.00,-2273
2024/12/12, , , 45, 1, 3,16.33,-2274
2024/12/13, , , 26, 1, 5,10.67,-2275
2024/12/14, , , 32, 8, 7,15.67,-2276
2024/12/15, , , 54, 1, 4,19.67,-2277
2024/12/16, , , 45, 3, 5,17.67,-2278
2024/12/17, , , 35, 5, 5,15.00,-2279
2024/12/18, , , 35, 6, 5,15.33,-2280
2024/12/19, , , 37, 6, 7,16.67,-2281
2024/12/20, , , 35, 4, 6,15.00,-2282
2024/12/21, , , 38, 2, 5,15.00,-2283
2024/9/11, , , 73, 6, 6,28.33,-2284
2024/6/23, , , 58, 5, 2,21.67,-2285
2024/6/24, , , 53, 4, 2,19.67,-2286
2023/10/8, , , 69, 4, 4,25.67,-2287
2023/7/24, , , 34, 2, 4,13.33,-2288
2023/3/7, , , 8, 3, 6,5.67,-2289
2023/3/18, , , 4, 3, 9,5.33,-2290
2022/4/28, , , 34, 4, 6,14.67,-2291
2022/2/11, , , 40, 2, 1,14.33,-2292
2021/8/5, , , 44, 1, 5,16.67,-2293
2021/6/6, , , 30, 4, 3,12.33,-2294
2021/6/7, , , 25, 2, 3,10.00,-2295
2021/6/21, , , 28, 4, 6,12.67,-2296
2021/1/4, , , 25, 1, 2,9.33,-2297
2021/2/15, , , 36, 3, 3,14.00,-2298
2020/9/30, , , 17, 3, 3,7.67,-2299
2020/5/22, , , 34, 2, 2,12.67,-2300
2020/1/1, , , 31, 2, 4,12.33,-2301
2020/2/12, , , 33, 3, 7,14.33,-2302
2019/10/22, , , 35, 1, 4,13.33,-2303
2019/11/17, , , 34, 2, 3,13.00,-2304
2019/11/18, , , 34, 2, 5,13.67,-2305
2019/11/24, , , 51, 3, 5,19.67,-2306
2019/11/25, , , 31, 2, 3,12.00,-2307
2019/7/15, , , 17, 2, 5,8.00,-2308
2019/8/19, , , 30, 3, 5,12.67,-2309
2019/9/2, , , 40, 3, 5,16.00,-2310
2019/4/1, , , 15, 3, ,9.00,-2311
2019/4/29, , , 29, 2, ,15.50,-2312
2019/6/3, , , 22, 3, ,12.50,-2313
2019/6/12, , , 17, 2, 6,8.33,-2314
2019/6/13, , , 24, 3, 6,11.00,-2315
2019/6/14, , , 32, 2, 6,13.33,-2316
2019/6/15, , , 36, 3, 5,14.67,-2317
2019/6/16, , , 25, 2, 5,10.67,-2318
2019/6/17, , , 20, 2, 5,9.00,-2319
2018/10/9, , , 19, 2, ,10.50,-2320
2018/12/23, , , 12, 2, ,7.00,-2321
2018/8/25, , , 31, 2, ,16.50,-2322
2018/9/25, , , 46, 3, ,24.50,-2323
2016/8/5, , , 38, 4, ,21.00,-2324
2016/8/22, , , 58, 1, ,29.50,-2325
2016/1/8, , , 21, 1, ,11.00,-2326
2016/1/9, , , 42, 4, ,23.00,-2327
2016/1/10, , , 55, 6, ,30.50,-2328
2016/1/11, , , 36, 1, ,18.50,-2329
2016/1/12, , , 42, 1, ,21.50,-2330
2016/1/13, , , 41, 1, ,21.00,-2331
2016/1/14, , , 26, 1, ,13.50,-2332
2016/1/15, , , 23, , ,23.00,-2333
2016/1/16, , , 52, 4, ,28.00,-2334
2016/1/17, , , 51, 4, ,27.50,-2335
2016/1/18, , , 47, 6, ,26.50,-2336
2016/1/19, , , 43, 4, ,23.50,-2337
2016/1/20, , , 42, 6, ,24.00,-2338
2016/1/21, , , 39, 1, ,20.00,-2339
2016/1/22, , , 37, 3, ,20.00,-2340
2016/1/23, , , 52, 2, ,27.00,-2341
2016/1/24, , , 43, 6, ,24.50,-2342
2016/1/25, , , 47, 8, ,27.50,-2343
2016/1/26, , , 27, 2, ,14.50,-2344
2016/1/27, , , 59, 6, ,32.50,-2345
2016/1/28, , , 67, 6, ,36.50,-2346
2016/1/29, , , 59, 5, ,32.00,-2347
2016/1/30, , , 44, 16, ,30.00,-2348
2016/1/31, , , 45, 3, ,24.00,-2349
2016/2/1, , , 55, 10, ,32.50,-2350
2016/2/2, , , 76, 11, ,43.50,-2351
2016/2/3, , , 72, 10, ,41.00,-2352
2016/2/4, , , 36, 2, ,19.00,-2353
2016/2/5, , , 56, 6, ,31.00,-2354
2016/2/6, , , 53, 3, ,28.00,-2355
2016/2/7, , , 61, 4, ,32.50,-2356
2016/2/8, , , 46, 4, ,25.00,-2357
2016/2/9, , , 38, 7, ,22.50,-2358
2016/2/10, , , 38, , ,38.00,-2359
2016/2/11, , , 37, 2, ,19.50,-2360
2016/2/12, , , 34, 6, ,20.00,-2361
2016/2/13, , , 46, 2, ,24.00,-2362
2016/2/14, , , 49, 3, ,26.00,-2363
2016/2/15, , , 34, 1, ,17.50,-2364
2016/2/16, , , 30, 13, ,21.50,-2365
2016/2/17, , , 35, 1, ,18.00,-2366
2016/2/18, , , 39, 1, ,20.00,-2367
2016/2/19, , , 40, 1, ,20.50,-2368
2016/2/20, , , 39, 1, ,20.00,-2369
2016/2/21, , , 44, 3, ,23.50,-2370
2016/2/22, , , 50, 1, ,25.50,-2371
2016/2/23, , , 46, 4, ,25.00,-2372
2016/2/24, , , 51, 3, ,27.00,-2373
2016/2/25, , , 32, 5, ,18.50,-2374
2016/2/26, , , 35, 1, ,18.00,-2375
2016/2/27, , , 40, 1, ,20.50,-2376
2016/2/28, , , 49, 4, ,26.50,-2377
2016/2/29, , , 48, 3, ,25.50,-2378
2016/3/1, , , 40, , ,40.00,-2379
2016/3/2, , , 34, 1, ,17.50,-2380
2016/3/3, , , 51, 1, ,26.00,-2381
2016/3/4, , , 37, , ,37.00,-2382
2016/3/5, , , 36, , ,36.00,-2383
2016/3/6, , , 41, , ,41.00,-2384
2016/3/7, , , 43, 1, ,22.00,-2385
2016/3/8, , , 27, 3, ,15.00,-2386
2016/3/9, , , 52, 3, ,27.50,-2387
2016/3/10, , , 43, 5, ,24.00,-2388
2016/3/11, , , 61, 9, ,35.00,-2389
2016/3/12, , , 59, 5, ,32.00,-2390
2016/3/13, , , 50, 1, ,25.50,-2391
2016/3/14, , , 42, 1, ,21.50,-2392
2016/3/15, , , 57, 2, ,29.50,-2393
2016/3/16, , , 54, 1, ,27.50,-2394
2015/11/10, , , 48, 3, ,25.50,-2395
2015/7/1, , , 28, 2, ,15.00,-2396
2015/4/2, , , 42, 2, ,22.00,-2397
2015/4/3, , , 42, 2, ,22.00,-2398
2015/4/4, , , 40, 2, ,21.00,-2399
2015/4/5, , , 38, 1, ,19.50,-2400
2015/4/6, , , 34, 1, ,17.50,-2401
2015/4/7, , , 35, 3, ,19.00,-2402
2015/4/8, , , 27, 1, ,14.00,-2403
2015/4/9, , , 40, 6, ,23.00,-2404
2015/4/10, , , 34, 2, ,18.00,-2405
2015/4/11, , , 39, 4, ,21.50,-2406
2015/4/12, , , 36, 4, ,20.00,-2407
2015/4/13, , , 36, 4, ,20.00,-2408
2015/4/14, , , 39, 2, ,20.50,-2409
2015/4/15, , , 31, 2, ,16.50,-2410
2015/4/16, , , 41, 3, ,22.00,-2411
2015/4/17, , , 35, 5, ,20.00,-2412
2015/4/18, , , 31, 6, ,18.50,-2413
2015/4/19, , , 52, 7, ,29.50,-2414
2015/4/20, , , 47, 4, ,25.50,-2415
2015/4/21, , , 33, 5, ,19.00,-2416
2015/4/22, , , 30, 4, ,17.00,-2417
2015/4/23, , , 33, 6, ,19.50,-2418
2015/4/24, , , 29, 10, ,19.50,-2419
2015/4/25, , , 25, 4, ,14.50,-2420
2015/4/26, , , 31, 1, ,16.00,-2421
2015/4/27, , , 25, 3, ,14.00,-2422
2015/4/28, , , 23, 2, ,12.50,-2423
2015/4/29, , , 26, 7, ,16.50,-2424
2015/4/30, , , 33, 2, ,17.50,-2425
2015/5/1, , , 46, 3, ,24.50,-2426
2015/5/5, , , 31, 10, ,20.50,-2427
2015/5/6, , , 41, 5, ,23.00,-2428
2015/5/7, , , 33, 4, ,18.50,-2429
2015/5/8, , , 31, 2, ,16.50,-2430
2015/5/9, , , 27, 2, ,14.50,-2431
2015/5/10, , , 23, 2, ,12.50,-2432
2015/5/11, , , 17, 2, ,9.50,-2433
2015/5/12, , , 24, 1, ,12.50,-2434
2015/5/13, , , 22, 3, ,12.50,-2435
2015/5/14, , , 32, 2, ,17.00,-2436
2015/5/15, , , 25, 2, ,13.50,-2437
2015/5/16, , , 32, 1, ,16.50,-2438
2015/5/17, , , 34, 2, ,18.00,-2439
2015/5/18, , , 33, 2, ,17.50,-2440
2015/5/19, , , 25, 3, ,14.00,-2441
2015/5/20, , , 27, 1, ,14.00,-2442
2015/5/21, , , 27, 2, ,14.50,-2443
2015/5/22, , , 28, 1, ,14.50,-2444
2015/5/23, , , 37, 4, ,20.50,-2445
2015/5/24, , , 28, 10, ,19.00,-2446
2015/5/25, , , 38, 3, ,20.50,-2447
2015/5/26, , , 26, 4, ,15.00,-2448
2015/5/27, , , 36, 7, ,21.50,-2449
2015/5/28, , , 30, 1, ,15.50,-2450
2015/5/29, , , 19, 5, ,12.00,-2451
2015/5/30, , , 30, 3, ,16.50,-2452
2015/5/31, , , 37, 1, ,19.00,-2453
2015/6/1, , , 24, 2, ,13.00,-2454
2015/6/2, , , 22, 2, ,12.00,-2455
2015/6/3, , , 29, 4, ,16.50,-2456
2015/6/4, , , 26, 1, ,13.50,-2457
2015/6/5, , , 31, 1, ,16.00,-2458
2015/6/6, , , 32, , ,32.00,-2459
2015/6/7, , , 31, 1, ,16.00,-2460
2015/6/8, , , 32, 1, ,16.50,-2461
2015/6/9, , , 27, 2, ,14.50,-2462
2015/6/10, , , 32, 2, ,17.00,-2463
2015/6/11, , , 35, , ,35.00,-2464
2015/6/12, , , 20, 1, ,10.50,-2465
2015/6/13, , , 24, 1, ,12.50,-2466
2015/6/14, , , 24, , ,24.00,-2467
2015/6/15, , , 32, 1, ,16.50,-2468
2015/6/16, , , 26, 1, ,13.50,-2469
2015/6/17, , , 25, 1, ,13.00,-2470
2015/6/18, , , 25, 2, ,13.50,-2471
2015/6/19, , , 23, 3, ,13.00,-2472
2015/6/20, , , 34, 1, ,17.50,-2473
2015/6/21, , , 29, , ,29.00,-2474
2015/6/22, , , 29, , ,29.00,-2475
2015/6/23, , , 23, 6, ,14.50,-2476
2015/6/24, , , 27, 1, ,14.00,-2477
2015/6/25, , , 34, , ,34.00,-2478
2015/6/26, , , 36, , ,36.00,-2479
2015/6/27, , , 30, , ,30.00,-2480
2015/6/28, , , 38, , ,38.00,-2481
2015/6/29, , , 32, , ,32.00,-2482
2015/6/30, , , 28, , ,28.00,-2483
2015/1/2, , , 42, 7, ,24.50,-2484
2015/1/3, , , 28, 9, ,18.50,-2485
2015/1/4, , , 30, 12, ,21.00,-2486
2015/1/5, , , 30, 10, ,20.00,-2487
2015/1/6, , , 34, 7, ,20.50,-2488
2015/1/7, , , 33, 6, ,19.50,-2489
2015/1/8, , , 30, 2, ,16.00,-2490
2015/1/9, , , 29, 8, ,18.50,-2491
2015/1/10, , , 25, 2, ,13.50,-2492
2015/1/11, , , 31, 6, ,18.50,-2493
2015/1/12, , , 30, 4, ,17.00,-2494
2015/1/13, , , 30, 10, ,20.00,-2495
2015/1/14, , , 34, 10, ,22.00,-2496
2015/1/15, , , 44, 10, ,27.00,-2497
2015/1/16, , , 32, 10, ,21.00,-2498
2015/1/17, , , 36, 4, ,20.00,-2499
2015/1/18, , , 34, 5, ,19.50,-2500
2015/1/19, , , 32, 3, ,17.50,-2501
2015/1/20, , , 31, 2, ,16.50,-2502
2015/1/21, , , 26, 1, ,13.50,-2503
2015/1/22, , , 34, 1, ,17.50,-2504
2015/1/23, , , 32, 2, ,17.00,-2505
2015/1/24, , , 29, 3, ,16.00,-2506
2015/1/25, , , 28, 2, ,15.00,-2507
2015/1/26, , , 47, 2, ,24.50,-2508
2015/1/27, , , 30, 2, ,16.00,-2509
2015/1/28, , , 32, 1, ,16.50,-2510
2015/1/29, , , 38, 5, ,21.50,-2511
2015/1/30, , , 35, 2, ,18.50,-2512
2015/1/31, , , 35, 1, ,18.00,-2513
2015/2/1, , , 34, 3, ,18.50,-2514
2015/2/2, , , 26, 2, ,14.00,-2515
2015/2/3, , , 22, 1, ,11.50,-2516
2015/2/4, , , 22, 2, ,12.00,-2517
2015/2/5, , , 24, 4, ,14.00,-2518
2015/2/6, , , 34, 7, ,20.50,-2519
2015/2/7, , , 37, 3, ,20.00,-2520
2015/2/8, , , 37, 1, ,19.00,-2521
2015/2/9, , , 34, 1, ,17.50,-2522
2015/2/10, , , 23, 1, ,12.00,-2523
2015/2/11, , , 35, 1, ,18.00,-2524
2015/2/12, , , 39, 2, ,20.50,-2525
2015/2/13, , , 44, 1, ,22.50,-2526
2015/2/14, , , 36, 10, ,23.00,-2527
2015/2/15, , , 28, 5, ,16.50,-2528
2015/2/16, , , 44, 4, ,24.00,-2529
2015/2/17, , , 52, 6, ,29.00,-2530
2015/2/18, , , 60, 5, ,32.50,-2531
2015/2/19, , , 47, , ,47.00,-2532
2015/2/20, , , 20, , ,20.00,-2533
2015/2/21, , , 43, 3, ,23.00,-2534
2015/2/22, , , 45, 4, ,24.50,-2535
2015/2/23, , , 67, 4, ,35.50,-2536
2015/2/24, , , 48, 16, ,32.00,-2537
2015/2/25, , , 38, 4, ,21.00,-2538
2015/2/26, , , 62, 3, ,32.50,-2539
2015/2/27, , , 63, 4, ,33.50,-2540
2015/2/28, , , 49, 8, ,28.50,-2541
2015/3/1, , , 37, 1, ,19.00,-2542
2015/3/2, , , 42, 6, ,24.00,-2543
2015/3/3, , , 39, 4, ,21.50,-2544
2015/3/4, , , 45, 2, ,23.50,-2545
2015/3/5, , , 48, 13, ,30.50,-2546
2015/3/6, , , 45, 4, ,24.50,-2547
2015/3/7, , , 47, 2, ,24.50,-2548
2015/3/8, , , 33, 10, ,21.50,-2549
2015/3/9, , , 26, 9, ,17.50,-2550
2015/3/10, , , 25, 8, ,16.50,-2551
2015/3/11, , , 27, 2, ,14.50,-2552
2015/3/12, , , 26, 11, ,18.50,-2553
2015/3/13, , , 31, 2, ,16.50,-2554
2015/3/14, , , 30, 2, ,16.00,-2555
2015/3/15, , , 35, 1, ,18.00,-2556
2015/3/16, , , 37, 3, ,20.00,-2557
2015/3/17, , , 29, 1, ,15.00,-2558
2015/3/18, , , 26, 1, ,13.50,-2559
2015/3/19, , , 27, 6, ,16.50,-2560
2015/3/20, , , 33, 5, ,19.00,-2561
2015/3/21, , , 21, 1, ,11.00,-2562
2015/3/22, , , 33, 2, ,17.50,-2563
2015/3/23, , , , 4, ,4.00,-2564
2014/11/2, , , 50, 8, ,29.00,-2565
2014/11/3, , , 43, 12, ,27.50,-2566
2014/11/4, , , 41, 3, ,22.00,-2567
2014/11/5, , , 36, 4, ,20.00,-2568
2014/11/6, , , 53, 7, ,30.00,-2569
2014/11/7, , , 42, 6, ,24.00,-2570
2014/11/8, , , 49, 6, ,27.50,-2571
2014/11/9, , , 44, 8, ,26.00,-2572
2014/11/10, , , 48, 2, ,25.00,-2573
2014/11/11, , , 32, 4, ,18.00,-2574
2014/11/12, , , 34, 3, ,18.50,-2575
2014/11/13, , , 27, 3, ,15.00,-2576
2014/11/14, , , 32, 5, ,18.50,-2577
2014/11/15, , , 34, 5, ,19.50,-2578
2014/11/16, , , 42, 7, ,24.50,-2579
2014/11/17, , , 38, 4, ,21.00,-2580
2014/11/18, , , 28, 5, ,16.50,-2581
2014/11/19, , , 38, 6, ,22.00,-2582
2014/11/20, , , 33, 5, ,19.00,-2583
2014/11/21, , , 42, 4, ,23.00,-2584
2014/11/22, , , 34, 5, ,19.50,-2585
2014/11/23, , , 34, 10, ,22.00,-2586
2014/11/24, , , 34, 10, ,22.00,-2587
2014/11/25, , , 37, 4, ,20.50,-2588
2014/11/26, , , 38, 1, ,19.50,-2589
2014/11/27, , , 36, 5, ,20.50,-2590
2014/11/28, , , 40, 5, ,22.50,-2591
2014/11/29, , , 45, 9, ,27.00,-2592
2014/11/30, , , 34, 12, ,23.00,-2593
2014/12/1, , , 33, , ,33.00,-2594
2016/10/9, , , , , ,0.00,-2595
2016/10/10, , , , , ,0.00,-2596
2016/10/11, , , , , ,0.00,-2597
2016/10/12, , , , , ,0.00,-2598
2016/10/13, , , , , ,0.00,-2599
2016/10/14, , , , , ,0.00,-2600
2016/10/15, , , , 1, ,1.00,-2601
2016/10/16, , , , 1, ,1.00,-2602
2016/10/17, , , , 1, ,1.00,-2603
2016/10/18, , , , 2, ,2.00,-2604
2016/10/19, , , , 1, ,1.00,-2605
2016/10/20, , , , 1, ,1.00,-2606
2016/10/21, , , , 6, ,6.00,-2607
2016/10/22, , , , 2, ,2.00,-2608
2016/10/23, , , , 1, ,1.00,-2609
2016/10/24, , , , , ,0.00,-2610
2016/10/25, , , , 1, ,1.00,-2611
2016/10/26, , , , , ,0.00,-2612
2016/10/27, , , , , ,0.00,-2613
2016/10/28, , , , 1, ,1.00,-2614
2016/10/29, , , , 2, ,2.00,-2615
2016/10/30, , , , 1, ,1.00,-2616
2016/10/31, , , , , ,0.00,-2617
2016/11/1, , , , , ,0.00,-2618
2016/11/2, , , , , ,0.00,-2619
2016/11/3, , , , , ,0.00,-2620
2016/11/4, , , , 1, ,1.00,-2621
2016/11/5, , , , 1, ,1.00,-2622
2016/11/6, , , , , ,0.00,-2623
2016/11/7, , , , , ,0.00,-2624
2016/11/8, , , , 1, ,1.00,-2625
2015/1/1, , , , 7, ,7.00,-2626
2015/3/24, , , , 8, ,8.00,-2627
2015/3/25, , , , 1, ,1.00,-2628
2015/3/26, , , , 7, ,7.00,-2629
2015/3/27, , , , 2, ,2.00,-2630
2015/3/28, , , , 2, ,2.00,-2631
2015/3/29, , , , 4, ,4.00,-2632
2015/3/30, , , , 3, ,3.00,-2633
2015/3/31, , , , 4, ,4.00,-2634
2015/4/1, , , , 2, ,2.00,-2635
2014/11/1, , , , 5, ,5.00,-2636
